Period number,In-sample date range,Out-of-sample date range,MA1 length,Afastamento,Out-of-sample trades,Out-of-sample net profit (%),Out-of-sample max drawdown (%),Out-of-sample win rate (%),Processing time (seconds),normalized_period
1,2020-01-31 08:00:00 to 2020-02-14 08:00:00,2020-02-15 08:00:00 to 2020-02-17 08:00:00,65,0.02,3,-0.8490256020148264,8.655202654629297,33.33333333333333,198.92542815208435,71
2,2020-02-03 08:00:00 to 2020-02-17 08:00:00,2020-02-18 08:00:00 to 2020-02-20 08:00:00,95,0.044,1,-1.011751656191591,1.8004460895089178,0.0,199.80440664291385,73
3,2020-02-06 08:00:00 to 2020-02-20 08:00:00,2020-02-21 08:00:00 to 2020-02-23 08:00:00,95,0.044,0,0.0,0.0,0.0,203.19126510620117,75
4,2020-02-09 08:00:00 to 2020-02-23 08:00:00,2020-02-24 08:00:00 to 2020-02-26 08:00:00,95,0.044,1,-1.793987696455588,1.9394658613720748,0.0,201.0174779891968,76
5,2020-02-12 08:00:00 to 2020-02-26 08:00:00,2020-02-27 08:00:00 to 2020-02-29 08:00:00,30,0.046,1,1.7776106080206957,0.6846182271463701,100.0,206.51523566246033,77
6,2020-02-15 08:00:00 to 2020-02-29 08:00:00,2020-03-01 08:00:00 to 2020-03-03 08:00:00,30,0.044,0,0.0,0.0,0.0,206.7652208805084,79
7,2020-02-18 08:00:00 to 2020-03-03 08:00:00,2020-03-04 08:00:00 to 2020-03-06 08:00:00,40,0.038,0,0.0,0.0,0.0,203.7979991436005,81
8,2020-02-21 08:00:00 to 2020-03-06 08:00:00,2020-03-07 08:00:00 to 2020-03-09 08:00:00,45,0.022,1,-11.129178060727718,14.77264039577557,0.0,202.51291918754575,82
9,2020-02-24 08:00:00 to 2020-03-09 08:00:00,2020-03-10 08:00:00 to 2020-03-12 08:00:00,15,0.026,4,-0.7801788999337805,3.7831374683464305,50.0,205.53753972053528,83
10,2020-02-27 08:00:00 to 2020-03-12 08:00:00,2020-03-13 08:00:00 to 2020-03-15 08:00:00,10,0.078,2,18.686765038006197,13.02985957099436,100.0,203.0918357372284,85
11,2020-03-01 08:00:00 to 2020-03-15 08:00:00,2020-03-16 08:00:00 to 2020-03-18 08:00:00,25,0.058,1,2.3870234786971376,4.011770328411744,100.0,203.17086100578308,87
12,2020-03-04 08:00:00 to 2020-03-18 08:00:00,2020-03-19 08:00:00 to 2020-03-21 08:00:00,25,0.058,1,3.353267008046823,0.2584621494925873,100.0,205.04299807548523,88
13,2020-03-07 08:00:00 to 2020-03-21 08:00:00,2020-03-22 08:00:00 to 2020-03-24 08:00:00,25,0.058,0,0.0,0.0,0.0,213.78172087669373,89
14,2020-03-10 08:00:00 to 2020-03-24 08:00:00,2020-03-25 08:00:00 to 2020-03-27 08:00:00,265,0.08,0,0.0,0.0,0.0,213.02744507789612,91
15,2020-03-13 08:00:00 to 2020-03-27 08:00:00,2020-03-28 08:00:00 to 2020-03-30 08:00:00,300,0.052,1,2.249079218472471,1.4067964870876075,100.0,209.07356715202332,93
16,2020-03-16 08:00:00 to 2020-03-30 08:00:00,2020-03-31 08:00:00 to 2020-04-02 08:00:00,190,0.026,0,0.0,0.0,0.0,204.6666989326477,94
17,2020-03-19 08:00:00 to 2020-04-02 08:00:00,2020-04-03 08:00:00 to 2020-04-05 08:00:00,145,0.024,0,0.0,0.0,0.0,204.94323086738584,95
18,2020-03-22 08:00:00 to 2020-04-05 08:00:00,2020-04-06 08:00:00 to 2020-04-08 08:00:00,100,0.02,1,1.1085128644939868,0.751694306225653,100.0,198.4648299217224,97
19,2020-03-25 08:00:00 to 2020-04-08 08:00:00,2020-04-09 08:00:00 to 2020-04-11 08:00:00,270,0.02,1,-2.592639311557559,6.292708786582262,0.0,199.361052274704,99
20,2020-03-28 08:00:00 to 2020-04-11 08:00:00,2020-04-12 08:00:00 to 2020-04-14 08:00:00,100,0.02,1,0.5380122957061394,2.0608019438087877,100.0,195.20570397377017,100
21,2020-03-31 08:00:00 to 2020-04-14 08:00:00,2020-04-15 08:00:00 to 2020-04-17 08:00:00,300,0.044,1,2.5724806701031047,0.4016331679635206,100.0,195.57415390014648,101
22,2020-04-03 08:00:00 to 2020-04-17 08:00:00,2020-04-18 08:00:00 to 2020-04-20 08:00:00,105,0.028,0,0.0,0.0,0.0,201.20322012901303,103
23,2020-04-06 08:00:00 to 2020-04-20 08:00:00,2020-04-21 08:00:00 to 2020-04-23 08:00:00,105,0.028,1,0.7288865435356274,0.8400453393470827,100.0,200.7005558013916,105
24,2020-04-09 08:00:00 to 2020-04-23 08:00:00,2020-04-24 08:00:00 to 2020-04-26 08:00:00,125,0.024,1,1.9030681928884587,0.5982941842334183,100.0,200.4620611667633,106
25,2020-04-12 08:00:00 to 2020-04-26 08:00:00,2020-04-27 08:00:00 to 2020-04-29 08:00:00,100,0.022,1,2.175081848928985,0.5219949417084065,100.0,196.77692794799805,107
26,2020-04-15 08:00:00 to 2020-04-29 08:00:00,2020-04-30 08:00:00 to 2020-05-02 08:00:00,75,0.022,1,-1.41601858248956,5.465034314775909,0.0,196.1601860523224,109
27,2020-04-18 08:00:00 to 2020-05-02 08:00:00,2020-05-03 08:00:00 to 2020-05-05 08:00:00,115,0.02,1,-0.6339685835955606,5.877546737709082,0.0,199.662006855011,111
28,2020-04-21 08:00:00 to 2020-05-05 08:00:00,2020-05-06 08:00:00 to 2020-05-08 08:00:00,160,0.03,0,0.0,0.0,0.0,196.15020203590393,112
29,2020-04-24 08:00:00 to 2020-05-08 08:00:00,2020-05-09 08:00:00 to 2020-05-11 08:00:00,160,0.03,1,0.8620243042714356,7.743715567054875,100.0,197.92228889465332,113
30,2020-04-27 08:00:00 to 2020-05-11 08:00:00,2020-05-12 08:00:00 to 2020-05-14 08:00:00,290,0.03,0,0.0,0.0,0.0,201.51052904129028,115
31,2020-04-30 08:00:00 to 2020-05-14 08:00:00,2020-05-15 08:00:00 to 2020-05-17 08:00:00,285,0.028,0,0.0,0.0,0.0,199.8943989276886,117
32,2020-05-03 08:00:00 to 2020-05-17 08:00:00,2020-05-18 08:00:00 to 2020-05-20 08:00:00,85,0.02,1,0.9683421002838258,0.3298004867163621,100.0,198.83968210220337,118
33,2020-05-06 08:00:00 to 2020-05-20 08:00:00,2020-05-21 08:00:00 to 2020-05-23 08:00:00,60,0.02,1,-2.2392443593444114,5.999576718684107,0.0,200.86719608306885,119
34,2020-05-09 08:00:00 to 2020-05-23 08:00:00,2020-05-24 08:00:00 to 2020-05-26 08:00:00,80,0.02,1,-0.5208244212664976,4.050042951663267,0.0,199.42387008666992,121
35,2020-05-12 08:00:00 to 2020-05-26 08:00:00,2020-05-27 08:00:00 to 2020-05-29 08:00:00,295,0.026,0,0.0,0.0,0.0,198.6743540763855,123
36,2020-05-15 08:00:00 to 2020-05-29 08:00:00,2020-05-30 08:00:00 to 2020-06-01 08:00:00,295,0.026,0,0.0,0.0,0.0,202.82023072242737,124
37,2020-05-18 08:00:00 to 2020-06-01 08:00:00,2020-06-02 08:00:00 to 2020-06-04 08:00:00,145,0.034,1,5.776466400648551,1.6282362611728636,100.0,205.24835300445557,125
38,2020-05-21 08:00:00 to 2020-06-04 08:00:00,2020-06-05 08:00:00 to 2020-06-07 08:00:00,140,0.024,1,0.8668119718309754,0.7944472563239442,100.0,204.98534297943115,127
39,2020-05-24 08:00:00 to 2020-06-07 08:00:00,2020-06-08 08:00:00 to 2020-06-10 08:00:00,160,0.02,1,-1.3795850402679752,3.127853272834928,0.0,197.8812243938446,129
40,2020-05-27 08:00:00 to 2020-06-10 08:00:00,2020-06-11 08:00:00 to 2020-06-13 08:00:00,140,0.024,1,3.0386918308046553,4.541850108171644,100.0,201.55830121040344,130
41,2020-05-30 08:00:00 to 2020-06-13 08:00:00,2020-06-14 08:00:00 to 2020-06-16 08:00:00,130,0.032,1,0.1464861897425907,4.401595266122531,100.0,203.82184410095215,131
42,2020-06-02 08:00:00 to 2020-06-16 08:00:00,2020-06-17 08:00:00 to 2020-06-19 08:00:00,245,0.048,0,0.0,0.0,0.0,199.99181604385376,133
43,2020-06-05 08:00:00 to 2020-06-19 08:00:00,2020-06-20 08:00:00 to 2020-06-22 08:00:00,245,0.048,0,0.0,0.0,0.0,204.54783535003665,135
44,2020-06-08 08:00:00 to 2020-06-22 08:00:00,2020-06-23 08:00:00 to 2020-06-25 08:00:00,255,0.042,0,0.0,0.0,0.0,203.3353102207184,136
45,2020-06-11 08:00:00 to 2020-06-25 08:00:00,2020-06-26 08:00:00 to 2020-06-28 08:00:00,265,0.024,1,-2.7971442244246463,4.563311777217245,0.0,199.7562279701233,137
46,2020-06-14 08:00:00 to 2020-06-28 08:00:00,2020-06-29 08:00:00 to 2020-07-01 08:00:00,105,0.02,0,0.0,0.0,0.0,197.7002809047699,139
47,2020-06-17 08:00:00 to 2020-07-01 08:00:00,2020-07-02 08:00:00 to 2020-07-04 08:00:00,115,0.02,1,1.7397285429141631,0.5419560878243647,100.0,198.0646550655365,141
48,2020-06-20 08:00:00 to 2020-07-04 08:00:00,2020-07-05 08:00:00 to 2020-07-07 08:00:00,45,0.022,0,0.0,0.0,0.0,197.43181920051575,142
49,2020-06-23 08:00:00 to 2020-07-07 08:00:00,2020-07-08 08:00:00 to 2020-07-10 08:00:00,45,0.022,4,9.422114187436128,2.156055756033006,75.0,198.2128040790558,143
50,2020-06-26 08:00:00 to 2020-07-10 08:00:00,2020-07-11 08:00:00 to 2020-07-13 08:00:00,60,0.024,1,0.7068882497945742,1.3335985072112002,100.0,197.4006588459015,145
51,2020-06-29 08:00:00 to 2020-07-13 08:00:00,2020-07-14 08:00:00 to 2020-07-16 08:00:00,50,0.02,3,0.6110558274025607,3.500653443741932,66.66666666666666,197.12716579437256,147
52,2020-07-02 08:00:00 to 2020-07-16 08:00:00,2020-07-17 08:00:00 to 2020-07-19 08:00:00,115,0.032,1,0.782679913174161,0.7383534844894186,100.0,198.68184399604797,148
53,2020-07-05 08:00:00 to 2020-07-19 08:00:00,2020-07-20 08:00:00 to 2020-07-22 08:00:00,115,0.034,0,0.0,0.0,0.0,202.45734310150144,149
54,2020-07-08 08:00:00 to 2020-07-22 08:00:00,2020-07-23 08:00:00 to 2020-07-25 08:00:00,115,0.032,0,0.0,0.0,0.0,202.1831331253052,151
55,2020-07-11 08:00:00 to 2020-07-25 08:00:00,2020-07-26 08:00:00 to 2020-07-28 08:00:00,140,0.02,3,2.913879100836184,8.014084064969602,100.0,200.4470558166504,153
56,2020-07-14 08:00:00 to 2020-07-28 08:00:00,2020-07-29 08:00:00 to 2020-07-31 08:00:00,290,0.02,3,2.7790551546387725,0.5409411774996563,66.66666666666666,198.92609405517575,154
57,2020-07-17 08:00:00 to 2020-07-31 08:00:00,2020-08-01 08:00:00 to 2020-08-03 08:00:00,290,0.02,2,2.9290303069612853,3.538451367507754,50.0,198.8918080329895,155
58,2020-07-20 08:00:00 to 2020-08-03 08:00:00,2020-08-04 08:00:00 to 2020-08-06 08:00:00,290,0.02,0,0.0,0.0,0.0,202.2413308620453,157
59,2020-07-23 08:00:00 to 2020-08-06 08:00:00,2020-08-07 08:00:00 to 2020-08-09 08:00:00,290,0.02,1,2.9159795201154703,1.5246781544778916,100.0,203.0089910030365,159
60,2020-07-26 08:00:00 to 2020-08-09 08:00:00,2020-08-10 08:00:00 to 2020-08-12 08:00:00,125,0.02,2,-3.740665288015971,8.7219384862316,50.0,200.8753960132599,160
61,2020-07-29 08:00:00 to 2020-08-12 08:00:00,2020-08-13 08:00:00 to 2020-08-15 08:00:00,185,0.04,0,0.0,0.0,0.0,199.60545921325684,161
62,2020-08-01 08:00:00 to 2020-08-15 08:00:00,2020-08-16 08:00:00 to 2020-08-18 08:00:00,30,0.02,0,0.0,0.0,0.0,200.0469298362732,163
63,2020-08-04 08:00:00 to 2020-08-18 08:00:00,2020-08-19 08:00:00 to 2020-08-21 08:00:00,50,0.032,1,1.3907875599566797,0.6590917255922293,100.0,197.96496295928955,165
64,2020-08-07 08:00:00 to 2020-08-21 08:00:00,2020-08-22 08:00:00 to 2020-08-24 08:00:00,30,0.022,1,0.0046604765817573,0.7797076417419885,100.0,200.16628408432007,166
65,2020-08-10 08:00:00 to 2020-08-24 08:00:00,2020-08-25 08:00:00 to 2020-08-27 08:00:00,85,0.04,1,0.2378054602709562,5.636399903922606,100.0,201.2952480316162,167
66,2020-08-13 08:00:00 to 2020-08-27 08:00:00,2020-08-28 08:00:00 to 2020-08-30 08:00:00,60,0.044,0,0.0,0.0,0.0,201.5349681377411,169
67,2020-08-16 08:00:00 to 2020-08-30 08:00:00,2020-08-31 08:00:00 to 2020-09-02 08:00:00,280,0.042,0,0.0,0.0,0.0,203.9805588722229,171
68,2020-08-19 08:00:00 to 2020-09-02 08:00:00,2020-09-03 08:00:00 to 2020-09-05 08:00:00,65,0.044,1,-0.894457271978954,7.0860765990657155,0.0,204.8582170009613,172
69,2020-08-22 08:00:00 to 2020-09-05 08:00:00,2020-09-06 08:00:00 to 2020-09-08 08:00:00,10,0.022,1,0.6514866976112352,0.7988530618284083,100.0,206.4314513206482,173
70,2020-08-25 08:00:00 to 2020-09-08 08:00:00,2020-09-09 08:00:00 to 2020-09-11 08:00:00,30,0.03,0,0.0,0.0,0.0,206.39213585853577,175
71,2020-08-28 08:00:00 to 2020-09-11 08:00:00,2020-09-12 08:00:00 to 2020-09-14 08:00:00,15,0.024,0,0.0,0.0,0.0,205.72680616378784,177
72,2020-08-31 08:00:00 to 2020-09-14 08:00:00,2020-09-15 08:00:00 to 2020-09-17 08:00:00,15,0.024,0,0.0,0.0,0.0,207.40333890914917,178
73,2020-09-03 08:00:00 to 2020-09-17 08:00:00,2020-09-18 08:00:00 to 2020-09-20 08:00:00,235,0.02,1,1.3585573770491646,0.4970900382301268,100.0,207.48032784461975,179
74,2020-09-06 08:00:00 to 2020-09-20 08:00:00,2020-09-21 08:00:00 to 2020-09-23 08:00:00,110,0.028,1,-2.8673143167293165,7.22988999235713,0.0,199.0168912410736,181
75,2020-09-09 08:00:00 to 2020-09-23 08:00:00,2020-09-24 08:00:00 to 2020-09-26 08:00:00,105,0.078,0,0.0,0.0,0.0,200.3233418464661,183
76,2020-09-12 08:00:00 to 2020-09-26 08:00:00,2020-09-27 08:00:00 to 2020-09-29 08:00:00,205,0.058,0,0.0,0.0,0.0,202.4608278274536,184
77,2020-09-15 08:00:00 to 2020-09-29 08:00:00,2020-09-30 08:00:00 to 2020-10-02 08:00:00,205,0.058,0,0.0,0.0,0.0,199.9958610534668,185
78,2020-09-18 08:00:00 to 2020-10-02 08:00:00,2020-10-03 08:00:00 to 2020-10-05 08:00:00,100,0.03,0,0.0,0.0,0.0,203.3275933265686,187
79,2020-09-21 08:00:00 to 2020-10-05 08:00:00,2020-10-06 08:00:00 to 2020-10-08 08:00:00,255,0.022,1,-1.4833746312536096,3.695780030329526,0.0,199.47235798835752,189
80,2020-09-24 08:00:00 to 2020-10-08 08:00:00,2020-10-09 08:00:00 to 2020-10-11 08:00:00,295,0.02,0,0.0,0.0,0.0,201.22598719596863,190
81,2020-09-27 08:00:00 to 2020-10-11 08:00:00,2020-10-12 08:00:00 to 2020-10-14 08:00:00,100,0.03,1,1.428533720930245,0.322352922166689,100.0,203.76179003715515,191
82,2020-09-30 08:00:00 to 2020-10-14 08:00:00,2020-10-15 08:00:00 to 2020-10-17 08:00:00,200,0.03,1,0.0312945583161126,1.9722824265783012,100.0,197.07365679740903,193
83,2020-10-03 08:00:00 to 2020-10-17 08:00:00,2020-10-18 08:00:00 to 2020-10-20 08:00:00,265,0.03,0,0.0,0.0,0.0,200.3384609222412,195
84,2020-10-06 08:00:00 to 2020-10-20 08:00:00,2020-10-21 08:00:00 to 2020-10-23 08:00:00,70,0.03,0,0.0,0.0,0.0,192.36184430122375,196
85,2020-10-09 08:00:00 to 2020-10-23 08:00:00,2020-10-24 08:00:00 to 2020-10-26 08:00:00,230,0.02,1,-0.5014206445586024,1.310812599429039,0.0,194.67294597625732,197
86,2020-10-12 08:00:00 to 2020-10-26 08:00:00,2020-10-27 08:00:00 to 2020-10-29 08:00:00,140,0.03,1,1.240066927736243,2.243677994077473,100.0,195.4939980506897,199
87,2020-10-15 08:00:00 to 2020-10-29 08:00:00,2020-10-30 08:00:00 to 2020-11-01 08:00:00,160,0.03,1,1.3714635669478412,2.9496984703005804,100.0,194.5380721092224,201
88,2020-10-18 08:00:00 to 2020-11-01 08:00:00,2020-11-02 08:00:00 to 2020-11-04 08:00:00,155,0.03,1,2.572698658881309,3.053397296844224,100.0,197.60953426361084,202
89,2020-10-21 08:00:00 to 2020-11-04 08:00:00,2020-11-05 08:00:00 to 2020-11-07 08:00:00,155,0.03,0,0.0,0.0,0.0,198.461993932724,203
90,2020-10-24 08:00:00 to 2020-11-07 08:00:00,2020-11-08 08:00:00 to 2020-11-10 08:00:00,155,0.03,2,4.425414986969099,0.5036624606171424,100.0,204.1585099697113,205
91,2020-10-27 08:00:00 to 2020-11-10 08:00:00,2020-11-11 08:00:00 to 2020-11-13 08:00:00,270,0.032,1,1.431373980582539,0.2660413225655478,100.0,200.9736759662628,207
92,2020-10-30 08:00:00 to 2020-11-13 08:00:00,2020-11-14 08:00:00 to 2020-11-16 08:00:00,250,0.02,2,1.6349037132030757,2.6609405922119955,50.0,199.9378297328949,208
93,2020-11-02 08:00:00 to 2020-11-16 08:00:00,2020-11-17 08:00:00 to 2020-11-19 08:00:00,250,0.02,2,1.5243646911539326,0.8670904055744951,50.0,200.14432096481323,209
94,2020-11-05 08:00:00 to 2020-11-19 08:00:00,2020-11-20 08:00:00 to 2020-11-22 08:00:00,300,0.022,0,0.0,0.0,0.0,198.78393816947937,211
95,2020-11-08 08:00:00 to 2020-11-22 08:00:00,2020-11-23 08:00:00 to 2020-11-25 08:00:00,95,0.02,4,8.644560072364348,1.4395484809072026,75.0,194.87009572982788,213
96,2020-11-11 08:00:00 to 2020-11-25 08:00:00,2020-11-26 08:00:00 to 2020-11-28 08:00:00,75,0.026,2,-9.028299338633897,18.113600808988387,50.0,199.88135385513303,214
97,2020-11-14 08:00:00 to 2020-11-28 08:00:00,2020-11-29 08:00:00 to 2020-12-01 08:00:00,15,0.02,2,1.466048392384946,1.3204069763450117,100.0,200.2356698513031,215
98,2020-11-17 08:00:00 to 2020-12-01 08:00:00,2020-12-02 08:00:00 to 2020-12-04 08:00:00,15,0.026,0,0.0,0.0,0.0,203.56820392608645,217
99,2020-11-20 08:00:00 to 2020-12-04 08:00:00,2020-12-05 08:00:00 to 2020-12-07 08:00:00,15,0.026,0,0.0,0.0,0.0,208.5530652999878,219
100,2020-11-23 08:00:00 to 2020-12-07 08:00:00,2020-12-08 08:00:00 to 2020-12-10 08:00:00,290,0.024,1,-3.560394197015721,11.719448146612873,0.0,208.28000211715695,220
101,2020-11-26 08:00:00 to 2020-12-10 08:00:00,2020-12-11 08:00:00 to 2020-12-13 08:00:00,40,0.022,1,0.4624658506554624,1.067014330517781,100.0,205.4940321445465,221
102,2020-11-29 08:00:00 to 2020-12-13 08:00:00,2020-12-14 08:00:00 to 2020-12-16 08:00:00,40,0.022,1,0.9448151963079544,0.3560053448003149,100.0,205.1579277515411,223
103,2020-12-02 08:00:00 to 2020-12-16 08:00:00,2020-12-17 08:00:00 to 2020-12-19 08:00:00,245,0.068,0,0.0,0.0,0.0,204.67170095443728,225
104,2020-12-05 08:00:00 to 2020-12-19 08:00:00,2020-12-20 08:00:00 to 2020-12-22 08:00:00,120,0.05,1,1.5844429133858289,1.8033059873564965,100.0,201.19555711746216,226
105,2020-12-08 08:00:00 to 2020-12-22 08:00:00,2020-12-23 08:00:00 to 2020-12-25 08:00:00,165,0.022,1,-0.7242556007775602,10.807753481441416,0.0,201.37569999694824,227
106,2020-12-11 08:00:00 to 2020-12-25 08:00:00,2020-12-26 08:00:00 to 2020-12-28 08:00:00,35,0.02,3,4.992413726761788,2.6622904010897295,100.0,204.5286419391632,229
107,2020-12-14 08:00:00 to 2020-12-28 08:00:00,2020-12-29 08:00:00 to 2020-12-31 08:00:00,180,0.024,1,1.0521696113074177,1.9318216152146468,0.0,204.7314841747284,231
108,2020-12-17 08:00:00 to 2020-12-31 08:00:00,2021-01-01 08:00:00 to 2021-01-03 08:00:00,35,0.02,3,1.2230533795627343,2.928774483365091,66.66666666666666,207.7907109260559,232
109,2020-12-20 08:00:00 to 2021-01-03 08:00:00,2021-01-04 08:00:00 to 2021-01-06 08:00:00,35,0.02,2,5.509805843640079,7.315486572918775,100.0,207.12564492225647,233
110,2020-12-23 08:00:00 to 2021-01-06 08:00:00,2021-01-07 08:00:00 to 2021-01-09 08:00:00,45,0.02,4,4.089884040465567,11.938010995059065,75.0,201.0492568016052,235
111,2020-12-26 08:00:00 to 2021-01-09 08:00:00,2021-01-10 08:00:00 to 2021-01-12 08:00:00,60,0.02,2,-10.996134347956376,21.49093996658429,0.0,203.37264108657837,237
112,2020-12-29 08:00:00 to 2021-01-12 08:00:00,2021-01-13 08:00:00 to 2021-01-15 08:00:00,55,0.058,0,0.0,0.0,0.0,205.12791109085083,238
113,2021-01-01 08:00:00 to 2021-01-15 08:00:00,2021-01-16 08:00:00 to 2021-01-18 08:00:00,55,0.058,0,0.0,0.0,0.0,209.04285192489624,239
114,2021-01-04 08:00:00 to 2021-01-18 08:00:00,2021-01-19 08:00:00 to 2021-01-21 08:00:00,55,0.058,1,1.9042237724870936,1.348712084089176,100.0,213.04879903793335,241
115,2021-01-07 08:00:00 to 2021-01-21 08:00:00,2021-01-22 08:00:00 to 2021-01-24 08:00:00,55,0.062,1,7.140570202350646,2.515648681339917,100.0,206.37764406204224,243
116,2021-01-10 08:00:00 to 2021-01-24 08:00:00,2021-01-25 08:00:00 to 2021-01-27 08:00:00,40,0.036,1,0.2626761634539434,1.706621582797482,100.0,207.69397902488708,244
117,2021-01-13 08:00:00 to 2021-01-27 08:00:00,2021-01-28 08:00:00 to 2021-01-30 08:00:00,25,0.02,3,5.746063802335575,1.1485543971040209,100.0,208.78629279136655,245
118,2021-01-16 08:00:00 to 2021-01-30 08:00:00,2021-01-31 08:00:00 to 2021-02-02 08:00:00,25,0.02,5,4.189427442124616,1.1953158822827,100.0,209.08858394622803,247
119,2021-01-19 08:00:00 to 2021-02-02 08:00:00,2021-02-03 08:00:00 to 2021-02-05 08:00:00,35,0.02,3,2.4336791328406253,1.784379246882001,100.0,207.17660999298096,249
120,2021-01-22 08:00:00 to 2021-02-05 08:00:00,2021-02-06 08:00:00 to 2021-02-08 08:00:00,35,0.02,2,-2.6187169618329063,8.302720929072951,50.0,206.06097626686096,250
121,2021-01-25 08:00:00 to 2021-02-08 08:00:00,2021-02-09 08:00:00 to 2021-02-11 08:00:00,120,0.02,1,1.6881017617787986,0.6450041123410096,100.0,202.30490279197693,251
122,2021-01-28 08:00:00 to 2021-02-11 08:00:00,2021-02-12 08:00:00 to 2021-02-14 08:00:00,15,0.02,5,2.9983147786107835,2.879090399857614,100.0,198.89260911941528,253
123,2021-01-31 08:00:00 to 2021-02-14 08:00:00,2021-02-15 08:00:00 to 2021-02-17 08:00:00,15,0.02,6,1.917352450756116,9.607788360598732,83.33333333333334,196.6709761619568,255
124,2021-02-03 08:00:00 to 2021-02-17 08:00:00,2021-02-18 08:00:00 to 2021-02-20 08:00:00,100,0.03,1,1.1679968142933466,0.796268599983593,100.0,199.97955298423767,256
125,2021-02-06 08:00:00 to 2021-02-20 08:00:00,2021-02-21 08:00:00 to 2021-02-23 08:00:00,25,0.022,8,6.50290957616462,8.51943004953606,87.5,205.2576560974121,257
126,2021-02-09 08:00:00 to 2021-02-23 08:00:00,2021-02-24 08:00:00 to 2021-02-26 08:00:00,25,0.02,4,5.323051946944961,4.747064210278687,50.0,211.0877571105957,259
127,2021-02-12 08:00:00 to 2021-02-26 08:00:00,2021-02-27 08:00:00 to 2021-03-01 08:00:00,100,0.034,1,0.3219565783741382,9.050138271401485,100.0,210.84737586975095,261
128,2021-02-15 08:00:00 to 2021-03-01 08:00:00,2021-03-02 08:00:00 to 2021-03-04 08:00:00,20,0.03,2,0.0474197750668645,1.2620990796801983,50.0,209.8234040737152,262
129,2021-02-18 08:00:00 to 2021-03-04 08:00:00,2021-03-05 08:00:00 to 2021-03-07 08:00:00,20,0.03,1,-0.0347371111818574,1.1527125976141903,0.0,218.32897305488584,263
130,2021-02-21 08:00:00 to 2021-03-07 08:00:00,2021-03-08 08:00:00 to 2021-03-10 08:00:00,255,0.02,0,0.0,0.0,0.0,218.31661891937256,265
131,2021-02-24 08:00:00 to 2021-03-10 08:00:00,2021-03-11 08:00:00 to 2021-03-13 08:00:00,255,0.02,1,-4.1733623872756285,10.125084193274088,0.0,212.9128680229187,267
132,2021-02-27 08:00:00 to 2021-03-13 08:00:00,2021-03-14 08:00:00 to 2021-03-16 08:00:00,90,0.054,0,0.0,0.0,0.0,210.5430669784546,268
133,2021-03-02 08:00:00 to 2021-03-16 08:00:00,2021-03-17 08:00:00 to 2021-03-19 08:00:00,275,0.02,2,3.076618567485166,3.3472751243951153,50.0,206.40344405174255,269
134,2021-03-05 08:00:00 to 2021-03-19 08:00:00,2021-03-20 08:00:00 to 2021-03-22 08:00:00,270,0.06,1,-1.1349080751127802,3.8197466818512,0.0,203.48033094406128,271
135,2021-03-08 08:00:00 to 2021-03-22 08:00:00,2021-03-23 08:00:00 to 2021-03-25 08:00:00,145,0.042,2,4.32134673841554,1.15265695682897,100.0,204.04364204406735,273
136,2021-03-11 08:00:00 to 2021-03-25 08:00:00,2021-03-26 08:00:00 to 2021-03-28 08:00:00,145,0.04,0,0.0,0.0,0.0,205.0554699897766,274
137,2021-03-14 08:00:00 to 2021-03-28 08:00:00,2021-03-29 08:00:00 to 2021-03-31 08:00:00,150,0.032,0,0.0,0.0,0.0,209.35759782791135,275
138,2021-03-17 08:00:00 to 2021-03-31 08:00:00,2021-04-01 08:00:00 to 2021-04-03 08:00:00,160,0.024,0,0.0,0.0,0.0,203.3083140850067,277
139,2021-03-20 08:00:00 to 2021-04-03 08:00:00,2021-04-04 08:00:00 to 2021-04-06 08:00:00,280,0.024,1,1.35531195551117,0.9204670625221693,100.0,207.0221643447876,279
140,2021-03-23 08:00:00 to 2021-04-06 08:00:00,2021-04-07 08:00:00 to 2021-04-09 08:00:00,165,0.022,1,1.243858014085381,3.083086784697271,100.0,197.4735102653503,280
141,2021-03-26 08:00:00 to 2021-04-09 08:00:00,2021-04-10 08:00:00 to 2021-04-12 08:00:00,55,0.02,0,0.0,0.0,0.0,196.6944899559021,281
142,2021-03-29 08:00:00 to 2021-04-12 08:00:00,2021-04-13 08:00:00 to 2021-04-15 08:00:00,55,0.02,2,2.125384671943848,5.791593135748499,100.0,198.6592140197754,283
143,2021-04-01 08:00:00 to 2021-04-15 08:00:00,2021-04-16 08:00:00 to 2021-04-18 08:00:00,80,0.02,2,-7.8959555856426595,14.910419713606686,50.0,197.38734793663025,285
144,2021-04-04 08:00:00 to 2021-04-18 08:00:00,2021-04-19 08:00:00 to 2021-04-21 08:00:00,35,0.036,2,2.607944067062563,3.269739192827655,100.0,202.40740203857425,286
145,2021-04-07 08:00:00 to 2021-04-21 08:00:00,2021-04-22 08:00:00 to 2021-04-24 08:00:00,60,0.032,2,-5.7504397544036685,15.225513608007285,50.0,201.9420211315155,287
146,2021-04-10 08:00:00 to 2021-04-24 08:00:00,2021-04-25 08:00:00 to 2021-04-27 08:00:00,255,0.08,0,0.0,0.0,0.0,209.5140430927277,289
147,2021-04-13 08:00:00 to 2021-04-27 08:00:00,2021-04-28 08:00:00 to 2021-04-30 08:00:00,230,0.076,0,0.0,0.0,0.0,212.06498980522156,291
148,2021-04-16 08:00:00 to 2021-04-30 08:00:00,2021-05-01 08:00:00 to 2021-05-03 08:00:00,180,0.076,0,0.0,0.0,0.0,210.20268630981445,292
149,2021-04-19 08:00:00 to 2021-05-03 08:00:00,2021-05-04 08:00:00 to 2021-05-06 08:00:00,65,0.02,3,4.226015767819553,2.408198184020193,100.0,206.18091297149655,293
150,2021-04-22 08:00:00 to 2021-05-06 08:00:00,2021-05-07 08:00:00 to 2021-05-09 08:00:00,95,0.02,2,2.1273090052766204,4.489906398747817,100.0,204.51367092132568,295
151,2021-04-25 08:00:00 to 2021-05-09 08:00:00,2021-05-10 08:00:00 to 2021-05-12 08:00:00,40,0.02,6,7.769474817820064,1.5676059966402085,100.0,197.2864282131195,297
152,2021-04-28 08:00:00 to 2021-05-12 08:00:00,2021-05-13 08:00:00 to 2021-05-15 08:00:00,30,0.02,4,6.1125725936037085,1.2928382727492729,100.0,202.75136709213257,298
153,2021-05-01 08:00:00 to 2021-05-15 08:00:00,2021-05-16 08:00:00 to 2021-05-18 08:00:00,30,0.02,3,-2.224309666331628,11.247340558813104,33.33333333333333,198.60031390190125,299
154,2021-05-04 08:00:00 to 2021-05-18 08:00:00,2021-05-19 08:00:00 to 2021-05-21 08:00:00,40,0.02,8,-10.181334607448337,41.835206789727145,50.0,204.16406297683716,301
155,2021-05-07 08:00:00 to 2021-05-21 08:00:00,2021-05-22 08:00:00 to 2021-05-24 08:00:00,45,0.068,2,-1.157503969409554,16.435013036547996,50.0,213.7575197219849,303
156,2021-05-10 08:00:00 to 2021-05-24 08:00:00,2021-05-25 08:00:00 to 2021-05-27 08:00:00,15,0.048,0,0.0,0.0,0.0,219.32598280906677,304
157,2021-05-13 08:00:00 to 2021-05-27 08:00:00,2021-05-28 08:00:00 to 2021-05-30 08:00:00,15,0.048,0,0.0,0.0,0.0,214.90179204940796,305
158,2021-05-16 08:00:00 to 2021-05-30 08:00:00,2021-05-31 08:00:00 to 2021-06-02 08:00:00,50,0.074,0,0.0,0.0,0.0,217.68753480911255,307
159,2021-05-19 08:00:00 to 2021-06-02 08:00:00,2021-06-03 08:00:00 to 2021-06-05 08:00:00,20,0.062,0,0.0,0.0,0.0,212.64450883865356,309
160,2021-05-22 08:00:00 to 2021-06-05 08:00:00,2021-06-06 08:00:00 to 2021-06-08 08:00:00,130,0.056,1,1.693993502599278,3.802351398872416,0.0,205.2991049289703,310
161,2021-05-25 08:00:00 to 2021-06-08 08:00:00,2021-06-09 08:00:00 to 2021-06-11 08:00:00,15,0.024,1,0.4136389514100301,0.58102250761287,100.0,206.54826498031616,311
162,2021-05-28 08:00:00 to 2021-06-11 08:00:00,2021-06-12 08:00:00 to 2021-06-14 08:00:00,15,0.02,1,-0.1918380368098223,1.2225355255994703,0.0,205.47952580451965,313
163,2021-05-31 08:00:00 to 2021-06-14 08:00:00,2021-06-15 08:00:00 to 2021-06-17 08:00:00,300,0.06,0,0.0,0.0,0.0,208.8183057308197,315
164,2021-06-03 08:00:00 to 2021-06-17 08:00:00,2021-06-18 08:00:00 to 2021-06-20 08:00:00,225,0.06,1,0.61914382720508,2.223309413268884,0.0,206.1143651008606,316
165,2021-06-06 08:00:00 to 2021-06-20 08:00:00,2021-06-21 08:00:00 to 2021-06-23 08:00:00,220,0.052,2,-1.0390838194049683,21.760471244281103,50.0,206.78438305854797,317
166,2021-06-09 08:00:00 to 2021-06-23 08:00:00,2021-06-24 08:00:00 to 2021-06-26 08:00:00,20,0.03,2,1.774355519434739,1.430015630848112,100.0,204.6794559955597,319
167,2021-06-12 08:00:00 to 2021-06-26 08:00:00,2021-06-27 08:00:00 to 2021-06-29 08:00:00,20,0.03,0,0.0,0.0,0.0,205.52817606925964,321
168,2021-06-15 08:00:00 to 2021-06-29 08:00:00,2021-06-30 08:00:00 to 2021-07-02 08:00:00,20,0.03,0,0.0,0.0,0.0,206.25755882263184,322
169,2021-06-18 08:00:00 to 2021-07-02 08:00:00,2021-07-03 08:00:00 to 2021-07-05 08:00:00,20,0.03,0,0.0,0.0,0.0,207.12416076660156,323
170,2021-06-21 08:00:00 to 2021-07-05 08:00:00,2021-07-06 08:00:00 to 2021-07-08 08:00:00,115,0.02,1,-1.4266790163515362,1.5843647185426752,0.0,206.38044714927673,325
171,2021-06-24 08:00:00 to 2021-07-08 08:00:00,2021-07-09 08:00:00 to 2021-07-11 08:00:00,235,0.02,1,3.636073853108137,1.828906963556565,100.0,200.2162778377533,327
172,2021-06-27 08:00:00 to 2021-07-11 08:00:00,2021-07-12 08:00:00 to 2021-07-14 08:00:00,235,0.02,1,-5.193419065873986,6.779808310151742,0.0,196.52956199645996,328
173,2021-06-30 08:00:00 to 2021-07-14 08:00:00,2021-07-15 08:00:00 to 2021-07-17 08:00:00,240,0.044,1,-0.8789873010497832,2.6458834596198035,0.0,199.13765406608584,329
174,2021-07-03 08:00:00 to 2021-07-17 08:00:00,2021-07-18 08:00:00 to 2021-07-20 08:00:00,215,0.044,1,-2.7748932618357687,3.861140413319472,0.0,201.9683222770691,331
175,2021-07-06 08:00:00 to 2021-07-20 08:00:00,2021-07-21 08:00:00 to 2021-07-23 08:00:00,135,0.052,0,0.0,0.0,0.0,203.39631366729736,333
176,2021-07-09 08:00:00 to 2021-07-23 08:00:00,2021-07-24 08:00:00 to 2021-07-26 08:00:00,245,0.058,0,0.0,0.0,0.0,200.2107162475586,334
177,2021-07-12 08:00:00 to 2021-07-26 08:00:00,2021-07-27 08:00:00 to 2021-07-29 08:00:00,190,0.05,1,2.828535647049194,0.5540673915160871,100.0,201.8736388683319,335
178,2021-07-15 08:00:00 to 2021-07-29 08:00:00,2021-07-30 08:00:00 to 2021-08-01 08:00:00,220,0.02,1,0.9737442083399948,0.5007373182150074,100.0,200.56883192062375,337
179,2021-07-18 08:00:00 to 2021-08-01 08:00:00,2021-08-02 08:00:00 to 2021-08-04 08:00:00,215,0.02,2,3.414506451975685,2.587082367026489,100.0,202.1549561023712,339
180,2021-07-21 08:00:00 to 2021-08-04 08:00:00,2021-08-05 08:00:00 to 2021-08-07 08:00:00,225,0.02,0,0.0,0.0,0.0,199.77745580673215,340
181,2021-07-24 08:00:00 to 2021-08-07 08:00:00,2021-08-08 08:00:00 to 2021-08-10 08:00:00,225,0.02,2,2.420343651193725,0.7435234707800308,100.0,202.85459089279175,341
182,2021-07-27 08:00:00 to 2021-08-10 08:00:00,2021-08-11 08:00:00 to 2021-08-13 08:00:00,120,0.02,3,4.612401259254893,4.219127147904705,100.0,199.43434309959412,343
183,2021-07-30 08:00:00 to 2021-08-13 08:00:00,2021-08-14 08:00:00 to 2021-08-16 08:00:00,120,0.02,1,2.9600337593296353,3.091763182234162,100.0,196.32594895362857,345
184,2021-08-02 08:00:00 to 2021-08-16 08:00:00,2021-08-17 08:00:00 to 2021-08-19 08:00:00,40,0.022,2,0.950043517033464,6.056046936672944,50.0,195.9682366847992,346
185,2021-08-05 08:00:00 to 2021-08-19 08:00:00,2021-08-20 08:00:00 to 2021-08-22 08:00:00,25,0.02,2,1.2010919789941363,0.827730016599467,100.0,199.34811115264893,347
186,2021-08-08 08:00:00 to 2021-08-22 08:00:00,2021-08-23 08:00:00 to 2021-08-25 08:00:00,25,0.02,3,1.3959514783364648,3.317141645114041,66.66666666666666,198.6869659423828,349
187,2021-08-11 08:00:00 to 2021-08-25 08:00:00,2021-08-26 08:00:00 to 2021-08-28 08:00:00,25,0.02,2,-1.1787961634001658,3.1478015047258596,50.0,204.43279480934143,351
188,2021-08-14 08:00:00 to 2021-08-28 08:00:00,2021-08-29 08:00:00 to 2021-08-31 08:00:00,90,0.022,3,2.668484932133706,1.2678740938052604,100.0,200.3326060771942,352
189,2021-08-17 08:00:00 to 2021-08-31 08:00:00,2021-09-01 08:00:00 to 2021-09-03 08:00:00,90,0.022,2,1.7109586032580777,0.5686818490609394,50.0,198.66077589988708,353
190,2021-08-20 08:00:00 to 2021-09-03 08:00:00,2021-09-04 08:00:00 to 2021-09-06 08:00:00,90,0.022,1,0.3938355304457036,0.7697256748273866,100.0,200.70192694664,355
191,2021-08-23 08:00:00 to 2021-09-06 08:00:00,2021-09-07 08:00:00 to 2021-09-09 08:00:00,100,0.022,2,-4.67276880844247,17.06766825088802,50.0,201.06358122825625,357
192,2021-08-26 08:00:00 to 2021-09-09 08:00:00,2021-09-10 08:00:00 to 2021-09-12 08:00:00,40,0.042,2,1.1037802172112423,1.7998416453417108,50.0,198.18309569358823,358
193,2021-08-29 08:00:00 to 2021-09-12 08:00:00,2021-09-13 08:00:00 to 2021-09-15 08:00:00,35,0.044,1,-0.5968352513469108,3.527419635095121,0.0,202.618173122406,359
194,2021-09-01 08:00:00 to 2021-09-15 08:00:00,2021-09-16 08:00:00 to 2021-09-18 08:00:00,65,0.056,0,0.0,0.0,0.0,205.28384518623352,361
195,2021-09-04 08:00:00 to 2021-09-18 08:00:00,2021-09-19 08:00:00 to 2021-09-21 08:00:00,65,0.056,1,0.58736592033938,3.6374684235635297,100.0,209.57713198661804,363
196,2021-09-07 08:00:00 to 2021-09-21 08:00:00,2021-09-22 08:00:00 to 2021-09-24 08:00:00,20,0.038,0,0.0,0.0,0.0,208.13221096992493,364
197,2021-09-10 08:00:00 to 2021-09-24 08:00:00,2021-09-25 08:00:00 to 2021-09-27 08:00:00,10,0.02,0,0.0,0.0,0.0,207.15977597236633,365
198,2021-09-13 08:00:00 to 2021-09-27 08:00:00,2021-09-28 08:00:00 to 2021-09-30 08:00:00,75,0.032,1,0.6740344928383456,1.3776406076880074,100.0,203.67985606193545,367
199,2021-09-16 08:00:00 to 2021-09-30 08:00:00,2021-10-01 08:00:00 to 2021-10-03 08:00:00,75,0.032,0,0.0,0.0,0.0,202.84872198104856,369
200,2021-09-19 08:00:00 to 2021-10-03 08:00:00,2021-10-04 08:00:00 to 2021-10-06 08:00:00,110,0.032,1,0.2767305493299318,0.8860658681275798,100.0,207.0412871837616,370
201,2021-09-22 08:00:00 to 2021-10-06 08:00:00,2021-10-07 08:00:00 to 2021-10-09 08:00:00,145,0.034,0,0.0,0.0,0.0,203.6596760749817,371
202,2021-09-25 08:00:00 to 2021-10-09 08:00:00,2021-10-10 08:00:00 to 2021-10-12 08:00:00,285,0.02,1,-2.132556966049324,5.225772338484814,0.0,199.09390783309937,373
203,2021-09-28 08:00:00 to 2021-10-12 08:00:00,2021-10-13 08:00:00 to 2021-10-15 08:00:00,145,0.02,1,0.8191905516347288,0.3871939151793512,100.0,197.19311618804932,375
204,2021-10-01 08:00:00 to 2021-10-15 08:00:00,2021-10-16 08:00:00 to 2021-10-18 08:00:00,240,0.02,1,0.6392504871318851,1.1512750456410183,0.0,198.3343181610107,376
205,2021-10-04 08:00:00 to 2021-10-18 08:00:00,2021-10-19 08:00:00 to 2021-10-21 08:00:00,170,0.02,0,0.0,0.0,0.0,197.01637506484985,377
206,2021-10-07 08:00:00 to 2021-10-21 08:00:00,2021-10-22 08:00:00 to 2021-10-24 08:00:00,165,0.028,1,0.4345213389121272,0.6173947345523512,100.0,197.9304802417755,379
207,2021-10-10 08:00:00 to 2021-10-24 08:00:00,2021-10-25 08:00:00 to 2021-10-27 08:00:00,170,0.02,1,-3.864498675496689,3.864498675496689,0.0,196.00138998031616,381
208,2021-10-13 08:00:00 to 2021-10-27 08:00:00,2021-10-28 08:00:00 to 2021-10-30 08:00:00,50,0.026,0,0.0,0.0,0.0,197.12720894813535,382
209,2021-10-16 08:00:00 to 2021-10-30 08:00:00,2021-10-31 08:00:00 to 2021-11-02 08:00:00,295,0.026,1,0.8820018552875626,1.2813671208012436,100.0,198.5692160129547,383
210,2021-10-19 08:00:00 to 2021-11-02 08:00:00,2021-11-03 08:00:00 to 2021-11-05 08:00:00,295,0.026,1,0.6143930846223884,0.6328096536323963,0.0,202.61546802520752,385
211,2021-10-22 08:00:00 to 2021-11-05 08:00:00,2021-11-06 08:00:00 to 2021-11-08 08:00:00,295,0.028,1,0.5599670290771428,1.7648566174627964,100.0,201.9049530029297,387
212,2021-10-25 08:00:00 to 2021-11-08 08:00:00,2021-11-09 08:00:00 to 2021-11-11 08:00:00,260,0.024,1,-0.85097555225806,5.046919134472921,0.0,198.6700508594513,388
213,2021-10-28 08:00:00 to 2021-11-11 08:00:00,2021-11-12 08:00:00 to 2021-11-14 08:00:00,105,0.034,0,0.0,0.0,0.0,197.6761598587036,389
214,2021-10-31 08:00:00 to 2021-11-14 08:00:00,2021-11-15 08:00:00 to 2021-11-17 08:00:00,105,0.032,2,5.01574535197913,4.556925089857054,50.0,196.61331415176392,391
215,2021-11-03 08:00:00 to 2021-11-17 08:00:00,2021-11-18 08:00:00 to 2021-11-20 08:00:00,105,0.032,1,3.938345740271852,2.1522114091936335,100.0,197.85438680648804,393
216,2021-11-06 08:00:00 to 2021-11-20 08:00:00,2021-11-21 08:00:00 to 2021-11-23 08:00:00,105,0.032,1,0.4362108403779166,0.863571573209042,100.0,202.6241550445557,394
217,2021-11-09 08:00:00 to 2021-11-23 08:00:00,2021-11-24 08:00:00 to 2021-11-26 08:00:00,105,0.032,2,-1.1362163378571313,4.656583603312519,0.0,206.8088390827179,395
218,2021-11-12 08:00:00 to 2021-11-26 08:00:00,2021-11-27 08:00:00 to 2021-11-29 08:00:00,155,0.048,1,2.5044179665738193,0.2506780135341674,100.0,201.5476131439209,397
219,2021-11-15 08:00:00 to 2021-11-29 08:00:00,2021-11-30 08:00:00 to 2021-12-02 08:00:00,105,0.036,0,0.0,0.0,0.0,207.4799211025238,399
220,2021-11-18 08:00:00 to 2021-12-02 08:00:00,2021-12-03 08:00:00 to 2021-12-05 08:00:00,35,0.026,3,-12.27788585366001,20.304426902037793,66.66666666666666,201.29106974601743,400
221,2021-11-21 08:00:00 to 2021-12-05 08:00:00,2021-12-06 08:00:00 to 2021-12-08 08:00:00,50,0.074,0,0.0,0.0,0.0,203.6555860042572,401
222,2021-11-24 08:00:00 to 2021-12-08 08:00:00,2021-12-09 08:00:00 to 2021-12-11 08:00:00,50,0.074,0,0.0,0.0,0.0,205.70063471794128,403
223,2021-11-27 08:00:00 to 2021-12-11 08:00:00,2021-12-12 08:00:00 to 2021-12-14 08:00:00,50,0.074,0,0.0,0.0,0.0,204.33388900756836,405
224,2021-11-30 08:00:00 to 2021-12-14 08:00:00,2021-12-15 08:00:00 to 2021-12-17 08:00:00,50,0.074,0,0.0,0.0,0.0,208.55470991134644,406
225,2021-12-03 08:00:00 to 2021-12-17 08:00:00,2021-12-18 08:00:00 to 2021-12-20 08:00:00,85,0.044,0,0.0,0.0,0.0,207.10781621932983,407
226,2021-12-06 08:00:00 to 2021-12-20 08:00:00,2021-12-21 08:00:00 to 2021-12-23 08:00:00,130,0.042,0,0.0,0.0,0.0,200.40362000465393,409
227,2021-12-09 08:00:00 to 2021-12-23 08:00:00,2021-12-24 08:00:00 to 2021-12-26 08:00:00,275,0.032,0,0.0,0.0,0.0,203.76450204849243,411
228,2021-12-12 08:00:00 to 2021-12-26 08:00:00,2021-12-27 08:00:00 to 2021-12-29 08:00:00,295,0.024,2,0.315035747563561,3.6253616867327993,50.0,198.4816732406616,412
229,2021-12-15 08:00:00 to 2021-12-29 08:00:00,2021-12-30 08:00:00 to 2022-01-01 08:00:00,50,0.032,2,1.745806042675049,0.866182517169425,100.0,199.9648010730743,413
230,2021-12-18 08:00:00 to 2022-01-01 08:00:00,2022-01-02 08:00:00 to 2022-01-04 08:00:00,180,0.02,1,0.4695647016061048,2.014123612422555,0.0,199.17586302757263,415
231,2021-12-21 08:00:00 to 2022-01-04 08:00:00,2022-01-05 08:00:00 to 2022-01-07 08:00:00,60,0.022,2,-2.9567834803324877,5.832320866448481,0.0,198.48862981796265,417
232,2021-12-24 08:00:00 to 2022-01-07 08:00:00,2022-01-08 08:00:00 to 2022-01-10 08:00:00,180,0.02,3,5.186680654003758,4.348070332381594,66.66666666666666,204.0686070919037,418
233,2021-12-27 08:00:00 to 2022-01-10 08:00:00,2022-01-11 08:00:00 to 2022-01-13 08:00:00,265,0.038,0,0.0,0.0,0.0,203.62779188156128,419
234,2021-12-30 08:00:00 to 2022-01-13 08:00:00,2022-01-14 08:00:00 to 2022-01-16 08:00:00,270,0.038,0,0.0,0.0,0.0,204.64278769493103,421
235,2022-01-02 08:00:00 to 2022-01-16 08:00:00,2022-01-17 08:00:00 to 2022-01-19 08:00:00,170,0.032,2,2.310456754236802,4.066057110238592,50.0,204.29590106010437,423
236,2022-01-05 08:00:00 to 2022-01-19 08:00:00,2022-01-20 08:00:00 to 2022-01-22 08:00:00,145,0.034,2,-11.72791037758332,17.158809794109054,50.0,206.05242204666135,424
237,2022-01-08 08:00:00 to 2022-01-22 08:00:00,2022-01-23 08:00:00 to 2022-01-25 08:00:00,60,0.076,1,2.560994930160377,2.1891226694057324,100.0,200.89316201210025,425
238,2022-01-11 08:00:00 to 2022-01-25 08:00:00,2022-01-26 08:00:00 to 2022-01-28 08:00:00,60,0.076,0,0.0,0.0,0.0,206.5810480117798,427
239,2022-01-14 08:00:00 to 2022-01-28 08:00:00,2022-01-29 08:00:00 to 2022-01-31 08:00:00,55,0.068,0,0.0,0.0,0.0,207.7993121147156,429
240,2022-01-17 08:00:00 to 2022-01-31 08:00:00,2022-02-01 08:00:00 to 2022-02-03 08:00:00,55,0.068,0,0.0,0.0,0.0,215.9111669063568,430
241,2022-01-20 08:00:00 to 2022-02-03 08:00:00,2022-02-04 08:00:00 to 2022-02-06 08:00:00,200,0.024,0,0.0,0.0,0.0,209.31104469299316,431
242,2022-01-23 08:00:00 to 2022-02-06 08:00:00,2022-02-07 08:00:00 to 2022-02-09 08:00:00,115,0.02,1,1.9071249495421945,3.0107005191298377,100.0,201.90754508972168,433
243,2022-01-26 08:00:00 to 2022-02-09 08:00:00,2022-02-10 08:00:00 to 2022-02-12 08:00:00,190,0.02,2,-3.8688052921633425,8.408322197639402,50.0,198.17654967308044,435
244,2022-01-29 08:00:00 to 2022-02-12 08:00:00,2022-02-13 08:00:00 to 2022-02-15 08:00:00,90,0.024,1,0.8305611187169961,0.7032915867342785,100.0,197.30492901802063,436
245,2022-02-01 08:00:00 to 2022-02-15 08:00:00,2022-02-16 08:00:00 to 2022-02-18 08:00:00,90,0.024,1,0.5108048884655,2.00589977764693,0.0,198.0633130073547,437
246,2022-02-04 08:00:00 to 2022-02-18 08:00:00,2022-02-19 08:00:00 to 2022-02-21 08:00:00,90,0.024,1,-0.1440283253000234,2.0647217292867017,0.0,199.6213412284851,439
247,2022-02-07 08:00:00 to 2022-02-21 08:00:00,2022-02-22 08:00:00 to 2022-02-24 08:00:00,15,0.022,2,-10.73582218865702,14.155727931350652,50.0,203.44708585739136,441
248,2022-02-10 08:00:00 to 2022-02-24 08:00:00,2022-02-25 08:00:00 to 2022-02-27 08:00:00,300,0.07,0,0.0,0.0,0.0,205.59399724006653,442
249,2022-02-13 08:00:00 to 2022-02-27 08:00:00,2022-02-28 08:00:00 to 2022-03-02 08:00:00,300,0.07,0,0.0,0.0,0.0,197.7946093082428,443
250,2022-02-16 08:00:00 to 2022-03-02 08:00:00,2022-03-03 08:00:00 to 2022-03-05 08:00:00,300,0.066,1,-0.200481248303331,4.280632560950207,0.0,202.06933188438416,445
251,2022-02-19 08:00:00 to 2022-03-05 08:00:00,2022-03-06 08:00:00 to 2022-03-08 08:00:00,265,0.064,0,0.0,0.0,0.0,206.19166803359985,447
252,2022-02-22 08:00:00 to 2022-03-08 08:00:00,2022-03-09 08:00:00 to 2022-03-11 08:00:00,200,0.048,0,0.0,0.0,0.0,203.644433259964,448
253,2022-02-25 08:00:00 to 2022-03-11 08:00:00,2022-03-12 08:00:00 to 2022-03-14 08:00:00,85,0.02,1,1.3314620318111885,0.2808775248749502,100.0,199.2418339252472,449
254,2022-02-28 08:00:00 to 2022-03-14 08:00:00,2022-03-15 08:00:00 to 2022-03-17 08:00:00,85,0.02,0,0.0,0.0,0.0,198.1832439899445,451
255,2022-03-03 08:00:00 to 2022-03-17 08:00:00,2022-03-18 08:00:00 to 2022-03-20 08:00:00,170,0.02,0,0.0,0.0,0.0,200.43085885047913,453
256,2022-03-06 08:00:00 to 2022-03-20 08:00:00,2022-03-21 08:00:00 to 2022-03-23 08:00:00,145,0.02,1,1.1313570934256132,0.2003781591423701,100.0,195.69853901863095,454
257,2022-03-09 08:00:00 to 2022-03-23 08:00:00,2022-03-24 08:00:00 to 2022-03-26 08:00:00,150,0.02,1,2.602717398435325,1.6463812108057616,100.0,190.10976195335388,455
258,2022-03-12 08:00:00 to 2022-03-26 08:00:00,2022-03-27 08:00:00 to 2022-03-29 08:00:00,150,0.02,0,0.0,0.0,0.0,193.6514928340912,457
259,2022-03-15 08:00:00 to 2022-03-29 08:00:00,2022-03-30 08:00:00 to 2022-04-01 08:00:00,100,0.02,2,0.0284033960301712,4.489036705178622,50.0,194.62753105163577,459
260,2022-03-18 08:00:00 to 2022-04-01 08:00:00,2022-04-02 08:00:00 to 2022-04-04 08:00:00,150,0.024,0,0.0,0.0,0.0,195.8457911014557,460
261,2022-03-21 08:00:00 to 2022-04-04 08:00:00,2022-04-05 08:00:00 to 2022-04-07 08:00:00,70,0.026,1,-4.288501284303984,7.65369969116683,0.0,198.15142607688904,461
262,2022-03-24 08:00:00 to 2022-04-07 08:00:00,2022-04-08 08:00:00 to 2022-04-10 08:00:00,45,0.02,2,1.1047047891779584,1.2152376732745769,100.0,197.88035106658936,463
263,2022-03-27 08:00:00 to 2022-04-10 08:00:00,2022-04-11 08:00:00 to 2022-04-13 08:00:00,45,0.032,1,-4.520938186675994,6.7520846179555845,0.0,200.78874707221985,465
264,2022-03-30 08:00:00 to 2022-04-13 08:00:00,2022-04-14 08:00:00 to 2022-04-16 08:00:00,160,0.052,0,0.0,0.0,0.0,196.82983922958377,466
265,2022-04-02 08:00:00 to 2022-04-16 08:00:00,2022-04-17 08:00:00 to 2022-04-19 08:00:00,175,0.052,1,1.7512630744849411,0.6900867150541276,100.0,199.63034200668335,467
266,2022-04-05 08:00:00 to 2022-04-19 08:00:00,2022-04-20 08:00:00 to 2022-04-22 08:00:00,210,0.048,1,0.8368120417684985,0.4844567479223644,0.0,198.0917890071869,469
267,2022-04-08 08:00:00 to 2022-04-22 08:00:00,2022-04-23 08:00:00 to 2022-04-25 08:00:00,175,0.052,0,0.0,0.0,0.0,199.0638651847839,471
268,2022-04-11 08:00:00 to 2022-04-25 08:00:00,2022-04-26 08:00:00 to 2022-04-28 08:00:00,75,0.022,1,-1.4848053386212996,3.8180011281077713,0.0,201.533784866333,472
269,2022-04-14 08:00:00 to 2022-04-28 08:00:00,2022-04-29 08:00:00 to 2022-05-01 08:00:00,125,0.03,2,1.3660086847475394,2.3506546096849177,50.0,198.47753190994263,473
270,2022-04-17 08:00:00 to 2022-05-01 08:00:00,2022-05-02 08:00:00 to 2022-05-04 08:00:00,105,0.03,0,0.0,0.0,0.0,197.02426409721377,475
271,2022-04-20 08:00:00 to 2022-05-04 08:00:00,2022-05-05 08:00:00 to 2022-05-07 08:00:00,300,0.048,1,-0.1157510861231639,2.138796430887746,0.0,200.06559991836548,477
272,2022-04-23 08:00:00 to 2022-05-07 08:00:00,2022-05-08 08:00:00 to 2022-05-10 08:00:00,145,0.048,1,-2.7166848214442507,12.542746696082473,0.0,200.90578484535217,478
273,2022-04-26 08:00:00 to 2022-05-10 08:00:00,2022-05-11 08:00:00 to 2022-05-13 08:00:00,20,0.032,5,-3.5890486702812265,18.477347498521333,60.0,201.6563990116119,479
274,2022-04-29 08:00:00 to 2022-05-13 08:00:00,2022-05-14 08:00:00 to 2022-05-16 08:00:00,30,0.08,0,0.0,0.0,0.0,206.37323188781735,481
275,2022-05-02 08:00:00 to 2022-05-16 08:00:00,2022-05-17 08:00:00 to 2022-05-19 08:00:00,35,0.05,0,0.0,0.0,0.0,205.6686978340149,483
276,2022-05-05 08:00:00 to 2022-05-19 08:00:00,2022-05-20 08:00:00 to 2022-05-22 08:00:00,30,0.032,1,0.429459195626714,0.8438457633736834,100.0,209.77291870117188,484
277,2022-05-08 08:00:00 to 2022-05-22 08:00:00,2022-05-23 08:00:00 to 2022-05-25 08:00:00,30,0.032,1,0.0836303219106776,1.6183000804382108,100.0,209.7308280467987,485
278,2022-05-11 08:00:00 to 2022-05-25 08:00:00,2022-05-26 08:00:00 to 2022-05-28 08:00:00,85,0.044,2,2.134865041475987,2.218755830243809,100.0,210.0982451438904,487
279,2022-05-14 08:00:00 to 2022-05-28 08:00:00,2022-05-29 08:00:00 to 2022-05-31 08:00:00,115,0.038,0,0.0,0.0,0.0,204.3533821105957,489
280,2022-05-17 08:00:00 to 2022-05-31 08:00:00,2022-06-01 08:00:00 to 2022-06-03 08:00:00,125,0.04,1,-0.4811800191856673,7.728113328416276,0.0,199.82702803611755,490
281,2022-05-20 08:00:00 to 2022-06-03 08:00:00,2022-06-04 08:00:00 to 2022-06-06 08:00:00,85,0.034,0,0.0,0.0,0.0,201.21803498268127,491
282,2022-05-23 08:00:00 to 2022-06-06 08:00:00,2022-06-07 08:00:00 to 2022-06-09 08:00:00,80,0.028,1,2.038775625991784,2.351909516237871,100.0,206.7753930091858,493
283,2022-05-26 08:00:00 to 2022-06-09 08:00:00,2022-06-10 08:00:00 to 2022-06-12 08:00:00,85,0.02,2,-11.77772752483008,14.851794698117068,0.0,203.87313413619995,495
284,2022-05-29 08:00:00 to 2022-06-12 08:00:00,2022-06-13 08:00:00 to 2022-06-15 08:00:00,85,0.052,2,-1.2229512711889037,5.943482270438165,50.0,204.595703125,496
285,2022-06-01 08:00:00 to 2022-06-15 08:00:00,2022-06-16 08:00:00 to 2022-06-18 08:00:00,40,0.03,3,-0.511673416126796,3.89260205712237,33.33333333333333,205.29793787002563,497
286,2022-06-04 08:00:00 to 2022-06-18 08:00:00,2022-06-19 08:00:00 to 2022-06-21 08:00:00,40,0.03,0,0.0,0.0,0.0,209.9551019668579,499
287,2022-06-07 08:00:00 to 2022-06-21 08:00:00,2022-06-22 08:00:00 to 2022-06-24 08:00:00,40,0.03,1,0.780477492518894,1.492615678475648,100.0,206.88731288909912,501
288,2022-06-10 08:00:00 to 2022-06-24 08:00:00,2022-06-25 08:00:00 to 2022-06-27 08:00:00,300,0.022,0,0.0,0.0,0.0,211.93255281448364,502
289,2022-06-13 08:00:00 to 2022-06-27 08:00:00,2022-06-28 08:00:00 to 2022-06-30 08:00:00,45,0.024,2,-0.1504918246812667,1.203839259085103,0.0,203.45663714408877,503
290,2022-06-16 08:00:00 to 2022-06-30 08:00:00,2022-07-01 08:00:00 to 2022-07-03 08:00:00,60,0.02,1,0.4486464646464628,0.5031083239715011,100.0,201.089341878891,505
291,2022-06-19 08:00:00 to 2022-07-03 08:00:00,2022-07-04 08:00:00 to 2022-07-06 08:00:00,125,0.03,1,1.2345070611970368,0.3320070178368934,100.0,199.5737328529358,507
292,2022-06-22 08:00:00 to 2022-07-06 08:00:00,2022-07-07 08:00:00 to 2022-07-09 08:00:00,125,0.03,0,0.0,0.0,0.0,195.92787098884585,508
293,2022-06-25 08:00:00 to 2022-07-09 08:00:00,2022-07-10 08:00:00 to 2022-07-12 08:00:00,110,0.026,1,-4.3361094560058335,5.6709353304933385,0.0,196.3159761428833,509
294,2022-06-28 08:00:00 to 2022-07-12 08:00:00,2022-07-13 08:00:00 to 2022-07-15 08:00:00,85,0.028,1,1.2611260997067255,0.4138988269794754,100.0,195.68091917037964,511
295,2022-07-01 08:00:00 to 2022-07-15 08:00:00,2022-07-16 08:00:00 to 2022-07-18 08:00:00,85,0.028,0,0.0,0.0,0.0,194.8604691028595,513
296,2022-07-04 08:00:00 to 2022-07-18 08:00:00,2022-07-19 08:00:00 to 2022-07-21 08:00:00,55,0.02,2,-3.085338374461262,5.8871706338953285,50.0,196.44620895385745,514
297,2022-07-07 08:00:00 to 2022-07-21 08:00:00,2022-07-22 08:00:00 to 2022-07-24 08:00:00,30,0.02,2,0.4161391595359055,1.6980778657232694,50.0,198.67834401130676,515
298,2022-07-10 08:00:00 to 2022-07-24 08:00:00,2022-07-25 08:00:00 to 2022-07-27 08:00:00,200,0.028,1,-2.771145912996526,6.487588306219842,0.0,199.1443068981171,517
299,2022-07-13 08:00:00 to 2022-07-27 08:00:00,2022-07-28 08:00:00 to 2022-07-30 08:00:00,260,0.024,0,0.0,0.0,0.0,198.92170810699463,519
300,2022-07-16 08:00:00 to 2022-07-30 08:00:00,2022-07-31 08:00:00 to 2022-08-02 08:00:00,260,0.024,1,-2.743116137363449,4.458871986420734,0.0,201.3935029506683,520
301,2022-07-19 08:00:00 to 2022-08-02 08:00:00,2022-08-03 08:00:00 to 2022-08-05 08:00:00,200,0.056,0,0.0,0.0,0.0,200.38061213493347,521
302,2022-07-22 08:00:00 to 2022-08-05 08:00:00,2022-08-06 08:00:00 to 2022-08-08 08:00:00,40,0.02,0,0.0,0.0,0.0,200.58390617370603,523
303,2022-07-25 08:00:00 to 2022-08-08 08:00:00,2022-08-09 08:00:00 to 2022-08-11 08:00:00,40,0.02,1,0.5488794326241259,0.2117714950273228,100.0,195.5571072101593,525
304,2022-07-28 08:00:00 to 2022-08-11 08:00:00,2022-08-12 08:00:00 to 2022-08-14 08:00:00,50,0.02,1,0.5573324412158217,0.4097537913911236,100.0,196.9636538028717,526
305,2022-07-31 08:00:00 to 2022-08-14 08:00:00,2022-08-15 08:00:00 to 2022-08-17 08:00:00,180,0.02,1,1.7680531929245988,3.0808969818239524,100.0,195.68628668785095,527
306,2022-08-03 08:00:00 to 2022-08-17 08:00:00,2022-08-18 08:00:00 to 2022-08-20 08:00:00,215,0.02,1,-12.719134266152905,15.11251723155083,0.0,196.8462111949921,529
307,2022-08-06 08:00:00 to 2022-08-20 08:00:00,2022-08-21 08:00:00 to 2022-08-23 08:00:00,85,0.06,0,0.0,0.0,0.0,197.06048274040225,531
308,2022-08-09 08:00:00 to 2022-08-23 08:00:00,2022-08-24 08:00:00 to 2022-08-26 08:00:00,135,0.074,0,0.0,0.0,0.0,201.84334993362427,532
309,2022-08-12 08:00:00 to 2022-08-26 08:00:00,2022-08-27 08:00:00 to 2022-08-29 08:00:00,135,0.074,0,0.0,0.0,0.0,202.10796809196472,533
310,2022-08-15 08:00:00 to 2022-08-29 08:00:00,2022-08-30 08:00:00 to 2022-09-01 08:00:00,140,0.074,0,0.0,0.0,0.0,203.41701078414917,535
311,2022-08-18 08:00:00 to 2022-09-01 08:00:00,2022-09-02 08:00:00 to 2022-09-04 08:00:00,155,0.02,0,0.0,0.0,0.0,201.43033385276792,537
312,2022-08-21 08:00:00 to 2022-09-04 08:00:00,2022-09-05 08:00:00 to 2022-09-07 08:00:00,165,0.02,2,-0.6926600750413854,3.6505865471625225,50.0,198.2591450214386,538
313,2022-08-24 08:00:00 to 2022-09-07 08:00:00,2022-09-08 08:00:00 to 2022-09-10 08:00:00,165,0.02,0,0.0,0.0,0.0,201.1461579799652,539
314,2022-08-27 08:00:00 to 2022-09-10 08:00:00,2022-09-11 08:00:00 to 2022-09-13 08:00:00,150,0.02,3,2.710169796366099,0.3818021291289941,66.66666666666666,197.21824526786804,541
315,2022-08-30 08:00:00 to 2022-09-13 08:00:00,2022-09-14 08:00:00 to 2022-09-16 08:00:00,150,0.022,2,2.6082305280283617,1.196740446910022,50.0,196.79338598251343,543
316,2022-09-02 08:00:00 to 2022-09-16 08:00:00,2022-09-17 08:00:00 to 2022-09-19 08:00:00,160,0.02,1,-4.280346270371647,4.81085582523996,0.0,197.56421399116516,544
317,2022-09-05 08:00:00 to 2022-09-19 08:00:00,2022-09-20 08:00:00 to 2022-09-22 08:00:00,170,0.02,2,2.223668701424067,0.6698571047497033,100.0,199.27398705482483,545
318,2022-09-08 08:00:00 to 2022-09-22 08:00:00,2022-09-23 08:00:00 to 2022-09-25 08:00:00,115,0.02,2,1.8487601802686913,0.7088905264642273,50.0,196.5322470664978,547
319,2022-09-11 08:00:00 to 2022-09-25 08:00:00,2022-09-26 08:00:00 to 2022-09-28 08:00:00,115,0.02,3,0.1448678504624877,2.3668384292768625,66.66666666666666,203.19797086715695,549
320,2022-09-14 08:00:00 to 2022-09-28 08:00:00,2022-09-29 08:00:00 to 2022-10-01 08:00:00,115,0.02,0,0.0,0.0,0.0,199.885516166687,550
321,2022-09-17 08:00:00 to 2022-10-01 08:00:00,2022-10-02 08:00:00 to 2022-10-04 08:00:00,185,0.022,0,0.0,0.0,0.0,196.4095230102539,551
322,2022-09-20 08:00:00 to 2022-10-04 08:00:00,2022-10-05 08:00:00 to 2022-10-07 08:00:00,115,0.02,0,0.0,0.0,0.0,199.35688710212708,553
323,2022-09-23 08:00:00 to 2022-10-07 08:00:00,2022-10-08 08:00:00 to 2022-10-10 08:00:00,300,0.026,0,0.0,0.0,0.0,196.8050718307495,555
324,2022-09-26 08:00:00 to 2022-10-10 08:00:00,2022-10-11 08:00:00 to 2022-10-13 08:00:00,170,0.02,1,-7.065397293243786,9.46081062634974,0.0,190.94896697998047,556
325,2022-09-29 08:00:00 to 2022-10-13 08:00:00,2022-10-14 08:00:00 to 2022-10-16 08:00:00,105,0.036,1,0.2853981863149238,0.7498268514585266,100.0,196.258770942688,557
326,2022-10-02 08:00:00 to 2022-10-16 08:00:00,2022-10-17 08:00:00 to 2022-10-19 08:00:00,100,0.036,0,0.0,0.0,0.0,196.5668399333954,559
327,2022-10-05 08:00:00 to 2022-10-19 08:00:00,2022-10-20 08:00:00 to 2022-10-22 08:00:00,100,0.036,0,0.0,0.0,0.0,199.27090716362,561
328,2022-10-08 08:00:00 to 2022-10-22 08:00:00,2022-10-23 08:00:00 to 2022-10-25 08:00:00,285,0.054,0,0.0,0.0,0.0,198.6642827987671,562
329,2022-10-11 08:00:00 to 2022-10-25 08:00:00,2022-10-26 08:00:00 to 2022-10-28 08:00:00,190,0.036,1,-0.7138762886597942,1.1461423908648662,0.0,195.77764296531677,563
330,2022-10-14 08:00:00 to 2022-10-28 08:00:00,2022-10-29 08:00:00 to 2022-10-31 08:00:00,165,0.03,1,-0.4316645962732946,1.265003265459191,0.0,196.95837211608887,565
331,2022-10-17 08:00:00 to 2022-10-31 08:00:00,2022-11-01 08:00:00 to 2022-11-03 08:00:00,165,0.03,2,2.6390045999314133,0.5044461655739996,100.0,194.52493405342105,567
332,2022-10-20 08:00:00 to 2022-11-03 08:00:00,2022-11-04 08:00:00 to 2022-11-06 08:00:00,220,0.02,0,0.0,0.0,0.0,195.57301115989685,568
333,2022-10-23 08:00:00 to 2022-11-06 08:00:00,2022-11-07 08:00:00 to 2022-11-09 08:00:00,290,0.022,2,-2.8848503647769212,9.707553124361512,50.0,199.46259713172913,569
334,2022-10-26 08:00:00 to 2022-11-09 08:00:00,2022-11-10 08:00:00 to 2022-11-12 08:00:00,25,0.048,0,0.0,0.0,0.0,199.9771430492401,571
335,2022-10-29 08:00:00 to 2022-11-12 08:00:00,2022-11-13 08:00:00 to 2022-11-15 08:00:00,60,0.04,0,0.0,0.0,0.0,205.1954040527344,573
336,2022-11-01 08:00:00 to 2022-11-15 08:00:00,2022-11-16 08:00:00 to 2022-11-18 08:00:00,60,0.024,1,0.4029716376944088,0.3829135931772673,100.0,205.5278799533844,574
337,2022-11-04 08:00:00 to 2022-11-18 08:00:00,2022-11-19 08:00:00 to 2022-11-21 08:00:00,60,0.024,1,-2.778010333422153,3.5912449501050356,0.0,206.05034494400024,575
338,2022-11-07 08:00:00 to 2022-11-21 08:00:00,2022-11-22 08:00:00 to 2022-11-24 08:00:00,250,0.054,0,0.0,0.0,0.0,206.1068651676178,577
339,2022-11-10 08:00:00 to 2022-11-24 08:00:00,2022-11-25 08:00:00 to 2022-11-27 08:00:00,55,0.024,0,0.0,0.0,0.0,201.36719584465027,579
340,2022-11-13 08:00:00 to 2022-11-27 08:00:00,2022-11-28 08:00:00 to 2022-11-30 08:00:00,50,0.024,1,-0.2123423717739388,0.7971571381901231,0.0,197.3882303237915,580
341,2022-11-16 08:00:00 to 2022-11-30 08:00:00,2022-12-01 08:00:00 to 2022-12-03 08:00:00,300,0.04,0,0.0,0.0,0.0,194.5092101097107,581
342,2022-11-19 08:00:00 to 2022-12-03 08:00:00,2022-12-04 08:00:00 to 2022-12-06 08:00:00,235,0.02,0,0.0,0.0,0.0,192.6835830211639,583
343,2022-11-22 08:00:00 to 2022-12-06 08:00:00,2022-12-07 08:00:00 to 2022-12-09 08:00:00,220,0.022,1,0.6786945525291959,0.6245370679500775,100.0,193.34145998954773,585
344,2022-11-25 08:00:00 to 2022-12-09 08:00:00,2022-12-10 08:00:00 to 2022-12-12 08:00:00,265,0.02,1,0.1159285714285761,0.2228895568575108,0.0,191.17968606948853,586
345,2022-11-28 08:00:00 to 2022-12-12 08:00:00,2022-12-13 08:00:00 to 2022-12-15 08:00:00,295,0.022,1,0.9975524475524437,0.2987691249834999,100.0,192.4272997379303,587
346,2022-12-01 08:00:00 to 2022-12-15 08:00:00,2022-12-16 08:00:00 to 2022-12-18 08:00:00,295,0.028,1,-6.623244859539682,9.089415389515889,0.0,192.545517206192,589
347,2022-12-04 08:00:00 to 2022-12-18 08:00:00,2022-12-19 08:00:00 to 2022-12-21 08:00:00,130,0.048,0,0.0,0.0,0.0,197.518159866333,591
348,2022-12-07 08:00:00 to 2022-12-21 08:00:00,2022-12-22 08:00:00 to 2022-12-24 08:00:00,130,0.048,0,0.0,0.0,0.0,201.0431101322174,592
349,2022-12-10 08:00:00 to 2022-12-24 08:00:00,2022-12-25 08:00:00 to 2022-12-27 08:00:00,130,0.048,0,0.0,0.0,0.0,196.22776913642883,593
350,2022-12-13 08:00:00 to 2022-12-27 08:00:00,2022-12-28 08:00:00 to 2022-12-30 08:00:00,130,0.048,0,0.0,0.0,0.0,197.54526472091675,595
351,2022-12-16 08:00:00 to 2022-12-30 08:00:00,2022-12-31 08:00:00 to 2023-01-02 08:00:00,75,0.028,0,0.0,0.0,0.0,194.7928969860077,597
352,2022-12-19 08:00:00 to 2023-01-02 08:00:00,2023-01-03 08:00:00 to 2023-01-05 08:00:00,50,0.022,0,0.0,0.0,0.0,196.77922201156616,598
353,2022-12-22 08:00:00 to 2023-01-05 08:00:00,2023-01-06 08:00:00 to 2023-01-08 08:00:00,85,0.026,0,0.0,0.0,0.0,195.20073103904724,599
354,2022-12-25 08:00:00 to 2023-01-08 08:00:00,2023-01-09 08:00:00 to 2023-01-11 08:00:00,85,0.026,1,0.75719461365823,1.7524205566181652,100.0,198.55497002601624,601
355,2022-12-28 08:00:00 to 2023-01-11 08:00:00,2023-01-12 08:00:00 to 2023-01-14 08:00:00,105,0.02,0,0.0,0.0,0.0,195.6340618133545,603
356,2022-12-31 08:00:00 to 2023-01-14 08:00:00,2023-01-15 08:00:00 to 2023-01-17 08:00:00,70,0.022,2,2.1816709393085327,1.146851110599016,100.0,192.1025311946869,604
357,2023-01-03 08:00:00 to 2023-01-17 08:00:00,2023-01-18 08:00:00 to 2023-01-20 08:00:00,70,0.022,1,0.3663896519553236,3.1961471288314476,100.0,193.42795491218567,605
358,2023-01-06 08:00:00 to 2023-01-20 08:00:00,2023-01-21 08:00:00 to 2023-01-23 08:00:00,70,0.022,1,0.9167229565686648,0.3375407230827574,0.0,195.28850269317627,607
359,2023-01-09 08:00:00 to 2023-01-23 08:00:00,2023-01-24 08:00:00 to 2023-01-26 08:00:00,70,0.02,1,-0.0457450748529663,3.483674165230791,0.0,197.70483088493347,609
360,2023-01-12 08:00:00 to 2023-01-26 08:00:00,2023-01-27 08:00:00 to 2023-01-29 08:00:00,245,0.032,0,0.0,0.0,0.0,198.9955620765686,610
361,2023-01-15 08:00:00 to 2023-01-29 08:00:00,2023-01-30 08:00:00 to 2023-02-01 08:00:00,235,0.032,1,0.7531578947368325,2.0117164258018887,100.0,197.91253113746643,611
362,2023-01-18 08:00:00 to 2023-02-01 08:00:00,2023-02-02 08:00:00 to 2023-02-04 08:00:00,55,0.02,1,0.9220344827586268,0.6108689299311882,100.0,197.86702799797055,613
363,2023-01-21 08:00:00 to 2023-02-04 08:00:00,2023-02-05 08:00:00 to 2023-02-07 08:00:00,55,0.02,2,1.241506763787729,0.2683253302819142,100.0,198.62591314315796,615
364,2023-01-24 08:00:00 to 2023-02-07 08:00:00,2023-02-08 08:00:00 to 2023-02-10 08:00:00,245,0.02,1,-3.1457583389845425,6.2312174547820405,0.0,196.0907211303711,616
365,2023-01-27 08:00:00 to 2023-02-10 08:00:00,2023-02-11 08:00:00 to 2023-02-13 08:00:00,55,0.02,1,0.511862068965529,0.3751294071411526,0.0,197.9205937385559,617
366,2023-01-30 08:00:00 to 2023-02-13 08:00:00,2023-02-14 08:00:00 to 2023-02-16 08:00:00,290,0.02,0,0.0,0.0,0.0,198.4226880073547,619
367,2023-02-02 08:00:00 to 2023-02-16 08:00:00,2023-02-17 08:00:00 to 2023-02-19 08:00:00,290,0.02,0,0.0,0.0,0.0,197.46233010292053,621
368,2023-02-05 08:00:00 to 2023-02-19 08:00:00,2023-02-20 08:00:00 to 2023-02-22 08:00:00,65,0.024,1,1.4979923076922932,0.0342696319717081,100.0,199.85789513587952,622
369,2023-02-08 08:00:00 to 2023-02-22 08:00:00,2023-02-23 08:00:00 to 2023-02-25 08:00:00,180,0.024,1,-0.3706484748798903,2.273008992684465,0.0,198.34466409683228,623
370,2023-02-11 08:00:00 to 2023-02-25 08:00:00,2023-02-26 08:00:00 to 2023-02-28 08:00:00,135,0.036,0,0.0,0.0,0.0,197.8192479610443,625
371,2023-02-14 08:00:00 to 2023-02-28 08:00:00,2023-03-01 08:00:00 to 2023-03-03 08:00:00,60,0.022,1,1.777388776374246,1.0204152071397583,100.0,194.68391299247745,627
372,2023-02-17 08:00:00 to 2023-03-03 08:00:00,2023-03-04 08:00:00 to 2023-03-06 08:00:00,220,0.036,0,0.0,0.0,0.0,197.6488139629364,628
373,2023-02-20 08:00:00 to 2023-03-06 08:00:00,2023-03-07 08:00:00 to 2023-03-09 08:00:00,230,0.036,0,0.0,0.0,0.0,202.869735956192,629
374,2023-02-23 08:00:00 to 2023-03-09 08:00:00,2023-03-10 08:00:00 to 2023-03-12 08:00:00,245,0.032,1,3.971376513540545,1.7093065328786488,100.0,197.5301399230957,631
375,2023-02-26 08:00:00 to 2023-03-12 08:00:00,2023-03-13 08:00:00 to 2023-03-15 08:00:00,230,0.036,0,0.0,0.0,0.0,197.35308718681335,633
376,2023-03-01 08:00:00 to 2023-03-15 08:00:00,2023-03-16 08:00:00 to 2023-03-18 08:00:00,140,0.022,1,0.539510606060594,2.2006003706891972,100.0,194.6589159965515,634
377,2023-03-04 08:00:00 to 2023-03-18 08:00:00,2023-03-19 08:00:00 to 2023-03-21 08:00:00,260,0.036,0,0.0,0.0,0.0,200.82865691185,635
378,2023-03-07 08:00:00 to 2023-03-21 08:00:00,2023-03-22 08:00:00 to 2023-03-24 08:00:00,300,0.02,1,1.3383786407767002,0.0183016313722876,100.0,198.23108100891113,637
379,2023-03-10 08:00:00 to 2023-03-24 08:00:00,2023-03-25 08:00:00 to 2023-03-27 08:00:00,160,0.02,1,0.3808786270702694,2.0707250244942506,100.0,199.8808410167694,639
380,2023-03-13 08:00:00 to 2023-03-27 08:00:00,2023-03-28 08:00:00 to 2023-03-30 08:00:00,225,0.02,1,0.934174293208962,0.5085361015515933,100.0,198.9696519374847,640
381,2023-03-16 08:00:00 to 2023-03-30 08:00:00,2023-03-31 08:00:00 to 2023-04-02 08:00:00,165,0.02,1,-0.2386405161290349,0.7885373103953112,0.0,200.82720494270325,641
382,2023-03-19 08:00:00 to 2023-04-02 08:00:00,2023-04-03 08:00:00 to 2023-04-05 08:00:00,145,0.022,2,2.5023516201104576,0.1393444342821515,100.0,197.8944320678711,643
383,2023-03-22 08:00:00 to 2023-04-05 08:00:00,2023-04-06 08:00:00 to 2023-04-08 08:00:00,245,0.02,1,0.1869154929577234,1.1234026968966695,100.0,197.03907918930057,645
384,2023-03-25 08:00:00 to 2023-04-08 08:00:00,2023-04-09 08:00:00 to 2023-04-11 08:00:00,260,0.02,0,0.0,0.0,0.0,197.26302480697632,646
385,2023-03-28 08:00:00 to 2023-04-11 08:00:00,2023-04-12 08:00:00 to 2023-04-14 08:00:00,285,0.022,0,0.0,0.0,0.0,194.76027011871335,647
386,2023-03-31 08:00:00 to 2023-04-14 08:00:00,2023-04-15 08:00:00 to 2023-04-17 08:00:00,265,0.02,0,0.0,0.0,0.0,193.4679539203644,649
387,2023-04-03 08:00:00 to 2023-04-17 08:00:00,2023-04-18 08:00:00 to 2023-04-20 08:00:00,45,0.02,1,0.9736894339920582,0.9577247271001396,100.0,192.80264019966123,651
388,2023-04-06 08:00:00 to 2023-04-20 08:00:00,2023-04-21 08:00:00 to 2023-04-23 08:00:00,60,0.02,1,0.1162390031715767,2.1472486235651624,100.0,195.05588912963867,652
389,2023-04-09 08:00:00 to 2023-04-23 08:00:00,2023-04-24 08:00:00 to 2023-04-26 08:00:00,105,0.024,0,0.0,0.0,0.0,195.3269939422607,653
390,2023-04-12 08:00:00 to 2023-04-26 08:00:00,2023-04-27 08:00:00 to 2023-04-29 08:00:00,110,0.02,1,0.674420155427415,0.280054030662316,100.0,196.91320705413816,655
391,2023-04-15 08:00:00 to 2023-04-29 08:00:00,2023-04-30 08:00:00 to 2023-05-02 08:00:00,110,0.02,1,-1.0164740703263306,2.5236403945954127,0.0,199.38093781471252,657
392,2023-04-18 08:00:00 to 2023-05-02 08:00:00,2023-05-03 08:00:00 to 2023-05-05 08:00:00,105,0.022,0,0.0,0.0,0.0,198.96096110343933,658
393,2023-04-21 08:00:00 to 2023-05-05 08:00:00,2023-05-06 08:00:00 to 2023-05-08 08:00:00,105,0.022,2,-0.0560590358906483,0.8316226898540321,50.0,195.9355082511902,659
394,2023-04-24 08:00:00 to 2023-05-08 08:00:00,2023-05-09 08:00:00 to 2023-05-11 08:00:00,100,0.024,0,0.0,0.0,0.0,195.0212559700012,661
395,2023-04-27 08:00:00 to 2023-05-11 08:00:00,2023-05-12 08:00:00 to 2023-05-14 08:00:00,185,0.024,0,0.0,0.0,0.0,197.4564917087555,663
396,2023-04-30 08:00:00 to 2023-05-14 08:00:00,2023-05-15 08:00:00 to 2023-05-17 08:00:00,110,0.02,0,0.0,0.0,0.0,194.7924690246582,664
397,2023-05-03 08:00:00 to 2023-05-17 08:00:00,2023-05-18 08:00:00 to 2023-05-20 08:00:00,120,0.032,0,0.0,0.0,0.0,195.5611710548401,665
398,2023-05-06 08:00:00 to 2023-05-20 08:00:00,2023-05-21 08:00:00 to 2023-05-23 08:00:00,120,0.02,0,0.0,0.0,0.0,194.33393812179563,667
399,2023-05-09 08:00:00 to 2023-05-23 08:00:00,2023-05-24 08:00:00 to 2023-05-26 08:00:00,95,0.02,0,0.0,0.0,0.0,195.36700224876404,669
400,2023-05-12 08:00:00 to 2023-05-26 08:00:00,2023-05-27 08:00:00 to 2023-05-29 08:00:00,295,0.024,0,0.0,0.0,0.0,195.93417501449585,670
401,2023-05-15 08:00:00 to 2023-05-29 08:00:00,2023-05-30 08:00:00 to 2023-06-01 08:00:00,295,0.024,1,-0.6666265977699368,0.6666265977699368,0.0,187.70845127105713,671
402,2023-05-18 08:00:00 to 2023-06-01 08:00:00,2023-06-02 08:00:00 to 2023-06-04 08:00:00,295,0.026,0,0.0,0.0,0.0,190.98623728752136,673
403,2023-05-21 08:00:00 to 2023-06-04 08:00:00,2023-06-05 08:00:00 to 2023-06-07 08:00:00,295,0.02,1,-4.9848487205540915,5.284910338644506,0.0,194.96529006958008,675
404,2023-05-24 08:00:00 to 2023-06-07 08:00:00,2023-06-08 08:00:00 to 2023-06-10 08:00:00,180,0.044,1,-20.92095840862503,23.824042291449967,0.0,194.00352573394775,676
405,2023-05-27 08:00:00 to 2023-06-10 08:00:00,2023-06-11 08:00:00 to 2023-06-13 08:00:00,55,0.08,0,0.0,0.0,0.0,196.5706691741943,677
406,2023-05-30 08:00:00 to 2023-06-13 08:00:00,2023-06-14 08:00:00 to 2023-06-16 08:00:00,55,0.08,0,0.0,0.0,0.0,199.17037177085876,679
407,2023-06-02 08:00:00 to 2023-06-16 08:00:00,2023-06-17 08:00:00 to 2023-06-19 08:00:00,55,0.08,0,0.0,0.0,0.0,201.82248878479004,681
408,2023-06-05 08:00:00 to 2023-06-19 08:00:00,2023-06-20 08:00:00 to 2023-06-22 08:00:00,55,0.08,0,0.0,0.0,0.0,202.72483015060425,682
409,2023-06-08 08:00:00 to 2023-06-22 08:00:00,2023-06-23 08:00:00 to 2023-06-25 08:00:00,200,0.022,1,1.1716757322175726,0.8243656179933989,100.0,205.69093704223633,683
410,2023-06-11 08:00:00 to 2023-06-25 08:00:00,2023-06-26 08:00:00 to 2023-06-28 08:00:00,155,0.024,1,1.0263679220144697,1.1794106675737892,100.0,196.08435487747192,685
411,2023-06-14 08:00:00 to 2023-06-28 08:00:00,2023-06-29 08:00:00 to 2023-07-01 08:00:00,135,0.024,1,1.0754848371396473,0.2343297520407397,100.0,197.37326312065125,687
412,2023-06-17 08:00:00 to 2023-07-01 08:00:00,2023-07-02 08:00:00 to 2023-07-04 08:00:00,150,0.024,0,0.0,0.0,0.0,195.3442420959473,688
413,2023-06-20 08:00:00 to 2023-07-04 08:00:00,2023-07-05 08:00:00 to 2023-07-07 08:00:00,165,0.024,2,2.3277494031677453,0.8322473232745241,100.0,198.32411980628967,689
414,2023-06-23 08:00:00 to 2023-07-07 08:00:00,2023-07-08 08:00:00 to 2023-07-10 08:00:00,140,0.02,1,0.9285889921372292,0.223297645738203,100.0,199.02026891708377,691
415,2023-06-26 08:00:00 to 2023-07-10 08:00:00,2023-07-11 08:00:00 to 2023-07-13 08:00:00,255,0.02,0,0.0,0.0,0.0,195.2003688812256,693
416,2023-06-29 08:00:00 to 2023-07-13 08:00:00,2023-07-14 08:00:00 to 2023-07-16 08:00:00,205,0.02,1,-0.3833999243774088,4.918497249892879,0.0,193.73367404937744,694
417,2023-07-02 08:00:00 to 2023-07-16 08:00:00,2023-07-17 08:00:00 to 2023-07-19 08:00:00,260,0.02,1,-0.0862868887818513,4.829119077671839,0.0,197.27847027778623,695
418,2023-07-05 08:00:00 to 2023-07-19 08:00:00,2023-07-20 08:00:00 to 2023-07-22 08:00:00,105,0.03,1,0.2223522654754379,1.1266093828947747,100.0,197.25953793525696,697
419,2023-07-08 08:00:00 to 2023-07-22 08:00:00,2023-07-23 08:00:00 to 2023-07-25 08:00:00,100,0.04,0,0.0,0.0,0.0,199.7738511562347,699
420,2023-07-11 08:00:00 to 2023-07-25 08:00:00,2023-07-26 08:00:00 to 2023-07-28 08:00:00,100,0.04,0,0.0,0.0,0.0,199.07660603523257,700
421,2023-07-14 08:00:00 to 2023-07-28 08:00:00,2023-07-29 08:00:00 to 2023-07-31 08:00:00,300,0.032,0,0.0,0.0,0.0,195.8753650188446,701
422,2023-07-17 08:00:00 to 2023-07-31 08:00:00,2023-08-01 08:00:00 to 2023-08-03 08:00:00,270,0.028,2,1.6480714639674623,0.4171340637297904,50.0,195.61307907104492,703
423,2023-07-20 08:00:00 to 2023-08-03 08:00:00,2023-08-04 08:00:00 to 2023-08-06 08:00:00,245,0.026,1,0.1640444748545997,1.0092690727931262,100.0,198.03845191001892,705
424,2023-07-23 08:00:00 to 2023-08-06 08:00:00,2023-08-07 08:00:00 to 2023-08-09 08:00:00,205,0.02,1,0.8752665036674625,0.281730834319138,100.0,193.05782294273376,706
425,2023-07-26 08:00:00 to 2023-08-09 08:00:00,2023-08-10 08:00:00 to 2023-08-12 08:00:00,205,0.02,0,0.0,0.0,0.0,197.0796899795532,707
426,2023-07-29 08:00:00 to 2023-08-12 08:00:00,2023-08-13 08:00:00 to 2023-08-15 08:00:00,205,0.02,0,0.0,0.0,0.0,197.3913779258728,709
427,2023-08-01 08:00:00 to 2023-08-15 08:00:00,2023-08-16 08:00:00 to 2023-08-18 08:00:00,190,0.02,2,4.970785315688845,6.2771404946737075,50.0,194.7946240901947,711
428,2023-08-04 08:00:00 to 2023-08-18 08:00:00,2023-08-19 08:00:00 to 2023-08-21 08:00:00,230,0.044,0,0.0,0.0,0.0,196.8594789505005,712
429,2023-08-07 08:00:00 to 2023-08-21 08:00:00,2023-08-22 08:00:00 to 2023-08-24 08:00:00,230,0.044,0,0.0,0.0,0.0,198.3105080127716,713
430,2023-08-10 08:00:00 to 2023-08-24 08:00:00,2023-08-25 08:00:00 to 2023-08-27 08:00:00,215,0.042,0,0.0,0.0,0.0,199.4806966781616,715
431,2023-08-13 08:00:00 to 2023-08-27 08:00:00,2023-08-28 08:00:00 to 2023-08-30 08:00:00,215,0.042,0,0.0,0.0,0.0,194.36779403686523,717
432,2023-08-16 08:00:00 to 2023-08-30 08:00:00,2023-08-31 08:00:00 to 2023-09-02 08:00:00,150,0.03,1,0.5162400000000161,1.200331705782925,100.0,197.2327401638031,718
433,2023-08-19 08:00:00 to 2023-09-02 08:00:00,2023-09-03 08:00:00 to 2023-09-05 08:00:00,140,0.03,0,0.0,0.0,0.0,191.9550838470459,719
434,2023-08-22 08:00:00 to 2023-09-05 08:00:00,2023-09-06 08:00:00 to 2023-09-08 08:00:00,140,0.02,0,0.0,0.0,0.0,197.2060589790344,721
435,2023-08-25 08:00:00 to 2023-09-08 08:00:00,2023-09-09 08:00:00 to 2023-09-11 08:00:00,140,0.02,1,1.0669358398038458,0.2004446745648393,100.0,196.1146011352539,723
436,2023-08-28 08:00:00 to 2023-09-11 08:00:00,2023-09-12 08:00:00 to 2023-09-14 08:00:00,120,0.026,0,0.0,0.0,0.0,191.8831160068512,724
437,2023-08-31 08:00:00 to 2023-09-14 08:00:00,2023-09-15 08:00:00 to 2023-09-17 08:00:00,155,0.02,0,0.0,0.0,0.0,191.97922492027283,725
438,2023-09-03 08:00:00 to 2023-09-17 08:00:00,2023-09-18 08:00:00 to 2023-09-20 08:00:00,155,0.02,0,0.0,0.0,0.0,195.87811183929443,727
439,2023-09-06 08:00:00 to 2023-09-20 08:00:00,2023-09-21 08:00:00 to 2023-09-23 08:00:00,155,0.02,1,-0.163737931034484,0.9825699768748256,0.0,196.03089570999143,729
440,2023-09-09 08:00:00 to 2023-09-23 08:00:00,2023-09-24 08:00:00 to 2023-09-26 08:00:00,200,0.02,0,0.0,0.0,0.0,192.7503552436829,730
441,2023-09-12 08:00:00 to 2023-09-26 08:00:00,2023-09-27 08:00:00 to 2023-09-29 08:00:00,225,0.026,0,0.0,0.0,0.0,195.3321840763092,731
442,2023-09-15 08:00:00 to 2023-09-29 08:00:00,2023-09-30 08:00:00 to 2023-10-02 08:00:00,225,0.026,0,0.0,0.0,0.0,190.29013228416443,733
443,2023-09-18 08:00:00 to 2023-10-02 08:00:00,2023-10-03 08:00:00 to 2023-10-05 08:00:00,135,0.022,1,0.8143883418668519,0.6159578897240547,100.0,189.84298014640808,735
444,2023-09-21 08:00:00 to 2023-10-05 08:00:00,2023-10-06 08:00:00 to 2023-10-08 08:00:00,135,0.02,1,-0.3496524437548396,0.6439421580445543,0.0,194.7616190910339,736
445,2023-09-24 08:00:00 to 2023-10-08 08:00:00,2023-10-09 08:00:00 to 2023-10-11 08:00:00,135,0.022,0,0.0,0.0,0.0,189.67543077468872,737
446,2023-09-27 08:00:00 to 2023-10-11 08:00:00,2023-10-12 08:00:00 to 2023-10-14 08:00:00,155,0.02,0,0.0,0.0,0.0,191.41232895851135,739
447,2023-09-30 08:00:00 to 2023-10-14 08:00:00,2023-10-15 08:00:00 to 2023-10-17 08:00:00,155,0.02,0,0.0,0.0,0.0,192.53723788261416,741
448,2023-10-03 08:00:00 to 2023-10-17 08:00:00,2023-10-18 08:00:00 to 2023-10-20 08:00:00,45,0.02,0,0.0,0.0,0.0,194.82941007614136,742
449,2023-10-06 08:00:00 to 2023-10-20 08:00:00,2023-10-21 08:00:00 to 2023-10-23 08:00:00,295,0.03,0,0.0,0.0,0.0,191.4725079536438,743
450,2023-10-09 08:00:00 to 2023-10-23 08:00:00,2023-10-24 08:00:00 to 2023-10-26 08:00:00,295,0.02,0,0.0,0.0,0.0,195.44627618789673,745
451,2023-10-12 08:00:00 to 2023-10-26 08:00:00,2023-10-27 08:00:00 to 2023-10-29 08:00:00,90,0.02,1,0.5682120890774058,0.8062559050340528,100.0,190.1995451450348,747
452,2023-10-15 08:00:00 to 2023-10-29 08:00:00,2023-10-30 08:00:00 to 2023-11-01 08:00:00,55,0.02,1,-0.865153572096824,1.492426972918678,0.0,193.30605387687683,748
453,2023-10-18 08:00:00 to 2023-11-01 08:00:00,2023-11-02 08:00:00 to 2023-11-04 08:00:00,40,0.026,1,1.0688095693779722,0.1759004784689023,100.0,193.8591947555542,749
454,2023-10-21 08:00:00 to 2023-11-04 08:00:00,2023-11-05 08:00:00 to 2023-11-07 08:00:00,50,0.022,1,-0.1447605633802959,0.7460356843901023,0.0,191.67686891555783,751
455,2023-10-24 08:00:00 to 2023-11-07 08:00:00,2023-11-08 08:00:00 to 2023-11-10 08:00:00,155,0.02,2,3.1530525460177525,0.539476485995927,100.0,195.02518582344055,753
456,2023-10-27 08:00:00 to 2023-11-10 08:00:00,2023-11-11 08:00:00 to 2023-11-13 08:00:00,175,0.02,1,0.1138593500266324,0.5382955009331174,0.0,196.6980640888214,754
457,2023-10-30 08:00:00 to 2023-11-13 08:00:00,2023-11-14 08:00:00 to 2023-11-16 08:00:00,50,0.022,2,3.698791041137429,1.0312298260457962,100.0,198.26017498970032,755
458,2023-11-02 08:00:00 to 2023-11-16 08:00:00,2023-11-17 08:00:00 to 2023-11-19 08:00:00,160,0.026,1,-0.1737123057185454,4.345338102979791,0.0,194.44720315933228,757
459,2023-11-05 08:00:00 to 2023-11-19 08:00:00,2023-11-20 08:00:00 to 2023-11-22 08:00:00,55,0.02,4,5.218855228556003,1.0436525423518614,100.0,200.91237711906433,759
460,2023-11-08 08:00:00 to 2023-11-22 08:00:00,2023-11-23 08:00:00 to 2023-11-25 08:00:00,55,0.02,0,0.0,0.0,0.0,204.25124502182007,760
461,2023-11-11 08:00:00 to 2023-11-25 08:00:00,2023-11-26 08:00:00 to 2023-11-28 08:00:00,240,0.034,1,0.1273957996768877,1.2107629296134386,0.0,200.06441187858584,761
462,2023-11-14 08:00:00 to 2023-11-28 08:00:00,2023-11-29 08:00:00 to 2023-12-01 08:00:00,290,0.022,0,0.0,0.0,0.0,196.2338111400604,763
463,2023-11-17 08:00:00 to 2023-12-01 08:00:00,2023-12-02 08:00:00 to 2023-12-04 08:00:00,75,0.022,0,0.0,0.0,0.0,195.29468989372253,765
464,2023-11-20 08:00:00 to 2023-12-04 08:00:00,2023-12-05 08:00:00 to 2023-12-07 08:00:00,160,0.02,0,0.0,0.0,0.0,196.98715996742249,766
465,2023-11-23 08:00:00 to 2023-12-07 08:00:00,2023-12-08 08:00:00 to 2023-12-10 08:00:00,260,0.022,0,0.0,0.0,0.0,194.07910919189453,767
466,2023-11-26 08:00:00 to 2023-12-10 08:00:00,2023-12-11 08:00:00 to 2023-12-13 08:00:00,105,0.02,4,5.311760641103338,6.043484550308682,75.0,195.88277101516724,769
467,2023-11-29 08:00:00 to 2023-12-13 08:00:00,2023-12-14 08:00:00 to 2023-12-16 08:00:00,100,0.026,2,1.5075451285158852,3.363238272981127,50.0,196.0911898612976,771
468,2023-12-02 08:00:00 to 2023-12-16 08:00:00,2023-12-17 08:00:00 to 2023-12-19 08:00:00,100,0.026,2,0.6860726136211633,4.410102709590243,50.0,200.9923260211945,772
469,2023-12-05 08:00:00 to 2023-12-19 08:00:00,2023-12-20 08:00:00 to 2023-12-22 08:00:00,100,0.026,1,0.8684680187207595,0.661391511716896,100.0,204.4555561542511,773
470,2023-12-08 08:00:00 to 2023-12-22 08:00:00,2023-12-23 08:00:00 to 2023-12-25 08:00:00,110,0.02,2,0.8701316040193342,1.097893507340268,50.0,204.4555687904358,775
471,2023-12-11 08:00:00 to 2023-12-25 08:00:00,2023-12-26 08:00:00 to 2023-12-28 08:00:00,110,0.02,3,5.296274948910796,0.8107044583818012,100.0,197.447790145874,777
472,2023-12-14 08:00:00 to 2023-12-28 08:00:00,2023-12-29 08:00:00 to 2023-12-31 08:00:00,160,0.02,1,-0.8998016583787103,4.47306018063137,0.0,198.7258369922638,778
473,2023-12-17 08:00:00 to 2023-12-31 08:00:00,2024-01-01 08:00:00 to 2024-01-03 08:00:00,115,0.02,1,0.2110610837438434,0.5728598004369904,0.0,202.22779488563535,779
474,2023-12-20 08:00:00 to 2024-01-03 08:00:00,2024-01-04 08:00:00 to 2024-01-06 08:00:00,85,0.02,2,-1.063940395694117,3.5811988315419243,0.0,198.94021606445312,781
475,2023-12-23 08:00:00 to 2024-01-06 08:00:00,2024-01-07 08:00:00 to 2024-01-09 08:00:00,85,0.024,1,-0.8496678186292593,5.492760835774879,0.0,197.43611001968384,783
476,2023-12-26 08:00:00 to 2024-01-09 08:00:00,2024-01-10 08:00:00 to 2024-01-12 08:00:00,205,0.05,0,0.0,0.0,0.0,201.1788020133972,784
477,2023-12-29 08:00:00 to 2024-01-12 08:00:00,2024-01-13 08:00:00 to 2024-01-15 08:00:00,205,0.04,1,-0.3600619780902707,2.5340657595320497,0.0,202.91033816337583,785
478,2024-01-01 08:00:00 to 2024-01-15 08:00:00,2024-01-16 08:00:00 to 2024-01-18 08:00:00,85,0.026,0,0.0,0.0,0.0,205.47986602783203,787
479,2024-01-04 08:00:00 to 2024-01-18 08:00:00,2024-01-19 08:00:00 to 2024-01-21 08:00:00,155,0.034,1,2.10438542488002,3.5882643749476424,100.0,201.97320294380188,789
480,2024-01-07 08:00:00 to 2024-01-21 08:00:00,2024-01-22 08:00:00 to 2024-01-24 08:00:00,75,0.028,2,0.795293921006105,4.327793358320946,50.0,200.52186799049375,790
481,2024-01-10 08:00:00 to 2024-01-24 08:00:00,2024-01-25 08:00:00 to 2024-01-27 08:00:00,35,0.02,1,0.4892030270270334,0.2997216984122955,100.0,199.47070407867432,791
482,2024-01-13 08:00:00 to 2024-01-27 08:00:00,2024-01-28 08:00:00 to 2024-01-30 08:00:00,270,0.044,0,0.0,0.0,0.0,200.06036615371704,793
483,2024-01-16 08:00:00 to 2024-01-30 08:00:00,2024-01-31 08:00:00 to 2024-02-02 08:00:00,270,0.044,1,2.040799182839637,0.6933787941125011,100.0,200.07381010055545,795
484,2024-01-19 08:00:00 to 2024-02-02 08:00:00,2024-02-03 08:00:00 to 2024-02-05 08:00:00,50,0.022,0,0.0,0.0,0.0,197.52623796463013,796
485,2024-01-22 08:00:00 to 2024-02-05 08:00:00,2024-02-06 08:00:00 to 2024-02-08 08:00:00,120,0.022,1,1.0524180225281634,0.6552825163198063,100.0,196.0685329437256,797
486,2024-01-25 08:00:00 to 2024-02-08 08:00:00,2024-02-09 08:00:00 to 2024-02-11 08:00:00,300,0.02,0,0.0,0.0,0.0,195.1249179840088,799
487,2024-01-28 08:00:00 to 2024-02-11 08:00:00,2024-02-12 08:00:00 to 2024-02-14 08:00:00,300,0.02,2,2.0265898507483686,0.629407197782099,100.0,197.62892317771912,801
488,2024-01-31 08:00:00 to 2024-02-14 08:00:00,2024-02-15 08:00:00 to 2024-02-17 08:00:00,170,0.02,0,0.0,0.0,0.0,196.3147130012512,802
489,2024-02-03 08:00:00 to 2024-02-17 08:00:00,2024-02-18 08:00:00 to 2024-02-20 08:00:00,170,0.02,0,0.0,0.0,0.0,195.3006262779236,803
490,2024-02-06 08:00:00 to 2024-02-20 08:00:00,2024-02-21 08:00:00 to 2024-02-23 08:00:00,150,0.02,1,-0.2927396741368466,4.320938404184452,0.0,198.66724514961243,805
491,2024-02-09 08:00:00 to 2024-02-23 08:00:00,2024-02-24 08:00:00 to 2024-02-26 08:00:00,150,0.02,1,0.8088793043478291,0.3517967257713954,100.0,197.18353986740112,807
492,2024-02-12 08:00:00 to 2024-02-26 08:00:00,2024-02-27 08:00:00 to 2024-02-29 08:00:00,140,0.02,1,1.334380165289258,0.8490033141315934,100.0,192.7205958366394,808
493,2024-02-15 08:00:00 to 2024-02-29 08:00:00,2024-03-01 08:00:00 to 2024-03-03 08:00:00,200,0.02,1,0.2254189323843457,0.4073760134694795,0.0,199.99475574493408,809
494,2024-02-18 08:00:00 to 2024-03-03 08:00:00,2024-03-04 08:00:00 to 2024-03-06 08:00:00,140,0.02,1,-2.5742042478534133,13.163956569146269,0.0,199.19936895370483,811
495,2024-02-21 08:00:00 to 2024-03-06 08:00:00,2024-03-07 08:00:00 to 2024-03-09 08:00:00,210,0.024,1,2.0757405821917745,0.586398204853085,100.0,195.2424099445343,813
496,2024-02-24 08:00:00 to 2024-03-09 08:00:00,2024-03-10 08:00:00 to 2024-03-12 08:00:00,100,0.024,1,2.5006567707986873,1.9502861130347624,100.0,198.77823781967163,814
497,2024-02-27 08:00:00 to 2024-03-12 08:00:00,2024-03-13 08:00:00 to 2024-03-15 08:00:00,100,0.024,1,-3.0257305458089103,6.855332914631659,0.0,197.73336100578308,815
498,2024-03-01 08:00:00 to 2024-03-15 08:00:00,2024-03-16 08:00:00 to 2024-03-18 08:00:00,290,0.044,1,0.4081782076317358,8.10558326828556,100.0,201.3321788311005,817
499,2024-03-04 08:00:00 to 2024-03-18 08:00:00,2024-03-19 08:00:00 to 2024-03-21 08:00:00,145,0.042,1,-1.3560400846291123,7.927021711927467,0.0,205.53261971473697,819
500,2024-03-07 08:00:00 to 2024-03-21 08:00:00,2024-03-22 08:00:00 to 2024-03-24 08:00:00,15,0.02,1,0.6618616933487284,0.3002218187819744,100.0,202.3098340034485,820
501,2024-03-10 08:00:00 to 2024-03-24 08:00:00,2024-03-25 08:00:00 to 2024-03-27 08:00:00,15,0.02,1,0.2923911787072211,0.8234944176334258,100.0,204.1654191017151,821
502,2024-03-13 08:00:00 to 2024-03-27 08:00:00,2024-03-28 08:00:00 to 2024-03-30 08:00:00,15,0.02,0,0.0,0.0,0.0,205.64685988426208,823
503,2024-03-16 08:00:00 to 2024-03-30 08:00:00,2024-03-31 08:00:00 to 2024-04-02 08:00:00,50,0.02,3,1.263159325226079,0.7215790538452098,66.66666666666666,199.7094259262085,825
504,2024-03-19 08:00:00 to 2024-04-02 08:00:00,2024-04-03 08:00:00 to 2024-04-05 08:00:00,50,0.02,3,1.423108592756289,1.0795211730502725,66.66666666666666,196.13187384605408,826
505,2024-03-22 08:00:00 to 2024-04-05 08:00:00,2024-04-06 08:00:00 to 2024-04-08 08:00:00,55,0.024,0,0.0,0.0,0.0,193.04717326164248,827
506,2024-03-25 08:00:00 to 2024-04-08 08:00:00,2024-04-09 08:00:00 to 2024-04-11 08:00:00,55,0.024,1,-0.7877770455784049,3.1165135267818136,0.0,197.95819997787476,829
507,2024-03-28 08:00:00 to 2024-04-11 08:00:00,2024-04-12 08:00:00 to 2024-04-14 08:00:00,50,0.022,2,-14.482973586867976,18.668026560279795,0.0,201.28379702568057,831
508,2024-03-31 08:00:00 to 2024-04-14 08:00:00,2024-04-15 08:00:00 to 2024-04-17 08:00:00,90,0.08,0,0.0,0.0,0.0,195.4279489517212,832
509,2024-04-03 08:00:00 to 2024-04-17 08:00:00,2024-04-18 08:00:00 to 2024-04-20 08:00:00,90,0.08,0,0.0,0.0,0.0,202.53822016716003,833
510,2024-04-06 08:00:00 to 2024-04-20 08:00:00,2024-04-21 08:00:00 to 2024-04-23 08:00:00,90,0.08,0,0.0,0.0,0.0,200.7877221107483,835
511,2024-04-09 08:00:00 to 2024-04-23 08:00:00,2024-04-24 08:00:00 to 2024-04-26 08:00:00,90,0.08,0,0.0,0.0,0.0,205.92329001426697,837
512,2024-04-12 08:00:00 to 2024-04-26 08:00:00,2024-04-27 08:00:00 to 2024-04-29 08:00:00,145,0.022,2,0.22838448763021,0.9220251765535398,50.0,206.98433899879456,838
513,2024-04-15 08:00:00 to 2024-04-29 08:00:00,2024-04-30 08:00:00 to 2024-05-02 08:00:00,65,0.02,2,1.2355127608143084,2.4984358774521205,50.0,198.772264957428,839
514,2024-04-18 08:00:00 to 2024-05-02 08:00:00,2024-05-03 08:00:00 to 2024-05-05 08:00:00,60,0.024,1,0.5390251989389799,0.3172550039541206,0.0,196.927414894104,841
515,2024-04-21 08:00:00 to 2024-05-05 08:00:00,2024-05-06 08:00:00 to 2024-05-08 08:00:00,140,0.028,1,-0.7134127659574551,1.7683314338959937,0.0,199.3267347812653,843
516,2024-04-24 08:00:00 to 2024-05-08 08:00:00,2024-05-09 08:00:00 to 2024-05-11 08:00:00,165,0.024,1,0.143539600628228,0.4924790783943371,0.0,200.5898871421814,844
517,2024-04-27 08:00:00 to 2024-05-11 08:00:00,2024-05-12 08:00:00 to 2024-05-14 08:00:00,170,0.024,1,1.141090654205618,0.5039688221368157,100.0,198.97161412239075,845
518,2024-04-30 08:00:00 to 2024-05-14 08:00:00,2024-05-15 08:00:00 to 2024-05-17 08:00:00,65,0.02,0,0.0,0.0,0.0,194.9455499649048,847
519,2024-05-03 08:00:00 to 2024-05-17 08:00:00,2024-05-18 08:00:00 to 2024-05-20 08:00:00,300,0.024,1,0.1270015037593839,1.4062165425689983,0.0,194.70157194137573,849
520,2024-05-06 08:00:00 to 2024-05-20 08:00:00,2024-05-21 08:00:00 to 2024-05-23 08:00:00,205,0.024,1,0.5555440869201811,0.7195158364854152,0.0,194.90313696861267,850
521,2024-05-09 08:00:00 to 2024-05-23 08:00:00,2024-05-24 08:00:00 to 2024-05-26 08:00:00,180,0.024,1,0.2763150357995255,0.7982571498054164,100.0,196.12879276275635,851
522,2024-05-12 08:00:00 to 2024-05-26 08:00:00,2024-05-27 08:00:00 to 2024-05-29 08:00:00,80,0.022,1,0.4393712021135979,0.8064106473269415,100.0,195.04720520973208,853
523,2024-05-15 08:00:00 to 2024-05-29 08:00:00,2024-05-30 08:00:00 to 2024-06-01 08:00:00,100,0.022,1,0.478829892280064,0.5735306649696633,100.0,195.00858092308044,855
524,2024-05-18 08:00:00 to 2024-06-01 08:00:00,2024-06-02 08:00:00 to 2024-06-04 08:00:00,100,0.022,0,0.0,0.0,0.0,196.57670783996585,856
525,2024-05-21 08:00:00 to 2024-06-04 08:00:00,2024-06-05 08:00:00 to 2024-06-07 08:00:00,100,0.022,0,0.0,0.0,0.0,197.74121499061584,857
526,2024-05-24 08:00:00 to 2024-06-07 08:00:00,2024-06-08 08:00:00 to 2024-06-10 08:00:00,155,0.02,1,-0.9216928015092164,2.3156297005565114,0.0,194.62118005752563,859
527,2024-05-27 08:00:00 to 2024-06-10 08:00:00,2024-06-11 08:00:00 to 2024-06-13 08:00:00,270,0.032,1,2.3024231046931347,0.8814671994302242,100.0,197.6597990989685,861
528,2024-05-30 08:00:00 to 2024-06-13 08:00:00,2024-06-14 08:00:00 to 2024-06-16 08:00:00,280,0.026,1,0.6700738070734769,1.7216308653954744,0.0,199.4070041179657,862
529,2024-06-02 08:00:00 to 2024-06-16 08:00:00,2024-06-17 08:00:00 to 2024-06-19 08:00:00,280,0.026,2,5.006425052940521,4.21662980433382,100.0,199.8091597557068,863
530,2024-06-05 08:00:00 to 2024-06-19 08:00:00,2024-06-20 08:00:00 to 2024-06-22 08:00:00,300,0.026,1,0.1746679154401863,0.4679092455704948,0.0,202.71305394172668,865
531,2024-06-08 08:00:00 to 2024-06-22 08:00:00,2024-06-23 08:00:00 to 2024-06-25 08:00:00,300,0.026,1,0.881999999999989,1.415705654030844,100.0,201.52469992637631,867
532,2024-06-11 08:00:00 to 2024-06-25 08:00:00,2024-06-26 08:00:00 to 2024-06-28 08:00:00,300,0.026,0,0.0,0.0,0.0,199.7522349357605,868
533,2024-06-14 08:00:00 to 2024-06-28 08:00:00,2024-06-29 08:00:00 to 2024-07-01 08:00:00,260,0.032,0,0.0,0.0,0.0,196.950896024704,869
534,2024-06-17 08:00:00 to 2024-07-01 08:00:00,2024-07-02 08:00:00 to 2024-07-04 08:00:00,135,0.02,2,0.8886887876004039,1.751548890941541,50.0,192.98669695854187,871
535,2024-06-20 08:00:00 to 2024-07-04 08:00:00,2024-07-05 08:00:00 to 2024-07-07 08:00:00,30,0.02,1,-4.828741644766215,7.914559502464431,0.0,194.5008850097656,873
536,2024-06-23 08:00:00 to 2024-07-07 08:00:00,2024-07-08 08:00:00 to 2024-07-10 08:00:00,115,0.08,0,0.0,0.0,0.0,193.877742767334,874
537,2024-06-26 08:00:00 to 2024-07-10 08:00:00,2024-07-11 08:00:00 to 2024-07-13 08:00:00,145,0.068,0,0.0,0.0,0.0,195.21967124938965,875
538,2024-06-29 08:00:00 to 2024-07-13 08:00:00,2024-07-14 08:00:00 to 2024-07-16 08:00:00,145,0.068,0,0.0,0.0,0.0,197.65213680267337,877
539,2024-07-02 08:00:00 to 2024-07-16 08:00:00,2024-07-17 08:00:00 to 2024-07-19 08:00:00,270,0.02,1,-1.857924285376812,2.320967635246889,0.0,199.60421514511108,879
540,2024-07-05 08:00:00 to 2024-07-19 08:00:00,2024-07-20 08:00:00 to 2024-07-22 08:00:00,250,0.026,0,0.0,0.0,0.0,196.81700611114505,880
541,2024-07-08 08:00:00 to 2024-07-22 08:00:00,2024-07-23 08:00:00 to 2024-07-25 08:00:00,80,0.022,3,1.3728172486156291,0.989744067340798,66.66666666666666,196.38264513015747,881
542,2024-07-11 08:00:00 to 2024-07-25 08:00:00,2024-07-26 08:00:00 to 2024-07-28 08:00:00,80,0.02,1,-0.0398924835806428,0.185895737102632,0.0,194.97493028640747,883
543,2024-07-14 08:00:00 to 2024-07-28 08:00:00,2024-07-29 08:00:00 to 2024-07-31 08:00:00,195,0.028,1,-0.0629707719210455,1.105903811519965,0.0,193.740198135376,885
544,2024-07-17 08:00:00 to 2024-07-31 08:00:00,2024-08-01 08:00:00 to 2024-08-03 08:00:00,165,0.024,3,2.6290679716167142,5.695240958788397,66.66666666666666,196.80201601982117,886
545,2024-07-20 08:00:00 to 2024-08-03 08:00:00,2024-08-04 08:00:00 to 2024-08-06 08:00:00,140,0.02,1,-7.880837720577293,18.82965021154502,0.0,199.09202027320865,887
546,2024-07-23 08:00:00 to 2024-08-06 08:00:00,2024-08-07 08:00:00 to 2024-08-09 08:00:00,10,0.022,0,0.0,0.0,0.0,200.45127701759336,889
547,2024-07-26 08:00:00 to 2024-08-09 08:00:00,2024-08-10 08:00:00 to 2024-08-12 08:00:00,10,0.022,0,0.0,0.0,0.0,201.40017533302307,891
548,2024-07-29 08:00:00 to 2024-08-12 08:00:00,2024-08-13 08:00:00 to 2024-08-15 08:00:00,10,0.022,0,0.0,0.0,0.0,204.79047107696533,892
549,2024-08-01 08:00:00 to 2024-08-15 08:00:00,2024-08-16 08:00:00 to 2024-08-18 08:00:00,10,0.022,0,0.0,0.0,0.0,200.939306974411,893
550,2024-08-04 08:00:00 to 2024-08-18 08:00:00,2024-08-19 08:00:00 to 2024-08-21 08:00:00,115,0.02,0,0.0,0.0,0.0,198.50817108154297,895
551,2024-08-07 08:00:00 to 2024-08-21 08:00:00,2024-08-22 08:00:00 to 2024-08-24 08:00:00,300,0.024,0,0.0,0.0,0.0,193.29866218566897,897
552,2024-08-10 08:00:00 to 2024-08-24 08:00:00,2024-08-25 08:00:00 to 2024-08-27 08:00:00,155,0.022,2,-0.4886694117536536,1.9720592244799189,50.0,193.22895407676697,898
553,2024-08-13 08:00:00 to 2024-08-27 08:00:00,2024-08-28 08:00:00 to 2024-08-30 08:00:00,90,0.02,3,3.3942878274550643,0.9875248338983112,100.0,196.96590089797976,899
554,2024-08-16 08:00:00 to 2024-08-30 08:00:00,2024-08-31 08:00:00 to 2024-09-02 08:00:00,90,0.02,1,-0.3298871594372394,1.0427158587488468,0.0,196.5606348514557,901
555,2024-08-19 08:00:00 to 2024-09-02 08:00:00,2024-09-03 08:00:00 to 2024-09-05 08:00:00,90,0.02,1,-0.1320229185321659,3.05535444243739,0.0,196.19659805297852,903
556,2024-08-22 08:00:00 to 2024-09-05 08:00:00,2024-09-06 08:00:00 to 2024-09-08 08:00:00,90,0.02,2,2.617339979874014,1.790133145313662,100.0,201.59343123435977,904
557,2024-08-25 08:00:00 to 2024-09-08 08:00:00,2024-09-09 08:00:00 to 2024-09-11 08:00:00,90,0.02,1,0.4525706602928039,0.187029779303015,0.0,196.0508518218994,905
558,2024-08-28 08:00:00 to 2024-09-11 08:00:00,2024-09-12 08:00:00 to 2024-09-14 08:00:00,90,0.02,0,0.0,0.0,0.0,198.53820371627808,907
559,2024-08-31 08:00:00 to 2024-09-14 08:00:00,2024-09-15 08:00:00 to 2024-09-17 08:00:00,210,0.028,1,-1.4328722315666529,3.2635746588501933,0.0,197.88545608520508,909
560,2024-09-03 08:00:00 to 2024-09-17 08:00:00,2024-09-18 08:00:00 to 2024-09-20 08:00:00,250,0.028,0,0.0,0.0,0.0,196.1674461364746,910
561,2024-09-06 08:00:00 to 2024-09-20 08:00:00,2024-09-21 08:00:00 to 2024-09-23 08:00:00,50,0.026,0,0.0,0.0,0.0,192.66883206367493,911
562,2024-09-09 08:00:00 to 2024-09-23 08:00:00,2024-09-24 08:00:00 to 2024-09-26 08:00:00,250,0.036,0,0.0,0.0,0.0,196.38739895820615,913
563,2024-09-12 08:00:00 to 2024-09-26 08:00:00,2024-09-27 08:00:00 to 2024-09-29 08:00:00,250,0.036,0,0.0,0.0,0.0,196.83575582504272,915
564,2024-09-15 08:00:00 to 2024-09-29 08:00:00,2024-09-30 08:00:00 to 2024-10-02 08:00:00,155,0.022,2,-2.0347722068996337,4.7564440477589605,50.0,195.60870695114136,916
565,2024-09-18 08:00:00 to 2024-10-02 08:00:00,2024-10-03 08:00:00 to 2024-10-05 08:00:00,75,0.028,0,0.0,0.0,0.0,196.1562738418579,917
566,2024-09-21 08:00:00 to 2024-10-05 08:00:00,2024-10-06 08:00:00 to 2024-10-08 08:00:00,80,0.026,0,0.0,0.0,0.0,200.88885307312012,919
567,2024-09-24 08:00:00 to 2024-10-08 08:00:00,2024-10-09 08:00:00 to 2024-10-11 08:00:00,80,0.026,0,0.0,0.0,0.0,195.0416839122772,921
568,2024-09-27 08:00:00 to 2024-10-11 08:00:00,2024-10-12 08:00:00 to 2024-10-14 08:00:00,80,0.026,0,0.0,0.0,0.0,199.13328623771667,922
569,2024-09-30 08:00:00 to 2024-10-14 08:00:00,2024-10-15 08:00:00 to 2024-10-17 08:00:00,290,0.03,0,0.0,0.0,0.0,194.76066994667053,923
570,2024-10-03 08:00:00 to 2024-10-17 08:00:00,2024-10-18 08:00:00 to 2024-10-20 08:00:00,85,0.02,0,0.0,0.0,0.0,192.05955410003665,925
571,2024-10-06 08:00:00 to 2024-10-20 08:00:00,2024-10-21 08:00:00 to 2024-10-23 08:00:00,100,0.02,1,1.089804836895364,0.4795074042308557,100.0,196.035591840744,927
572,2024-10-09 08:00:00 to 2024-10-23 08:00:00,2024-10-24 08:00:00 to 2024-10-26 08:00:00,125,0.02,4,4.7278442848741,2.0959561921751972,75.0,195.42835998535156,928
573,2024-10-12 08:00:00 to 2024-10-26 08:00:00,2024-10-27 08:00:00 to 2024-10-29 08:00:00,85,0.02,0,0.0,0.0,0.0,195.620135307312,929
574,2024-10-15 08:00:00 to 2024-10-29 08:00:00,2024-10-30 08:00:00 to 2024-11-01 08:00:00,85,0.02,1,-0.5878897033929207,2.3640556915245723,0.0,198.2890169620514,931
575,2024-10-18 08:00:00 to 2024-11-01 08:00:00,2024-11-02 08:00:00 to 2024-11-04 08:00:00,85,0.024,1,-1.531835860838546,3.496078817168444,0.0,197.69791626930237,933
576,2024-10-21 08:00:00 to 2024-11-04 08:00:00,2024-11-05 08:00:00 to 2024-11-07 08:00:00,85,0.024,0,0.0,0.0,0.0,197.55875515937805,934
577,2024-10-24 08:00:00 to 2024-11-07 08:00:00,2024-11-08 08:00:00 to 2024-11-10 08:00:00,300,0.04,0,0.0,0.0,0.0,200.27227878570557,935
578,2024-10-27 08:00:00 to 2024-11-10 08:00:00,2024-11-11 08:00:00 to 2024-11-13 08:00:00,70,0.03,2,-4.110454435761694,9.23620306441901,50.0,194.22367095947263,937
579,2024-10-30 08:00:00 to 2024-11-13 08:00:00,2024-11-14 08:00:00 to 2024-11-16 08:00:00,285,0.056,1,2.929852747252753,0.6083144549476076,100.0,198.68112015724185,939
580,2024-11-02 08:00:00 to 2024-11-16 08:00:00,2024-11-17 08:00:00 to 2024-11-19 08:00:00,290,0.032,0,0.0,0.0,0.0,199.04860591888428,940
581,2024-11-05 08:00:00 to 2024-11-19 08:00:00,2024-11-20 08:00:00 to 2024-11-22 08:00:00,115,0.02,1,2.7992483039737457,3.339907207024156,100.0,201.60064005851743,941
582,2024-11-08 08:00:00 to 2024-11-22 08:00:00,2024-11-23 08:00:00 to 2024-11-25 08:00:00,115,0.02,2,0.3698030821138673,9.056838797007336,50.0,203.59221506118777,943
583,2024-11-11 08:00:00 to 2024-11-25 08:00:00,2024-11-26 08:00:00 to 2024-11-28 08:00:00,185,0.02,1,1.08595174543274,9.651323426953978,100.0,205.92605900764465,945
584,2024-11-14 08:00:00 to 2024-11-28 08:00:00,2024-11-29 08:00:00 to 2024-12-01 08:00:00,15,0.02,2,0.2342459770065033,0.941315454707254,100.0,204.0651400089264,946
585,2024-11-17 08:00:00 to 2024-12-01 08:00:00,2024-12-02 08:00:00 to 2024-12-04 08:00:00,25,0.022,5,5.712131360636485,3.030557850777416,100.0,203.87810707092285,947
586,2024-11-20 08:00:00 to 2024-12-04 08:00:00,2024-12-05 08:00:00 to 2024-12-07 08:00:00,25,0.022,3,3.906914984508494,2.1434998461151435,100.0,206.09848999977112,949
587,2024-11-23 08:00:00 to 2024-12-07 08:00:00,2024-12-08 08:00:00 to 2024-12-10 08:00:00,125,0.022,2,-11.096081633996109,15.786589051855453,50.0,205.12126326560977,951
588,2024-11-26 08:00:00 to 2024-12-10 08:00:00,2024-12-11 08:00:00 to 2024-12-13 08:00:00,60,0.022,1,-1.023225399289822,2.896766974358938,0.0,202.02864718437195,952
589,2024-11-29 08:00:00 to 2024-12-13 08:00:00,2024-12-14 08:00:00 to 2024-12-16 08:00:00,130,0.02,1,0.9502286977248696,2.9563070517080487,100.0,210.11178588867188,953
590,2024-12-02 08:00:00 to 2024-12-16 08:00:00,2024-12-17 08:00:00 to 2024-12-19 08:00:00,125,0.022,3,-1.27663952272811,6.63681586128421,66.66666666666666,209.02059531211853,955
591,2024-12-05 08:00:00 to 2024-12-19 08:00:00,2024-12-20 08:00:00 to 2024-12-22 08:00:00,25,0.038,2,-2.039145812904335,8.065212683250229,0.0,205.16680312156677,957
592,2024-12-08 08:00:00 to 2024-12-22 08:00:00,2024-12-23 08:00:00 to 2024-12-25 08:00:00,55,0.062,0,0.0,0.0,0.0,209.74669003486633,958
593,2024-12-11 08:00:00 to 2024-12-25 08:00:00,2024-12-26 08:00:00 to 2024-12-28 08:00:00,75,0.07,0,0.0,0.0,0.0,204.96885681152344,959
594,2024-12-14 08:00:00 to 2024-12-28 08:00:00,2024-12-29 08:00:00 to 2024-12-31 08:00:00,75,0.07,0,0.0,0.0,0.0,202.42123293876648,961
595,2024-12-17 08:00:00 to 2024-12-31 08:00:00,2025-01-01 08:00:00 to 2025-01-03 08:00:00,300,0.02,1,0.8782034739454138,0.2413250620347389,100.0,204.3885087966919,963
596,2024-12-20 08:00:00 to 2025-01-03 08:00:00,2025-01-04 08:00:00 to 2025-01-06 08:00:00,250,0.024,0,0.0,0.0,0.0,202.3234701156616,964
597,2024-12-23 08:00:00 to 2025-01-06 08:00:00,2025-01-07 08:00:00 to 2025-01-09 08:00:00,290,0.026,1,-10.829151275732563,11.688634841223092,0.0,196.2935571670532,965
598,2024-12-26 08:00:00 to 2025-01-09 08:00:00,2025-01-10 08:00:00 to 2025-01-12 08:00:00,35,0.022,1,0.7612275742089696,1.2373175330260269,100.0,200.79430389404297,967
599,2024-12-29 08:00:00 to 2025-01-12 08:00:00,2025-01-13 08:00:00 to 2025-01-15 08:00:00,50,0.026,1,-0.4802358859134255,4.596245789698141,0.0,195.7291877269745,969
600,2025-01-01 08:00:00 to 2025-01-15 08:00:00,2025-01-16 08:00:00 to 2025-01-18 08:00:00,25,0.026,2,-0.2557535448395537,1.0898855585749934,50.0,200.20306515693665,970
601,2025-01-04 08:00:00 to 2025-01-18 08:00:00,2025-01-19 08:00:00 to 2025-01-21 08:00:00,25,0.026,3,0.2527477895073389,5.981088248048505,33.33333333333333,201.73756003379825,971
602,2025-01-07 08:00:00 to 2025-01-21 08:00:00,2025-01-22 08:00:00 to 2025-01-24 08:00:00,215,0.044,0,0.0,0.0,0.0,207.75859808921817,973
603,2025-01-10 08:00:00 to 2025-01-24 08:00:00,2025-01-25 08:00:00 to 2025-01-27 08:00:00,205,0.036,1,-4.0354475567618096,5.971007803368593,0.0,202.60078692436215,975
604,2025-01-13 08:00:00 to 2025-01-27 08:00:00,2025-01-28 08:00:00 to 2025-01-30 08:00:00,205,0.036,0,0.0,0.0,0.0,201.92838978767395,976
605,2025-01-16 08:00:00 to 2025-01-30 08:00:00,2025-01-31 08:00:00 to 2025-02-02 08:00:00,160,0.034,1,-2.4453701927604925,4.217275403926487,0.0,209.66352581977844,977
606,2025-01-19 08:00:00 to 2025-02-02 08:00:00,2025-02-03 08:00:00 to 2025-02-05 08:00:00,65,0.042,2,-4.481585976208426,19.11050827498949,50.0,204.8759708404541,979
607,2025-01-22 08:00:00 to 2025-02-05 08:00:00,2025-02-06 08:00:00 to 2025-02-08 08:00:00,65,0.068,0,0.0,0.0,0.0,200.76252007484436,981
608,2025-01-25 08:00:00 to 2025-02-08 08:00:00,2025-02-09 08:00:00 to 2025-02-11 08:00:00,65,0.068,0,0.0,0.0,0.0,203.5304491519928,982
609,2025-01-28 08:00:00 to 2025-02-11 08:00:00,2025-02-12 08:00:00 to 2025-02-14 08:00:00,35,0.08,0,0.0,0.0,0.0,202.55815315246585,983
610,2025-01-31 08:00:00 to 2025-02-14 08:00:00,2025-02-15 08:00:00 to 2025-02-17 08:00:00,265,0.036,1,1.333443451224266,0.6435437220126029,100.0,206.35511708259585,985
611,2025-02-03 08:00:00 to 2025-02-17 08:00:00,2025-02-18 08:00:00 to 2025-02-20 08:00:00,90,0.022,2,1.1903209485250954,3.002493315448956,100.0,200.48548197746277,987
612,2025-02-06 08:00:00 to 2025-02-20 08:00:00,2025-02-21 08:00:00 to 2025-02-23 08:00:00,90,0.024,1,0.4491768367009536,2.0285220519636376,100.0,199.93940711021423,988
613,2025-02-09 08:00:00 to 2025-02-23 08:00:00,2025-02-24 08:00:00 to 2025-02-26 08:00:00,250,0.02,1,-7.389889035713895,14.185451708649088,0.0,197.49313712120056,989
614,2025-02-12 08:00:00 to 2025-02-26 08:00:00,2025-02-27 08:00:00 to 2025-03-01 08:00:00,210,0.064,1,1.6240150228608763,2.4203975682809067,100.0,201.1899528503418,991
615,2025-02-15 08:00:00 to 2025-03-01 08:00:00,2025-03-02 08:00:00 to 2025-03-04 08:00:00,270,0.062,1,-6.2983123774124765,10.201321564234512,0.0,202.22721195220947,993
616,2025-02-18 08:00:00 to 2025-03-04 08:00:00,2025-03-05 08:00:00 to 2025-03-07 08:00:00,270,0.074,1,1.7214438081603656,0.8555068002863118,0.0,204.37593698501587,994
