normalized_period,symbol,original_period,out_sample_range,net_profit,winning_trades,total_trades,win_rate,max_drawdown,recovery_factor,selected_based_on_period,rank_in_prev_period,profit_rank_prev_period,wins_rank_prev_period,recovery_rank_prev_period,final_rank_prev_period
70,BTCUSDT,48,2020-02-11 17:45:00 to 2020-02-13 17:45:00,0.0,0,0,0.0,0.0,0.0,69,10,1,1,8,4.5
86,ONTUSDT,7,2020-03-15 08:00:00 to 2020-03-17 08:00:00,0.8087791522219279,1,1,100.0,0.0,999.0,85,10,18,10,7,10.1
92,LTCUSDT,22,2020-03-27 08:00:00 to 2020-03-29 08:00:00,0.7625061865068172,1,1,100.0,-1.6216945024801532,0.47019101645881606,91,10,1,1,1,1.0
100,IOSTUSDT,13,2020-04-12 08:00:00 to 2020-04-14 08:00:00,0.15122802724771844,1,1,100.0,-1.1741310089312895,0.1287999602236622,99,10,10,1,17,10.8
102,XLMUSDT,25,2020-04-16 08:00:00 to 2020-04-18 08:00:00,0.0,0,0,0.0,0.0,0.0,101,10,13,7,4,6.7
106,IOSTUSDT,17,2020-04-24 08:00:00 to 2020-04-26 08:00:00,0.0,0,0,0.0,0.0,0.0,105,10,1,1,7,4.0
108,BNBUSDT,22,2020-04-28 08:00:00 to 2020-04-30 08:00:00,0.0,0,0,0.0,0.0,0.0,107,10,1,1,8,4.5
110,VETUSDT,22,2020-05-02 08:00:00 to 2020-05-04 08:00:00,0.0,0,0,0.0,0.0,0.0,109,10,19,8,5,8.7
116,BCHUSDT,45,2020-05-14 08:45:00 to 2020-05-16 08:45:00,-1.2825512242483739,0,1,0.0,-1.2825512242483739,1.0,115,10,5,5,10,7.5
122,QTUMUSDT,28,2020-05-26 08:00:00 to 2020-05-28 08:00:00,0.0,0,0,0.0,0.0,0.0,121,10,22,5,2,6.9
134,LTCUSDT,50,2020-06-19 08:00:00 to 2020-06-21 08:00:00,-0.4543995795461053,0,1,0.0,-0.4543995795461053,1.0,133,10,1,1,1,1.0
141,ONTUSDT,44,2020-07-04 08:00:00 to 2020-07-06 08:00:00,0.0,0,0,0.0,0.0,0.0,140,10,10,1,1,2.8
146,NEOUSDT,45,2020-07-13 08:45:00 to 2020-07-15 08:45:00,-1.0626783256117989,0,1,0.0,-1.0626783256117989,1.0,145,10,23,6,3,7.9
147,XRPUSDT,60,2020-07-16 08:15:00 to 2020-07-18 08:15:00,-2.122664258148199,0,1,0.0,-2.122664258148199,1.0,146,10,3,3,8,5.5
151,ATOMUSDT,52,2020-07-24 12:00:00 to 2020-07-26 12:00:00,-0.7685342922489902,0,1,0.0,-0.7685342922489902,1.0,150,10,10,2,2,3.6
152,LTCUSDT,62,2020-07-25 08:00:00 to 2020-07-27 08:00:00,0.0,0,0,0.0,0.0,0.0,151,10,2,2,10,6.0
153,LTCUSDT,63,2020-07-28 08:00:00 to 2020-07-30 08:00:00,-1.2923989076338627,0,1,0.0,-1.2923989076338627,1.0,152,10,5,5,6,5.5
157,LINKUSDT,63,2020-08-05 08:00:00 to 2020-08-07 08:00:00,-0.48686919632924264,0,1,0.0,-0.48686919632924264,1.0,156,10,3,3,10,6.5
158,ALGOUSDT,13,2020-08-06 09:00:00 to 2020-08-08 09:00:00,-1.3428410616788566,0,1,0.0,-1.3428410616788566,1.0,157,10,28,6,1,7.9
159,NEOUSDT,54,2020-08-09 08:45:00 to 2020-08-11 08:45:00,0.0,0,0,0.0,0.0,0.0,158,10,2,2,8,5.0
160,BTCUSDT,108,2020-08-09 17:45:00 to 2020-08-11 17:45:00,-1.044493566772875,0,1,0.0,-1.044493566772875,1.0,159,10,25,11,2,9.3
162,ATOMUSDT,59,2020-08-14 12:00:00 to 2020-08-16 12:00:00,0.7261706175893057,1,1,100.0,-1.0386207092122568,0.6991682441418587,161,10,4,2,20,11.4
163,BNBUSDT,59,2020-08-17 08:00:00 to 2020-08-19 08:00:00,0.0,0,0,0.0,0.0,0.0,162,10,4,5,8,6.3
164,KNCUSDT,15,2020-08-18 08:45:00 to 2020-08-20 08:45:00,2.3029574714231504,2,2,100.0,-1.3697724350730467,1.6812701237489418,163,10,6,1,17,10.0
165,TRXUSDT,69,2020-08-21 08:00:00 to 2020-08-23 08:00:00,6.618167501892591,1,1,100.0,0.0,999.0,164,10,13,2,10,8.2
166,BTCUSDT,112,2020-08-21 17:45:00 to 2020-08-23 17:45:00,-0.5679692989592589,0,1,0.0,-0.5679692989592589,1.0,165,10,19,1,1,4.6000000000000005
168,ZRXUSDT,17,2020-08-26 09:00:00 to 2020-08-28 09:00:00,0.6094005565315808,1,1,100.0,-1.9714497487143934,0.3091129038054246,167,10,6,1,19,11.0
169,DASHUSDT,65,2020-08-29 08:00:00 to 2020-08-31 08:00:00,0.0,0,0,0.0,0.0,0.0,168,10,6,7,10,8.3
171,XRPUSDT,76,2020-09-02 08:15:00 to 2020-09-04 08:15:00,2.84954573246321,1,1,100.0,0.0,999.0,170,10,4,4,5,4.5
173,BTCUSDT,117,2020-09-05 17:45:00 to 2020-09-07 17:45:00,-1.7646015952986538,0,1,0.0,-1.7646015952986538,1.0,172,10,7,7,7,7.0
175,COMPUSDT,20,2020-09-10 09:00:00 to 2020-09-12 09:00:00,-3.6598997169778436,0,1,0.0,-3.6598997169778436,1.0,174,10,7,7,9,8.0
176,XRPUSDT,79,2020-09-11 08:15:00 to 2020-09-13 08:15:00,0.0,0,0,0.0,0.0,0.0,175,10,32,9,4,11.1
177,ZECUSDT,70,2020-09-14 08:00:00 to 2020-09-16 08:00:00,-0.5386507735058998,0,1,0.0,-0.5386507735058998,1.0,176,10,3,3,4,3.5
179,ADAUSDT,73,2020-09-18 08:00:00 to 2020-09-20 08:00:00,-1.3403479806795127,0,1,0.0,-1.3403479806795127,1.0,178,10,4,4,6,5.0
181,ETHUSDT,96,2020-09-22 07:45:00 to 2020-09-24 07:45:00,0.9909771152899705,1,1,100.0,-1.6299178134029368,0.6079920761286802,180,10,1,1,9,5.0
182,RLCUSDT,14,2020-09-23 07:00:00 to 2020-09-25 07:00:00,-2.3862109541131438,0,1,0.0,-2.3862109541131438,1.0,181,10,11,2,1,3.3000000000000003
183,NEOUSDT,70,2020-09-26 08:45:00 to 2020-09-28 08:45:00,-1.5641523875165153,0,1,0.0,-1.5641523875165153,1.0,182,10,4,4,10,7.0
185,XMRUSDT,76,2020-09-30 08:00:00 to 2020-10-02 08:00:00,0.0,0,0,0.0,0.0,0.0,184,10,4,4,9,6.5
186,ZILUSDT,31,2020-10-01 09:00:00 to 2020-10-03 09:00:00,-1.0885832927233885,0,1,0.0,-3.91500799318919,0.27805391320200645,185,10,37,8,4,11.8
187,SNXUSDT,13,2020-10-04 07:00:00 to 2020-10-06 07:00:00,0.0,0,0,0.0,0.0,0.0,186,10,14,9,7,9.0
189,ONTUSDT,76,2020-10-08 08:00:00 to 2020-10-10 08:00:00,0.0,0,0,0.0,0.0,0.0,188,10,5,5,8,6.5
191,BTCUSDT,129,2020-10-11 17:45:00 to 2020-10-13 17:45:00,0.0,0,0,0.0,0.0,0.0,190,10,2,2,4,3.0
193,RUNEUSDT,10,2020-10-16 07:00:00 to 2020-10-18 07:00:00,2.4275697047558387,1,1,100.0,-3.974549760167767,0.6107785412789423,192,10,2,2,5,3.5
194,NEOUSDT,77,2020-10-17 08:45:00 to 2020-10-19 08:45:00,0.0,0,0,0.0,0.0,0.0,193,10,37,12,6,14.0
195,ALGOUSDT,38,2020-10-20 09:00:00 to 2020-10-22 09:00:00,2.3717272338731554,1,1,100.0,0.0,999.0,194,10,1,1,3,2.0
197,DOTUSDT,17,2020-10-24 07:00:00 to 2020-10-26 07:00:00,-0.9263253751679801,0,1,0.0,-0.9263253751679801,1.0,196,10,4,4,8,6.0
198,SNXUSDT,20,2020-10-25 07:00:00 to 2020-10-27 07:00:00,0.0,0,0,0.0,0.0,0.0,197,10,4,1,22,12.1
199,DASHUSDT,85,2020-10-28 08:00:00 to 2020-10-30 08:00:00,0.0,0,0,0.0,0.0,0.0,198,10,16,7,5,7.800000000000001
200,AVAXUSDT,8,2020-10-29 07:00:00 to 2020-10-31 07:00:00,0.0,0,0,0.0,0.0,0.0,199,10,11,1,25,15.0
201,KSMUSDT,2,2020-11-01 07:00:00 to 2020-11-03 07:00:00,-1.2557965307368413,0,1,0.0,-1.2557965307368413,1.0,200,10,17,8,4,7.800000000000001
203,DOTUSDT,21,2020-11-05 07:00:00 to 2020-11-07 07:00:00,0.0,0,0,0.0,0.0,0.0,202,10,4,1,14,8.1
204,STORJUSDT,13,2020-11-06 07:00:00 to 2020-11-08 07:00:00,-2.29800611035319,0,1,0.0,-2.29800611035319,1.0,203,10,17,1,7,7.2
205,RUNEUSDT,18,2020-11-09 07:00:00 to 2020-11-11 07:00:00,0.0,0,0,0.0,0.0,0.0,204,10,20,6,4,7.8
207,NEOUSDT,86,2020-11-13 08:45:00 to 2020-11-15 08:45:00,-1.1413175887243776,0,1,0.0,-1.1413175887243776,1.0,206,10,4,4,7,5.5
209,ETCUSDT,98,2020-11-17 08:00:00 to 2020-11-19 08:00:00,-1.3758603076216347,0,1,0.0,-1.3758603076216347,1.0,208,10,4,4,9,6.5
210,FILUSDT,7,2020-11-18 06:00:00 to 2020-11-20 06:00:00,0.0,0,0,0.0,0.0,0.0,209,10,42,6,2,11.2
211,STORJUSDT,18,2020-11-21 07:00:00 to 2020-11-23 07:00:00,1.145385794197451,1,1,100.0,-3.0711017678555996,0.37295598803852664,210,10,16,14,5,9.9
212,KAVAUSDT,35,2020-11-22 07:00:00 to 2020-11-24 07:00:00,-1.9699817953400145,0,1,0.0,-1.9699817953400145,1.0,211,10,4,1,28,15.1
213,KAVAUSDT,36,2020-11-25 07:00:00 to 2020-11-27 07:00:00,0.0,0,0,0.0,0.0,0.0,212,10,16,11,4,8.5
214,DEFIUSDT,26,2020-11-26 07:00:00 to 2020-11-28 07:00:00,9.91223716227594,1,1,100.0,0.0,999.0,213,10,10,3,31,18.4
215,MKRUSDT,32,2020-11-29 07:00:00 to 2020-12-01 07:00:00,0.0,0,0,0.0,0.0,0.0,214,10,11,2,1,3.3000000000000003
216,ATOMUSDT,95,2020-11-30 12:00:00 to 2020-12-02 12:00:00,-2.7251345666780113,0,1,0.0,-2.7251345666780113,1.0,215,10,40,20,5,16.5
217,BNBUSDT,95,2020-12-03 08:00:00 to 2020-12-05 08:00:00,0.0,0,0,0.0,0.0,0.0,216,10,17,11,3,8.2
219,ZECUSDT,98,2020-12-07 08:00:00 to 2020-12-09 08:00:00,0.0,0,0,0.0,0.0,0.0,218,10,15,11,7,9.8
221,BANDUSDT,41,2020-12-11 07:00:00 to 2020-12-13 07:00:00,-1.1784749396481997,0,1,0.0,-1.1784749396481997,1.0,220,10,17,7,3,7.0
223,SUSHIUSDT,30,2020-12-15 07:00:00 to 2020-12-17 07:00:00,-1.8906653068561319,0,1,0.0,-1.8906653068561319,1.0,222,10,3,3,8,5.5
224,BCHUSDT,117,2020-12-16 08:45:00 to 2020-12-18 08:45:00,0.35635055318921083,1,1,100.0,0.0,999.0,223,10,6,6,18,12.0
225,DOGEUSDT,50,2020-12-19 09:00:00 to 2020-12-21 09:00:00,7.79945303139904,2,2,100.0,-7.333711145407939,1.063506985311622,224,10,18,7,3,7.2
226,XMRUSDT,103,2020-12-20 08:00:00 to 2020-12-22 08:00:00,-1.0798012783738709,0,1,0.0,-1.0798012783738709,1.0,225,10,43,19,5,16.8
227,UNIUSDT,28,2020-12-23 07:00:00 to 2020-12-25 07:00:00,6.299582444390972,1,1,100.0,0.0,999.0,226,10,3,1,12,6.9
228,SUSHIUSDT,33,2020-12-24 07:00:00 to 2020-12-26 07:00:00,1.4271023324176735,1,1,100.0,-7.765108123146058,0.18378396150902254,227,10,13,1,1,3.4
229,ATOMUSDT,104,2020-12-27 12:00:00 to 2020-12-29 12:00:00,0.7486174579713234,1,1,100.0,-1.8899694871948869,0.3961002878847687,228,10,18,6,2,6.4
231,DOGEUSDT,54,2020-12-31 09:00:00 to 2021-01-02 09:00:00,0.0,0,0,0.0,0.0,0.0,230,10,8,1,12,7.9
233,IOTAUSDT,105,2021-01-04 08:00:00 to 2021-01-06 08:00:00,-2.488118770688963,0,1,0.0,-2.488118770688963,1.0,232,10,19,7,3,7.4
235,SXPUSDT,53,2021-01-08 09:00:00 to 2021-01-10 09:00:00,-8.505814627220133,0,1,0.0,-8.505814627220133,1.0,234,10,4,1,12,7.1
237,DOGEUSDT,58,2021-01-12 09:00:00 to 2021-01-14 09:00:00,1.5962971494152045,1,1,100.0,-4.9138614677880055,0.3248559528752413,236,10,19,11,2,8.1
239,SKLUSDT,9,2021-01-16 07:30:00 to 2021-01-18 07:30:00,1.4702552915001998,1,1,100.0,-7.0473802323388846,0.20862437431054454,238,10,2,1,10,5.7
241,SNXUSDT,49,2021-01-20 07:00:00 to 2021-01-22 07:00:00,-9.008906072132394,0,1,0.0,-9.008906072132394,1.0,240,10,1,1,14,7.5
243,KNCUSDT,68,2021-01-24 08:45:00 to 2021-01-26 08:45:00,0.15457040390483012,1,1,100.0,-1.2001031893231984,0.12879759447352235,242,10,2,1,17,9.2
244,NEARUSDT,30,2021-01-25 08:00:00 to 2021-01-27 08:00:00,-3.473757195136129,0,1,0.0,-3.473757195136129,1.0,243,10,6,1,24,13.5
245,SKLUSDT,13,2021-01-28 07:30:00 to 2021-01-30 07:30:00,1.4507991409731025,1,1,100.0,0.0,999.0,244,10,17,8,3,7.300000000000001
247,STORJUSDT,42,2021-02-01 07:00:00 to 2021-02-03 07:00:00,0.0,0,0,0.0,0.0,0.0,246,10,19,12,3,8.9
249,ALGOUSDT,74,2021-02-05 09:00:00 to 2021-02-07 09:00:00,4.525121987309855,1,1,100.0,-4.922786828883485,0.9192195690375196,248,10,20,10,2,8.0
251,ICXUSDT,45,2021-02-09 06:45:00 to 2021-02-11 06:45:00,1.4849177999800123,1,1,100.0,-3.9602997739440315,0.3749508584551402,250,10,9,2,13,8.9
252,AAVEUSDT,35,2021-02-10 07:00:00 to 2021-02-12 07:00:00,2.2288268046541715,1,1,100.0,-4.574356125831525,0.4872438313379058,251,10,31,1,5,9.0
253,RSRUSDT,35,2021-02-13 07:00:00 to 2021-02-15 07:00:00,0.44855263192891126,1,1,100.0,-8.016851505396216,0.05595122120286079,252,10,17,16,4,10.2
254,ZECUSDT,121,2021-02-14 08:00:00 to 2021-02-16 08:00:00,-5.830616551997824,0,1,0.0,-5.830616551997824,1.0,253,10,7,2,20,12.0
255,CHZUSDT,5,2021-02-17 07:00:00 to 2021-02-19 07:00:00,-2.2500463992684794,0,1,0.0,-2.2500463992684794,1.0,254,10,22,2,9,9.5
257,ETCUSDT,130,2021-02-21 08:00:00 to 2021-02-23 08:00:00,-2.9041633192271266,0,1,0.0,-2.9041633192271266,1.0,256,10,19,13,1,8.2
259,ZRXUSDT,78,2021-02-25 09:00:00 to 2021-02-27 09:00:00,-2.0443098796880887,0,1,0.0,-2.0443098796880887,1.0,258,10,4,11,9,8.6
260,CHZUSDT,8,2021-02-26 07:00:00 to 2021-02-28 07:00:00,10.961445367009336,1,1,100.0,-17.571753161970584,0.6238105706340382,259,10,19,7,1,6.4
261,ALGOUSDT,82,2021-03-01 09:00:00 to 2021-03-03 09:00:00,0.0,0,0,0.0,0.0,0.0,260,10,20,9,2,7.699999999999999
263,NEARUSDT,43,2021-03-05 08:00:00 to 2021-03-07 08:00:00,2.1552916163054103,1,1,100.0,-2.5907187362056217,0.8319280615780238,262,10,8,9,10,9.3
264,FILUSDT,43,2021-03-06 06:00:00 to 2021-03-08 06:00:00,0.0,0,0,0.0,0.0,0.0,263,10,2,1,30,15.7
265,AAVEUSDT,44,2021-03-09 07:00:00 to 2021-03-11 07:00:00,-1.546915771814139,0,1,0.0,-1.546915771814139,1.0,264,10,1,1,7,4.0
267,ONTUSDT,128,2021-03-13 08:00:00 to 2021-03-15 08:00:00,1.1838346820357115,1,1,100.0,-3.099289788353221,0.38196966494854007,266,10,18,11,4,8.9
269,BANDUSDT,73,2021-03-17 07:00:00 to 2021-03-19 07:00:00,-0.8200139465189604,0,1,0.0,-0.8200139465189604,1.0,268,10,16,13,5,9.6
270,ZILUSDT,87,2021-03-18 09:00:00 to 2021-03-20 09:00:00,6.985474024351879,1,1,100.0,-7.532461787871125,0.9273826035997934,269,10,12,2,11,8.5
271,XLMUSDT,138,2021-03-21 08:00:00 to 2021-03-23 08:00:00,-1.2519828382068554,0,1,0.0,-1.2519828382068554,1.0,270,10,19,7,4,7.9
273,XRPUSDT,144,2021-03-25 08:15:00 to 2021-03-27 08:15:00,1.3811280604590248,1,1,100.0,-4.415216887317341,0.312810920891859,272,10,6,1,17,10.0
274,BTCUSDT,184,2021-03-25 17:45:00 to 2021-03-27 17:45:00,-2.5873670177446684,0,1,0.0,-2.5873670177446684,1.0,273,10,21,1,1,5.0
275,ALPHAUSDT,38,2021-03-29 07:00:00 to 2021-03-31 07:00:00,-3.3299496152353725,0,1,0.0,-3.3299496152353725,1.0,274,10,22,3,1,5.800000000000001
277,XLMUSDT,142,2021-04-02 08:00:00 to 2021-04-04 08:00:00,0.0,0,0,0.0,0.0,0.0,276,10,23,8,1,7.5
279,DOGEUSDT,86,2021-04-06 09:00:00 to 2021-04-08 09:00:00,4.373555286958997,1,1,100.0,-5.598720959204472,0.7811704349667106,278,10,21,9,4,8.9
281,ADAUSDT,141,2021-04-10 08:00:00 to 2021-04-12 08:00:00,0.0,0,0,0.0,0.0,0.0,280,10,14,11,8,10.1
283,SNXUSDT,77,2021-04-14 07:00:00 to 2021-04-16 07:00:00,-1.2158876495588777,0,1,0.0,-1.2158876495588777,1.0,282,10,24,13,1,9.200000000000001
284,FLMUSDT,62,2021-04-15 07:00:00 to 2021-04-17 07:00:00,0.0,0,0,0.0,0.0,0.0,283,10,24,1,8,9.100000000000001
285,ZECUSDT,142,2021-04-18 08:00:00 to 2021-04-20 08:00:00,5.3211469689237845,1,1,100.0,-6.835923316780123,0.7784094002140104,284,10,24,8,2,8.200000000000001
287,XTZUSDT,143,2021-04-22 08:00:00 to 2021-04-24 08:00:00,-7.519841313444198,0,1,0.0,-7.519841313444198,1.0,286,10,10,1,16,10.3
288,RSRUSDT,58,2021-04-23 07:00:00 to 2021-04-25 07:00:00,18.1486382808147,1,1,100.0,-6.332861814380286,2.865787824329887,287,10,1,4,41,21.9
289,SUSHIUSDT,74,2021-04-26 07:00:00 to 2021-04-28 07:00:00,0.0,0,0,0.0,0.0,0.0,288,10,12,1,1,3.2
291,FLMUSDT,67,2021-04-30 07:00:00 to 2021-05-02 07:00:00,0.0,0,0,0.0,0.0,0.0,290,10,2,2,7,4.5
292,ETCUSDT,153,2021-05-01 08:00:00 to 2021-05-03 08:00:00,0.0,0,0,0.0,0.0,0.0,291,10,7,7,16,11.5
293,IOTAUSDT,145,2021-05-04 08:00:00 to 2021-05-06 08:00:00,2.987980999165818,1,1,100.0,0.0,999.0,292,10,24,1,1,5.6000000000000005
295,CRVUSDT,79,2021-05-08 07:00:00 to 2021-05-10 07:00:00,3.390482761894975,1,1,100.0,0.0,999.0,294,10,23,13,2,9.5
296,KAVAUSDT,91,2021-05-09 07:00:00 to 2021-05-11 07:00:00,2.941120913074058,1,1,100.0,-4.683111370059545,0.6280271128885543,295,10,6,2,37,20.3
297,XRPUSDT,160,2021-05-12 08:15:00 to 2021-05-14 08:15:00,5.453228053113968,1,1,100.0,-4.234803428555778,1.2877169259716306,296,10,23,13,3,10.0
299,ETCUSDT,158,2021-05-16 08:00:00 to 2021-05-18 08:00:00,0.09514045504115387,1,1,100.0,-1.6894804059480517,0.05631344092905642,298,10,9,1,14,9.1
301,ZRXUSDT,106,2021-05-20 09:00:00 to 2021-05-22 09:00:00,5.896374990432651,1,1,100.0,-10.969152494018298,0.5375415278115665,300,10,20,17,4,11.1
302,EGLDUSDT,79,2021-05-21 07:00:00 to 2021-05-23 07:00:00,-1.905538382944405,0,1,0.0,-2.087783386868003,0.9127088542470905,301,10,12,5,1,4.4
303,SOLUSDT,80,2021-05-24 07:00:00 to 2021-05-26 07:00:00,-3.0860706476192767,0,1,0.0,-3.0860706476192767,1.0,302,10,22,16,4,11.2
304,BANDUSDT,96,2021-05-25 07:00:00 to 2021-05-27 07:00:00,1.0259484426951904,1,1,100.0,-1.6492268582196878,0.6220784227360232,303,10,10,1,1,2.8
305,SFPUSDT,27,2021-05-28 07:00:00 to 2021-05-30 07:00:00,-1.909677340106719,0,1,0.0,-1.909677340106719,1.0,304,10,24,8,3,8.700000000000001
306,HOTUSDT,16,2021-05-29 07:00:00 to 2021-05-31 07:00:00,5.153662632189704,1,1,100.0,-5.564295272233433,0.9262022196965644,305,10,8,2,24,14.2
307,BELUSDT,61,2021-06-01 07:00:00 to 2021-06-03 07:00:00,0.0,0,0,0.0,0.0,0.0,306,10,2,2,6,4.0
308,VETUSDT,154,2021-06-02 08:00:00 to 2021-06-04 08:00:00,0.0,0,0,0.0,0.0,0.0,307,10,2,2,6,4.0
309,LTCUSDT,167,2021-06-05 08:00:00 to 2021-06-07 08:00:00,0.0,0,0,0.0,0.0,0.0,308,10,2,2,3,2.5
311,ALPHAUSDT,62,2021-06-09 07:00:00 to 2021-06-11 07:00:00,0.0,0,0,0.0,0.0,0.0,310,10,23,7,4,8.700000000000001
312,SNXUSDT,96,2021-06-10 07:00:00 to 2021-06-12 07:00:00,0.0,0,0,0.0,0.0,0.0,311,10,13,2,1,3.7
313,BNBUSDT,159,2021-06-13 08:00:00 to 2021-06-15 08:00:00,0.0,0,0,0.0,0.0,0.0,312,10,4,4,7,5.5
315,FLMUSDT,83,2021-06-17 07:00:00 to 2021-06-19 07:00:00,0.0,0,0,0.0,0.0,0.0,314,10,2,2,4,3.0
317,IOSTUSDT,158,2021-06-21 08:00:00 to 2021-06-23 08:00:00,16.053177052477285,1,1,100.0,0.0,999.0,316,10,4,4,9,6.5
319,ZRXUSDT,118,2021-06-25 09:00:00 to 2021-06-27 09:00:00,0.0,0,0,0.0,0.0,0.0,318,10,11,1,14,9.5
321,ONTUSDT,164,2021-06-29 08:00:00 to 2021-07-01 08:00:00,1.4829272420373352,1,1,100.0,-2.6181591942299964,0.5664007159325793,320,10,3,3,11,7.0
323,HBARUSDT,32,2021-07-03 07:00:00 to 2021-07-05 07:00:00,-1.6218912457957035,0,1,0.0,-1.6218912457957035,1.0,322,10,5,6,10,7.8
325,ONEUSDT,33,2021-07-07 07:00:00 to 2021-07-09 07:00:00,3.8729942123466365,2,2,100.0,-7.8481202826999885,0.49349322803883056,324,10,26,4,2,7.4
327,KSMUSDT,86,2021-07-11 07:00:00 to 2021-07-13 07:00:00,0.9041494912353176,1,1,100.0,-0.7171470179951678,1.2607589079334496,326,10,11,2,1,3.3000000000000003
329,1000SHIBUSDT,18,2021-07-15 17:30:00 to 2021-07-17 17:30:00,0.0,0,0,0.0,0.0,0.0,328,10,26,9,3,9.4
330,LRCUSDT,86,2021-07-16 07:00:00 to 2021-07-18 07:00:00,-2.203498004191995,0,1,0.0,-2.203498004191995,1.0,329,10,41,4,1,9.9
331,DASHUSDT,173,2021-07-19 08:00:00 to 2021-07-21 08:00:00,3.228313792327686,1,1,100.0,-13.73314953388608,0.23507453875470674,330,10,21,11,7,11.0
333,MTLUSDT,34,2021-07-23 07:00:00 to 2021-07-25 07:00:00,1.147417053927624,1,1,100.0,-1.7044350445157619,0.6731949437554604,332,10,14,14,10,12.0
335,ETCUSDT,182,2021-07-27 08:00:00 to 2021-07-29 08:00:00,-4.9340809367567795,0,1,0.0,-4.9340809367567795,1.0,334,10,8,9,11,9.8
337,CRVUSDT,107,2021-07-31 07:00:00 to 2021-08-02 07:00:00,0.0,0,0,0.0,0.0,0.0,336,10,28,5,1,7.6000000000000005
339,LTCUSDT,187,2021-08-04 08:00:00 to 2021-08-06 08:00:00,-1.127708185011389,0,1,0.0,-1.127708185011389,1.0,338,10,22,9,4,9.1
341,MKRUSDT,116,2021-08-08 07:00:00 to 2021-08-10 07:00:00,0.9119596613254233,1,1,100.0,0.0,999.0,340,10,23,3,2,6.5
342,SUSHIUSDT,109,2021-08-09 07:00:00 to 2021-08-11 07:00:00,1.4242389843027503,1,1,100.0,-3.9927320059161997,0.3567078837729142,341,10,8,1,36,19.9
343,STORJUSDT,106,2021-08-12 07:00:00 to 2021-08-14 07:00:00,-2.8355988992397108,0,1,0.0,-2.8355988992397108,1.0,342,10,9,1,16,10.1
345,SOLUSDT,108,2021-08-16 07:00:00 to 2021-08-18 07:00:00,4.5193017104780075,1,1,100.0,-8.227191756621632,0.549312796415698,344,10,26,11,2,9.5
347,THETAUSDT,146,2021-08-20 08:00:00 to 2021-08-22 08:00:00,-1.1105587593173039,0,1,0.0,-1.1105587593173039,1.0,346,10,6,1,17,10.0
349,BALUSDT,115,2021-08-24 07:00:00 to 2021-08-26 07:00:00,4.292238510522761,1,1,100.0,0.0,999.0,348,10,23,14,2,9.8
351,EGLDUSDT,112,2021-08-28 07:00:00 to 2021-08-30 07:00:00,0.0,0,0,0.0,0.0,0.0,350,10,5,2,19,11.1
352,IOTAUSDT,184,2021-08-29 08:00:00 to 2021-08-31 08:00:00,-0.18653344324414123,0,1,0.0,-0.18653344324414123,1.0,351,10,9,1,10,7.1
353,IOTAUSDT,185,2021-09-01 08:00:00 to 2021-09-03 08:00:00,0.0,0,0,0.0,0.0,0.0,352,10,23,10,5,10.100000000000001
355,BELUSDT,93,2021-09-05 07:00:00 to 2021-09-07 07:00:00,-0.8630582797489517,0,1,0.0,-0.8630582797489517,1.0,354,10,26,11,1,9.0
357,QTUMUSDT,185,2021-09-09 08:00:00 to 2021-09-11 08:00:00,-1.063633721880708,0,1,0.0,-1.063633721880708,1.0,356,10,27,5,1,7.4
358,DOTUSDT,124,2021-09-10 07:00:00 to 2021-09-12 07:00:00,-1.1333810015310641,0,1,0.0,-1.1333810015310641,1.0,357,10,11,1,1,3.0
359,DEFIUSDT,123,2021-09-13 07:00:00 to 2021-09-15 07:00:00,0.0,0,0,0.0,0.0,0.0,358,10,24,8,3,8.700000000000001
361,DASHUSDT,193,2021-09-17 08:00:00 to 2021-09-19 08:00:00,0.0,0,0,0.0,0.0,0.0,360,10,5,5,7,6.0
362,GRTUSDT,87,2021-09-18 07:00:00 to 2021-09-20 07:00:00,-0.9207736900861074,0,1,0.0,-0.9207736900861074,1.0,361,10,5,1,25,13.8
363,ONTUSDT,192,2021-09-21 08:00:00 to 2021-09-23 08:00:00,-1.6034438053384559,0,1,0.0,-1.6034438053384559,1.0,362,10,3,4,9,6.3
364,SFPUSDT,66,2021-09-22 07:00:00 to 2021-09-24 07:00:00,0.0,0,0,0.0,0.0,0.0,363,10,18,1,1,4.4
365,ETCUSDT,202,2021-09-25 08:00:00 to 2021-09-27 08:00:00,0.0,0,0,0.0,0.0,0.0,364,10,6,6,10,8.0
367,BNBUSDT,195,2021-09-29 08:00:00 to 2021-10-01 08:00:00,0.0,0,0,0.0,0.0,0.0,366,10,25,9,5,10.2
369,ONTUSDT,196,2021-10-03 08:00:00 to 2021-10-05 08:00:00,0.0,0,0,0.0,0.0,0.0,368,10,2,2,3,2.5
370,CELRUSDT,59,2021-10-04 07:00:00 to 2021-10-06 07:00:00,1.343293657334188,1,1,100.0,-6.347534385949782,0.2116244789957433,369,10,10,1,15,9.8
371,UNIUSDT,124,2021-10-07 07:00:00 to 2021-10-09 07:00:00,0.0,0,0,0.0,0.0,0.0,370,10,27,4,2,7.6000000000000005
372,ZENUSDT,102,2021-10-08 07:00:00 to 2021-10-10 07:00:00,0.0,0,0,0.0,0.0,0.0,371,10,7,1,40,21.7
373,ETHUSDT,224,2021-10-11 07:45:00 to 2021-10-13 07:45:00,-2.6247959314372293,0,1,0.0,-2.6247959314372293,1.0,372,10,28,7,2,8.700000000000001
375,XRPUSDT,212,2021-10-15 08:15:00 to 2021-10-17 08:15:00,-0.7088390344363815,0,1,0.0,-0.7088390344363815,1.0,374,10,20,1,1,4.8
377,ICXUSDT,129,2021-10-19 06:45:00 to 2021-10-21 06:45:00,0.0,0,0,0.0,0.0,0.0,376,10,7,1,17,10.2
379,EOSUSDT,214,2021-10-23 08:00:00 to 2021-10-25 08:00:00,0.7987166196108175,1,1,100.0,0.0,999.0,378,10,25,8,2,8.4
381,CELOUSDT,6,2021-10-27 03:30:00 to 2021-10-29 03:30:00,-1.5732943623727458,1,2,50.0,-4.459510607330364,0.3527952954718009,380,10,16,5,4,6.7
383,SKLUSDT,105,2021-10-31 07:30:00 to 2021-11-02 07:30:00,-3.8261012776002357,0,1,0.0,-3.8261012776002357,1.0,382,10,25,4,2,7.2
384,CRVUSDT,138,2021-11-01 07:00:00 to 2021-11-03 07:00:00,2.55352284757584,1,1,100.0,0.0,999.0,383,10,2,1,31,16.2
385,HOTUSDT,69,2021-11-04 07:00:00 to 2021-11-06 07:00:00,-3.672530739066171,0,1,0.0,-3.672530739066171,1.0,384,10,28,8,3,9.5
386,GRTUSDT,103,2021-11-05 07:00:00 to 2021-11-07 07:00:00,-3.7777711680467063,0,1,0.0,-3.7777711680467063,1.0,385,10,20,1,27,17.8
387,1INCHUSDT,102,2021-11-08 10:00:00 to 2021-11-10 10:00:00,0.0,0,0,0.0,0.0,0.0,386,10,27,7,2,8.5
388,CELRUSDT,71,2021-11-09 07:00:00 to 2021-11-11 07:00:00,-1.5146216961709258,0,1,0.0,-1.5146216961709258,1.0,387,10,63,7,6,17.700000000000003
389,MKRUSDT,148,2021-11-12 07:00:00 to 2021-11-14 07:00:00,-0.9166248337395766,0,1,0.0,-0.9166248337395766,1.0,388,10,26,8,3,9.1
390,ATOMUSDT,211,2021-11-13 12:00:00 to 2021-11-15 12:00:00,-2.090405703583187,0,1,0.0,-2.090405703583187,1.0,389,10,32,2,1,7.5
391,COMPUSDT,164,2021-11-16 09:00:00 to 2021-11-18 09:00:00,1.5330203018867783,1,1,100.0,0.0,999.0,390,10,24,4,4,8.0
393,GALAUSDT,17,2021-11-20 03:30:00 to 2021-11-22 03:30:00,-1.7030429427389082,0,1,0.0,-1.7030429427389082,1.0,392,10,1,1,20,10.5
395,ARUSDT,15,2021-11-24 03:30:00 to 2021-11-26 03:30:00,0.08395444485802539,1,1,100.0,-0.9981955397638131,0.08410621117170106,394,10,30,6,2,8.8
396,LRCUSDT,130,2021-11-25 07:00:00 to 2021-11-27 07:00:00,-0.8076345719830069,1,2,50.0,-4.4895162435818925,0.179893451357389,395,10,6,2,30,16.8
397,ANKRUSDT,98,2021-11-28 07:00:00 to 2021-11-30 07:00:00,0.0,0,0,0.0,0.0,0.0,396,10,7,1,22,12.7
399,KNCUSDT,172,2021-12-02 08:45:00 to 2021-12-04 08:45:00,-0.19693738165503794,0,1,0.0,-0.19693738165503794,1.0,398,10,31,5,3,9.2
401,THETAUSDT,182,2021-12-06 08:00:00 to 2021-12-08 08:00:00,0.0,0,0,0.0,0.0,0.0,400,10,10,1,1,2.8
402,ONEUSDT,84,2021-12-07 07:00:00 to 2021-12-09 07:00:00,0.0,0,0,0.0,0.0,0.0,401,10,14,4,1,4.5
403,BNBUSDT,219,2021-12-10 08:00:00 to 2021-12-12 08:00:00,0.4204582794252065,1,1,100.0,-1.1420852918770596,0.36814963156925673,402,10,3,3,5,4.0
404,COTIUSDT,88,2021-12-11 07:00:00 to 2021-12-13 07:00:00,-3.173429803016381,0,1,0.0,-3.173429803016381,1.0,403,10,6,1,21,12.0
405,ONTUSDT,220,2021-12-14 08:00:00 to 2021-12-16 08:00:00,0.0,0,0,0.0,0.0,0.0,404,10,1,1,11,6.0
406,SFPUSDT,94,2021-12-15 07:00:00 to 2021-12-17 07:00:00,1.5027285762019948,1,1,100.0,0.0,999.0,405,10,8,1,24,13.9
407,ENSUSDT,2,2021-12-18 03:30:00 to 2021-12-20 03:30:00,-1.8705452901656927,0,1,0.0,-1.8705452901656927,1.0,406,10,5,5,7,6.0
409,RSRUSDT,139,2021-12-22 07:00:00 to 2021-12-24 07:00:00,0.0,0,0,0.0,0.0,0.0,408,10,17,8,6,8.8
410,ENJUSDT,146,2021-12-23 07:00:00 to 2021-12-25 07:00:00,0.0,0,0,0.0,0.0,0.0,409,10,73,10,4,19.6
411,ENJUSDT,147,2021-12-26 07:00:00 to 2021-12-28 07:00:00,0.0,0,0,0.0,0.0,0.0,410,10,3,3,7,5.0
412,DOTUSDT,160,2021-12-27 07:00:00 to 2021-12-29 07:00:00,0.0,0,0,0.0,0.0,0.0,411,10,75,10,3,19.5
413,ENSUSDT,6,2021-12-30 03:30:00 to 2022-01-01 03:30:00,0.7085732332370753,1,1,100.0,-1.74028537508375,0.4071592184718416,412,10,3,3,7,5.0
415,ZENUSDT,131,2022-01-03 07:00:00 to 2022-01-05 07:00:00,0.0,0,0,0.0,0.0,0.0,414,10,26,7,2,8.3
417,AVAXUSDT,153,2022-01-07 07:00:00 to 2022-01-09 07:00:00,0.3295527384212793,1,1,100.0,0.0,999.0,416,10,6,1,19,11.0
418,AXSUSDT,134,2022-01-08 07:00:00 to 2022-01-10 07:00:00,0.0,0,0,0.0,0.0,0.0,417,10,10,1,1,2.8
419,THETAUSDT,194,2022-01-11 08:00:00 to 2022-01-13 08:00:00,0.0,0,0,0.0,0.0,0.0,418,10,22,10,7,10.9
420,DENTUSDT,94,2022-01-12 04:00:00 to 2022-01-14 04:00:00,0.0,0,0,0.0,0.0,0.0,419,10,63,11,8,19.900000000000002
421,ETHUSDT,256,2022-01-15 07:45:00 to 2022-01-17 07:45:00,0.0,0,0,0.0,0.0,0.0,420,10,2,2,7,4.5
422,TRXUSDT,240,2022-01-16 08:00:00 to 2022-01-18 08:00:00,0.0,0,0,0.0,0.0,0.0,421,10,10,10,29,19.5
423,ENJUSDT,155,2022-01-19 07:00:00 to 2022-01-21 07:00:00,0.0,0,0,0.0,0.0,0.0,422,10,3,3,7,5.0
424,DYDXUSDT,40,2022-01-20 03:30:00 to 2022-01-22 03:30:00,-3.3863126961892864,0,1,0.0,-3.3863126961892864,1.0,423,10,9,1,42,23.1
425,ENSUSDT,14,2022-01-23 03:30:00 to 2022-01-25 03:30:00,0.0,0,0,0.0,0.0,0.0,424,10,5,5,10,7.5
427,SNXUSDT,173,2022-01-27 07:00:00 to 2022-01-29 07:00:00,-1.1805113803344924,1,2,50.0,-3.456841112438991,0.3415000406256963,426,10,28,7,5,10.200000000000001
429,MTLUSDT,98,2022-01-31 07:00:00 to 2022-02-02 07:00:00,0.0,0,0,0.0,0.0,0.0,428,10,1,1,2,1.5
431,ARPAUSDT,32,2022-02-04 03:30:00 to 2022-02-06 03:30:00,0.0,0,0,0.0,0.0,0.0,430,10,2,2,4,3.0
432,MANAUSDT,105,2022-02-05 07:00:00 to 2022-02-07 07:00:00,0.0,0,0,0.0,0.0,0.0,431,10,2,1,37,19.2
433,BNBUSDT,239,2022-02-08 08:00:00 to 2022-02-10 08:00:00,-1.0603243292873321,0,1,0.0,-1.0603243292873321,1.0,432,10,2,2,6,4.0
435,LPTUSDT,27,2022-02-12 03:30:00 to 2022-02-14 03:30:00,0.0,0,0,0.0,0.0,0.0,434,10,11,1,18,11.5
437,DOTUSDT,177,2022-02-16 07:00:00 to 2022-02-18 07:00:00,0.0,0,0,0.0,0.0,0.0,436,10,3,1,18,9.9
438,ROSEUSDT,12,2022-02-17 03:30:00 to 2022-02-19 03:30:00,2.1295558266507753,1,1,100.0,-2.68103633207486,0.7943032331093803,437,10,3,1,40,20.9
439,XLMUSDT,250,2022-02-20 08:00:00 to 2022-02-22 08:00:00,0.0,0,0,0.0,0.0,0.0,438,10,11,1,10,7.5
441,DUSKUSDT,12,2022-02-24 03:30:00 to 2022-02-26 03:30:00,-4.444800024427053,0,1,0.0,-4.444800024427053,1.0,440,10,21,20,8,14.2
443,HBARUSDT,112,2022-02-28 07:00:00 to 2022-03-02 07:00:00,0.0,0,0,0.0,0.0,0.0,442,10,2,2,4,3.0
445,ETHUSDT,272,2022-03-04 07:45:00 to 2022-03-06 07:45:00,0.0,0,0,0.0,0.0,0.0,444,10,1,1,1,1.0
446,ATAUSDT,58,2022-03-05 03:30:00 to 2022-03-07 03:30:00,0.0,0,0,0.0,0.0,0.0,445,10,4,4,19,11.5
447,CELOUSDT,50,2022-03-08 03:30:00 to 2022-03-10 03:30:00,-1.0337018866070413,0,1,0.0,-1.0337018866070413,1.0,446,10,23,2,2,6.2
448,ETCUSDT,257,2022-03-09 08:00:00 to 2022-03-11 08:00:00,0.0,0,0,0.0,0.0,0.0,447,10,79,11,2,20.1
449,API3USDT,2,2022-03-12 03:30:00 to 2022-03-14 03:30:00,0.0,0,0,0.0,0.0,0.0,448,10,2,2,8,5.0
450,COMPUSDT,203,2022-03-13 09:00:00 to 2022-03-15 09:00:00,0.0,0,0,0.0,0.0,0.0,449,10,27,1,1,6.2
451,LRCUSDT,167,2022-03-16 07:00:00 to 2022-03-18 07:00:00,0.0,0,0,0.0,0.0,0.0,450,10,24,9,2,8.5
452,ZECUSDT,253,2022-03-17 08:00:00 to 2022-03-19 08:00:00,1.260079768376321,1,1,100.0,-1.6992437987823683,0.7415532540293863,451,10,11,1,39,22.0
453,ONTUSDT,252,2022-03-20 08:00:00 to 2022-03-22 08:00:00,-1.3397659962694153,0,1,0.0,-1.3397659962694153,1.0,452,10,3,3,10,6.5
455,ARPAUSDT,48,2022-03-24 03:30:00 to 2022-03-26 03:30:00,0.0,0,0,0.0,0.0,0.0,454,10,25,7,2,8.1
456,MANAUSDT,121,2022-03-25 07:00:00 to 2022-03-27 07:00:00,0.0,0,0,0.0,0.0,0.0,455,10,8,8,31,19.5
457,STORJUSDT,182,2022-03-28 07:00:00 to 2022-03-30 07:00:00,2.7705130018714774,1,1,100.0,-3.3037110240384804,0.8386063374528387,456,10,24,9,5,10.0
459,QTUMUSDT,253,2022-04-01 08:00:00 to 2022-04-03 08:00:00,-1.709114405183787,0,1,0.0,-1.709114405183787,1.0,458,10,25,15,2,10.5
461,ICXUSDT,185,2022-04-05 06:45:00 to 2022-04-07 06:45:00,9.606920387955054,1,1,100.0,0.0,999.0,460,10,27,11,4,10.7
463,CHRUSDT,127,2022-04-09 07:00:00 to 2022-04-11 07:00:00,2.8870428818239535,1,1,100.0,0.0,999.0,462,10,10,1,1,2.8
465,RLCUSDT,203,2022-04-13 07:00:00 to 2022-04-15 07:00:00,0.0,0,0,0.0,0.0,0.0,464,10,12,1,10,7.7
466,FLOWUSDT,17,2022-04-14 03:30:00 to 2022-04-16 03:30:00,-0.7265027349316444,0,1,0.0,-0.7265027349316444,1.0,465,10,10,1,1,2.8
467,MKRUSDT,200,2022-04-17 07:00:00 to 2022-04-19 07:00:00,0.5564727439539174,1,1,100.0,-0.6915997957600339,0.8046166979306022,466,10,5,5,11,8.0
469,BELUSDT,169,2022-04-21 07:00:00 to 2022-04-23 07:00:00,0.0,0,0,0.0,0.0,0.0,468,10,19,6,6,8.6
470,CELOUSDT,65,2022-04-22 03:30:00 to 2022-04-24 03:30:00,0.0,0,0,0.0,0.0,0.0,469,10,9,9,24,16.5
471,ATAUSDT,75,2022-04-25 03:30:00 to 2022-04-27 03:30:00,-1.2646061615093962,0,1,0.0,-1.2646061615093962,1.0,470,10,3,3,14,8.5
473,ALPHAUSDT,170,2022-04-29 07:00:00 to 2022-05-01 07:00:00,0.0,0,0,0.0,0.0,0.0,472,10,10,1,1,2.8
475,ANKRUSDT,150,2022-05-03 07:00:00 to 2022-05-05 07:00:00,-1.0405519595209523,0,1,0.0,-1.0405519595209523,1.0,474,10,13,1,1,3.4
476,RLCUSDT,210,2022-05-04 07:00:00 to 2022-05-06 07:00:00,-1.2482691851120387,0,1,0.0,-1.2482691851120387,1.0,475,10,3,1,40,20.9
477,GTCUSDT,106,2022-05-07 03:30:00 to 2022-05-09 03:30:00,-1.54407256015473,0,1,0.0,-1.54407256015473,1.0,476,10,6,6,12,9.0
478,IOTAUSDT,268,2022-05-08 08:00:00 to 2022-05-10 08:00:00,1.3496429668407028,1,1,100.0,0.0,999.0,477,10,10,1,1,2.8
479,ARUSDT,71,2022-05-11 03:30:00 to 2022-05-13 03:30:00,9.884664182523139,1,2,50.0,-12.817431789371202,0.771189138741503,478,10,21,12,9,12.3
481,HOTUSDT,133,2022-05-15 07:00:00 to 2022-05-17 07:00:00,0.0,0,0,0.0,0.0,0.0,480,10,11,1,1,3.0
482,MTLUSDT,133,2022-05-16 07:00:00 to 2022-05-18 07:00:00,-0.7697514090812874,0,1,0.0,-0.7697514090812874,1.0,481,10,7,1,35,19.2
483,ENJUSDT,195,2022-05-19 07:00:00 to 2022-05-21 07:00:00,0.0,0,0,0.0,0.0,0.0,482,10,2,2,11,6.5
485,SKLUSDT,173,2022-05-23 07:30:00 to 2022-05-25 07:30:00,1.9937326942355948,1,1,100.0,-3.3212931587543904,0.6002880802558602,484,10,33,3,3,9.0
487,LINKUSDT,283,2022-05-27 08:00:00 to 2022-05-29 08:00:00,1.5492379575507087,1,1,100.0,-3.1774026278772127,0.4875799950432273,486,10,30,9,1,9.2
489,ENJUSDT,199,2022-05-31 07:00:00 to 2022-06-02 07:00:00,0.0,0,0,0.0,0.0,0.0,488,10,4,4,12,8.0
491,ENSUSDT,58,2022-06-04 03:30:00 to 2022-06-06 03:30:00,0.0,0,0,0.0,0.0,0.0,490,10,10,1,1,2.8
492,ZENUSDT,182,2022-06-05 07:00:00 to 2022-06-07 07:00:00,0.0,0,0,0.0,0.0,0.0,491,10,9,1,41,22.6
493,C98USDT,92,2022-06-08 03:30:00 to 2022-06-10 03:30:00,0.0,0,0,0.0,0.0,0.0,492,10,2,2,9,5.5
495,FLMUSDT,203,2022-06-12 07:00:00 to 2022-06-14 07:00:00,0.0,0,0,0.0,0.0,0.0,494,10,6,1,17,10.0
497,ENSUSDT,62,2022-06-16 03:30:00 to 2022-06-18 03:30:00,2.6689195190399806,1,1,100.0,-2.3951476547196537,1.1143027085536283,496,10,15,1,8,7.3
499,ATOMUSDT,284,2022-06-20 12:00:00 to 2022-06-22 12:00:00,0.0,0,0,0.0,0.0,0.0,498,10,29,11,3,10.600000000000001
501,RVNUSDT,158,2022-06-24 07:00:00 to 2022-06-26 07:00:00,0.0,0,0,0.0,0.0,0.0,500,10,28,9,5,10.8
502,AXSUSDT,190,2022-06-25 07:00:00 to 2022-06-27 07:00:00,0.0,0,0,0.0,0.0,0.0,501,10,10,1,24,14.3
503,YFIUSDT,218,2022-06-28 07:00:00 to 2022-06-30 07:00:00,0.0,0,0,0.0,0.0,0.0,502,10,4,1,17,9.6
504,STORJUSDT,213,2022-06-29 07:00:00 to 2022-07-01 07:00:00,0.41130866949969924,1,2,50.0,-3.2337044997692965,0.12719426574971318,503,10,32,2,1,7.5
505,ZILUSDT,244,2022-07-02 09:00:00 to 2022-07-04 09:00:00,-0.7512318275444851,0,1,0.0,-0.7512318275444851,1.0,504,10,18,3,1,5.0
506,ENJUSDT,210,2022-07-03 07:00:00 to 2022-07-05 07:00:00,0.0,0,0,0.0,0.0,0.0,505,10,30,1,1,6.8
507,LINAUSDT,154,2022-07-06 07:00:00 to 2022-07-08 07:00:00,0.0,0,0,0.0,0.0,0.0,506,10,29,8,2,9.200000000000001
509,BANDUSDT,233,2022-07-10 07:00:00 to 2022-07-12 07:00:00,0.1370512892635345,1,1,100.0,0.0,999.0,508,10,25,4,1,6.7
511,DASHUSDT,293,2022-07-14 08:00:00 to 2022-07-16 08:00:00,0.0,0,0,0.0,0.0,0.0,510,10,19,2,1,4.9
512,COTIUSDT,160,2022-07-15 07:00:00 to 2022-07-17 07:00:00,0.08536452563898678,1,1,100.0,0.0,999.0,511,10,5,1,51,26.8
513,GALAUSDT,97,2022-07-18 03:30:00 to 2022-07-20 03:30:00,0.0,0,0,0.0,0.0,0.0,512,10,30,6,3,9.3
514,API3USDT,45,2022-07-19 03:30:00 to 2022-07-21 03:30:00,-0.1901152149826668,0,1,0.0,-0.1901152149826668,1.0,513,10,8,1,47,25.4
515,OGNUSDT,155,2022-07-22 07:00:00 to 2022-07-24 07:00:00,0.5743916901471469,1,1,100.0,-0.4933562047819806,1.1642535040194268,514,10,28,15,4,12.100000000000001
517,ZENUSDT,199,2022-07-26 07:00:00 to 2022-07-28 07:00:00,-0.7704731944341736,0,1,0.0,-0.7704731944341736,1.0,516,10,21,13,7,11.6
519,ENJUSDT,219,2022-07-30 07:00:00 to 2022-08-01 07:00:00,2.219782063775666,1,1,100.0,-3.433975536662326,0.6464175530886854,518,10,2,2,12,7.0
521,OGNUSDT,159,2022-08-03 07:00:00 to 2022-08-05 07:00:00,0.0,0,0,0.0,0.0,0.0,520,10,5,1,18,10.3
523,FILUSDT,216,2022-08-07 06:00:00 to 2022-08-09 06:00:00,1.74912585384015,1,1,100.0,-2.399833382051275,0.7288530390993527,522,10,33,8,1,9.5
524,GTCUSDT,137,2022-08-08 03:30:00 to 2022-08-10 03:30:00,-0.05666363088158155,0,1,0.0,-0.05666363088158155,1.0,523,10,5,2,42,22.6
525,ZECUSDT,302,2022-08-11 08:00:00 to 2022-08-13 08:00:00,-0.6466269973599226,0,1,0.0,-0.6466269973599226,1.0,524,10,30,8,7,11.9
526,JASMYUSDT,34,2022-08-12 03:30:00 to 2022-08-14 03:30:00,0.0,0,0,0.0,0.0,0.0,525,10,14,1,1,3.6
527,DOTUSDT,237,2022-08-15 07:00:00 to 2022-08-17 07:00:00,-1.4345183125355376,0,1,0.0,-1.4345183125355376,1.0,526,10,31,4,1,7.9
529,ZILUSDT,260,2022-08-19 09:00:00 to 2022-08-21 09:00:00,6.840424394886346,1,1,100.0,0.0,999.0,528,10,22,5,2,6.9
531,GRTUSDT,200,2022-08-23 07:00:00 to 2022-08-25 07:00:00,0.0,0,0,0.0,0.0,0.0,530,10,29,6,4,9.600000000000001
532,OGNUSDT,166,2022-08-24 07:00:00 to 2022-08-26 07:00:00,0.0,0,0,0.0,0.0,0.0,531,10,80,11,5,21.8
533,DOTUSDT,241,2022-08-27 07:00:00 to 2022-08-29 07:00:00,-0.9020233385812926,0,1,0.0,-0.9020233385812926,1.0,532,10,4,4,6,5.0
535,CRVUSDT,239,2022-08-31 07:00:00 to 2022-09-02 07:00:00,-0.574108597622569,0,1,0.0,-0.574108597622569,1.0,534,10,5,5,13,9.0
537,EGLDUSDT,236,2022-09-04 07:00:00 to 2022-09-06 07:00:00,-0.3784002234439421,0,1,0.0,-0.3784002234439421,1.0,536,10,34,2,1,7.9
538,UNIUSDT,235,2022-09-05 07:00:00 to 2022-09-07 07:00:00,-1.3540307013947817,0,1,0.0,-1.3540307013947817,1.0,537,10,82,4,4,19.6
539,DYDXUSDT,117,2022-09-08 03:30:00 to 2022-09-10 03:30:00,0.0,0,0,0.0,0.0,0.0,538,10,27,9,9,12.6
540,C98USDT,123,2022-09-09 03:30:00 to 2022-09-11 03:30:00,0.0,0,0,0.0,0.0,0.0,539,10,10,1,1,2.8
541,DASHUSDT,313,2022-09-12 08:00:00 to 2022-09-14 08:00:00,-2.0607612814033005,0,1,0.0,-2.0607612814033005,1.0,540,10,1,1,1,1.0
542,APEUSDT,56,2022-09-13 15:00:00 to 2022-09-15 15:00:00,0.0,0,0,0.0,0.0,0.0,541,10,11,1,36,20.5
543,CHZUSDT,197,2022-09-16 07:00:00 to 2022-09-18 07:00:00,0.0,0,0,0.0,0.0,0.0,542,10,2,1,23,12.2
545,DOTUSDT,249,2022-09-20 07:00:00 to 2022-09-22 07:00:00,0.0,0,0,0.0,0.0,0.0,544,10,3,3,7,5.0
546,ZENUSDT,218,2022-09-21 07:00:00 to 2022-09-23 07:00:00,0.0,0,0,0.0,0.0,0.0,545,10,10,1,1,2.8
547,CTSIUSDT,107,2022-09-24 03:30:00 to 2022-09-26 03:30:00,0.0,0,0,0.0,0.0,0.0,546,10,4,1,21,11.6
548,GTCUSDT,153,2022-09-25 03:30:00 to 2022-09-27 03:30:00,0.0,0,0,0.0,0.0,0.0,547,10,4,1,40,21.1
549,XRPUSDT,328,2022-09-28 08:15:00 to 2022-09-30 08:15:00,-0.06962616823860124,0,1,0.0,-0.06962616823860124,1.0,548,10,25,13,7,12.4
551,BANDUSDT,261,2022-10-02 07:00:00 to 2022-10-04 07:00:00,-1.9010038742835023,0,1,0.0,-1.9010038742835023,1.0,550,10,30,5,3,9.0
553,STGUSDT,10,2022-10-06 12:00:00 to 2022-10-08 12:00:00,0.0,0,0,0.0,0.0,0.0,552,10,30,3,2,7.9
555,ATAUSDT,131,2022-10-10 03:30:00 to 2022-10-12 03:30:00,0.0,0,0,0.0,0.0,0.0,554,10,4,4,14,9.0
557,MKRUSDT,260,2022-10-14 07:00:00 to 2022-10-16 07:00:00,-0.4129003497605588,0,1,0.0,-0.4129003497605588,1.0,556,10,24,2,1,5.9
558,EOSUSDT,333,2022-10-15 08:00:00 to 2022-10-17 08:00:00,0.0,0,0,0.0,0.0,0.0,557,10,15,1,1,3.8
559,DENTUSDT,187,2022-10-18 04:00:00 to 2022-10-20 04:00:00,0.0,0,0,0.0,0.0,0.0,558,10,2,2,3,2.5
561,ENJUSDT,247,2022-10-22 07:00:00 to 2022-10-24 07:00:00,0.0,0,0,0.0,0.0,0.0,560,10,2,2,8,5.0
562,XTZUSDT,326,2022-10-23 08:00:00 to 2022-10-25 08:00:00,0.0,0,0,0.0,0.0,0.0,561,10,9,1,41,22.6
563,ENSUSDT,106,2022-10-26 03:30:00 to 2022-10-28 03:30:00,0.0,0,0,0.0,0.0,0.0,562,10,2,2,4,3.0
565,CTSIUSDT,119,2022-10-30 03:30:00 to 2022-11-01 03:30:00,1.58793732209086,1,1,100.0,-2.5102472816385335,0.6325820303465693,564,10,24,3,1,6.200000000000001
566,VETUSDT,326,2022-10-31 08:00:00 to 2022-11-02 08:00:00,-0.7432120204481363,0,1,0.0,-0.7432120204481363,1.0,565,10,80,23,5,25.4
567,KNCUSDT,284,2022-11-03 08:45:00 to 2022-11-05 08:45:00,0.0,0,0,0.0,0.0,0.0,566,10,32,11,2,10.7
569,UNIUSDT,256,2022-11-07 07:00:00 to 2022-11-09 07:00:00,-3.838468162009223,0,1,0.0,-3.838468162009223,1.0,568,10,6,6,11,8.5
571,ONEUSDT,197,2022-11-11 07:00:00 to 2022-11-13 07:00:00,0.0,0,0,0.0,0.0,0.0,570,10,26,9,4,9.9
572,ALICEUSDT,198,2022-11-12 03:00:00 to 2022-11-14 03:00:00,0.0,0,0,0.0,0.0,0.0,571,10,10,1,1,2.8
573,RLCUSDT,275,2022-11-15 07:00:00 to 2022-11-17 07:00:00,0.0,0,0,0.0,0.0,0.0,572,10,35,6,2,9.8
574,SANDUSDT,216,2022-11-16 07:00:00 to 2022-11-18 07:00:00,0.0,0,0,0.0,0.0,0.0,573,10,7,1,31,17.2
575,QNTUSDT,6,2022-11-19 02:30:00 to 2022-11-21 02:30:00,0.0,0,0,0.0,0.0,0.0,574,10,4,4,10,7.0
576,ICPUSDT,14,2022-11-20 02:30:00 to 2022-11-22 02:30:00,-0.4712433680511441,0,1,0.0,-0.4712433680511441,1.0,575,10,8,8,15,11.5
577,RSRUSDT,251,2022-11-23 07:00:00 to 2022-11-25 07:00:00,0.0,0,0,0.0,0.0,0.0,576,10,4,4,8,6.0
579,RVNUSDT,210,2022-11-27 07:00:00 to 2022-11-29 07:00:00,-0.29293493998181486,0,1,0.0,-0.29293493998181486,1.0,578,10,32,9,5,11.6
581,CELRUSDT,200,2022-12-01 07:00:00 to 2022-12-03 07:00:00,0.0,0,0,0.0,0.0,0.0,580,10,20,13,10,12.9
582,ICPUSDT,18,2022-12-02 02:30:00 to 2022-12-04 02:30:00,0.0,0,0,0.0,0.0,0.0,581,10,8,8,18,13.0
583,ETHUSDT,364,2022-12-05 07:45:00 to 2022-12-07 07:45:00,-0.8826135933108326,0,1,0.0,-0.8826135933108326,1.0,582,10,2,2,9,5.5
585,ATAUSDT,151,2022-12-09 03:30:00 to 2022-12-11 03:30:00,-0.8435336549841188,0,1,0.0,-0.8435336549841188,1.0,584,10,3,1,19,10.4
586,QNTUSDT,13,2022-12-10 02:30:00 to 2022-12-12 02:30:00,0.0,0,0,0.0,0.0,0.0,585,10,76,13,7,22.6
587,ENSUSDT,122,2022-12-13 03:30:00 to 2022-12-15 03:30:00,0.0,0,0,0.0,0.0,0.0,586,10,1,1,3,2.0
589,STORJUSDT,270,2022-12-17 07:00:00 to 2022-12-19 07:00:00,0.0,0,0,0.0,0.0,0.0,588,10,5,5,10,7.5
591,DOGEUSDT,294,2022-12-21 09:00:00 to 2022-12-23 09:00:00,0.0,0,0,0.0,0.0,0.0,590,10,32,6,4,10.2
593,ENSUSDT,126,2022-12-25 03:30:00 to 2022-12-27 03:30:00,0.0,0,0,0.0,0.0,0.0,592,10,1,1,3,2.0
595,RSRUSDT,263,2022-12-29 07:00:00 to 2022-12-31 07:00:00,0.0,0,0,0.0,0.0,0.0,594,10,2,2,3,2.5
597,ENJUSDT,271,2023-01-02 07:00:00 to 2023-01-04 07:00:00,0.0,0,0,0.0,0.0,0.0,596,10,3,3,12,7.5
598,NEARUSDT,266,2023-01-03 08:00:00 to 2023-01-05 08:00:00,0.0,0,0,0.0,0.0,0.0,597,10,4,4,15,9.5
599,DOTUSDT,285,2023-01-06 07:00:00 to 2023-01-08 07:00:00,0.0,0,0,0.0,0.0,0.0,598,10,2,2,6,4.0
601,STORJUSDT,278,2023-01-10 07:00:00 to 2023-01-12 07:00:00,-1.270633874907956,0,1,0.0,-1.270633874907956,1.0,600,10,5,5,9,7.0
603,NEOUSDT,350,2023-01-14 08:45:00 to 2023-01-16 08:45:00,-1.163882282703932,0,1,0.0,-1.163882282703932,1.0,602,10,29,15,4,12.3
605,API3USDT,106,2023-01-18 03:30:00 to 2023-01-20 03:30:00,-0.8458603023278055,0,1,0.0,-0.8458603023278055,1.0,604,10,10,1,19,11.8
607,STGUSDT,46,2023-01-22 12:00:00 to 2023-01-24 12:00:00,3.1528727100744725,1,1,100.0,-6.767322770290363,0.46589660595414356,606,10,29,5,1,7.800000000000001
609,LINAUSDT,222,2023-01-26 07:00:00 to 2023-01-28 07:00:00,0.7893973213077832,1,1,100.0,-1.4579056581612737,0.5414598104402583,608,10,2,1,19,10.2
610,OGNUSDT,218,2023-01-27 07:00:00 to 2023-01-29 07:00:00,-2.0386733998027373,0,1,0.0,-2.0386733998027373,1.0,609,10,24,2,1,5.9
611,FLOWUSDT,114,2023-01-30 03:30:00 to 2023-02-01 03:30:00,1.0475491354592803,1,1,100.0,0.0,999.0,610,10,34,5,1,8.8
612,DENTUSDT,222,2023-01-31 04:00:00 to 2023-02-02 04:00:00,-0.90742535531807,0,1,0.0,-0.90742535531807,1.0,611,10,19,1,1,4.6000000000000005
613,AAVEUSDT,276,2023-02-03 07:00:00 to 2023-02-05 07:00:00,0.0,0,0,0.0,0.0,0.0,612,10,25,15,3,11.0
614,QTUMUSDT,356,2023-02-04 08:00:00 to 2023-02-06 08:00:00,0.0,0,0,0.0,0.0,0.0,613,10,84,8,1,19.7
615,VETUSDT,359,2023-02-07 08:00:00 to 2023-02-09 08:00:00,0.0,0,0,0.0,0.0,0.0,614,10,5,6,13,9.3
616,QNTUSDT,33,2023-02-08 02:30:00 to 2023-02-10 02:30:00,1.012722501301777,1,1,100.0,-1.8759806310967297,0.5398363312044019,615,10,78,28,10,29.0
617,QNTUSDT,34,2023-02-11 02:30:00 to 2023-02-13 02:30:00,0.0,0,0,0.0,0.0,0.0,616,10,11,2,18,11.8
619,MAGICUSDT,3,2023-02-15 03:00:00 to 2023-02-17 03:00:00,-1.8123709155666523,0,1,0.0,-1.8123709155666523,1.0,618,10,32,11,3,11.2
620,HOOKUSDT,4,2023-02-16 03:00:00 to 2023-02-18 03:00:00,-1.8675819492309675,0,1,0.0,-1.8675819492309675,1.0,619,10,18,1,1,4.4
621,RVNUSDT,238,2023-02-19 07:00:00 to 2023-02-21 07:00:00,-3.0355593014083637,0,1,0.0,-3.0355593014083637,1.0,620,10,1,1,19,10.0
623,BTCDOMUSDT,200,2023-02-23 03:30:00 to 2023-02-25 03:30:00,0.0,0,0,0.0,0.0,0.0,622,10,3,3,14,8.5
624,STORJUSDT,293,2023-02-24 07:00:00 to 2023-02-26 07:00:00,0.0,0,0,0.0,0.0,0.0,623,10,25,1,1,5.8
625,BALUSDT,299,2023-02-27 07:00:00 to 2023-03-01 07:00:00,-0.8557481579761994,0,1,0.0,-0.8557481579761994,1.0,624,10,11,1,10,7.5
627,ZECUSDT,370,2023-03-03 08:00:00 to 2023-03-05 08:00:00,0.6495860749578419,1,1,100.0,-0.2716400462297708,2.3913487130258395,626,10,37,7,3,11.0
629,GMXUSDT,2,2023-03-07 14:30:00 to 2023-03-09 14:30:00,0.5459872308450908,1,1,100.0,0.0,999.0,628,10,27,4,4,8.600000000000001
630,EOSUSDT,381,2023-03-08 08:00:00 to 2023-03-10 08:00:00,0.0,0,0,0.0,0.0,0.0,629,10,27,1,1,6.2
631,C98USDT,184,2023-03-11 03:30:00 to 2023-03-13 03:30:00,0.0,0,0,0.0,0.0,0.0,630,10,14,1,1,3.6
632,DOGEUSDT,321,2023-03-12 09:00:00 to 2023-03-14 09:00:00,0.0,0,0,0.0,0.0,0.0,631,10,10,1,1,2.8
633,DOGEUSDT,322,2023-03-15 09:00:00 to 2023-03-17 09:00:00,-1.4560217934059594,0,1,0.0,-1.4560217934059594,1.0,632,10,3,3,7,5.0
635,SFPUSDT,247,2023-03-19 07:00:00 to 2023-03-21 07:00:00,0.0,0,0,0.0,0.0,0.0,634,10,28,1,1,6.4
637,ZILUSDT,332,2023-03-23 09:00:00 to 2023-03-25 09:00:00,-1.2592247111885335,0,1,0.0,-1.2592247111885335,1.0,636,10,34,12,1,10.9
639,ONTUSDT,376,2023-03-27 08:00:00 to 2023-03-29 08:00:00,-0.08712256987120082,0,1,0.0,-0.08712256987120082,1.0,638,10,38,10,5,13.100000000000001
641,YFIUSDT,310,2023-03-31 07:00:00 to 2023-04-02 07:00:00,0.0,0,0,0.0,0.0,0.0,640,10,27,2,2,7.0
643,SNXUSDT,317,2023-04-04 07:00:00 to 2023-04-06 07:00:00,0.0,0,0,0.0,0.0,0.0,642,10,5,1,20,11.3
645,ACHUSDT,11,2023-04-08 14:30:00 to 2023-04-10 14:30:00,1.5131710596021586,1,1,100.0,-2.9554772534894913,0.5119887347519181,644,10,4,1,21,11.6
647,IOSTUSDT,378,2023-04-12 08:00:00 to 2023-04-14 08:00:00,0.0,0,0,0.0,0.0,0.0,646,10,37,3,3,9.8
649,STORJUSDT,310,2023-04-16 07:00:00 to 2023-04-18 07:00:00,0.0,0,0,0.0,0.0,0.0,648,10,4,4,9,6.5
651,RVNUSDT,258,2023-04-20 07:00:00 to 2023-04-22 07:00:00,0.5816563378241213,1,1,100.0,-0.7803615882876813,0.745367719982769,650,10,33,18,8,16.0
652,GMXUSDT,17,2023-04-21 14:30:00 to 2023-04-23 14:30:00,2.8921514114863767,1,1,100.0,0.0,999.0,651,10,15,3,1,4.4
653,SKLUSDT,285,2023-04-24 07:30:00 to 2023-04-26 07:30:00,0.0,0,0,0.0,0.0,0.0,652,10,11,1,1,3.0
655,CRVUSDT,319,2023-04-28 07:00:00 to 2023-04-30 07:00:00,0.0,0,0,0.0,0.0,0.0,654,10,25,18,7,13.899999999999999
657,ATAUSDT,199,2023-05-02 03:30:00 to 2023-05-04 03:30:00,0.0,0,0,0.0,0.0,0.0,656,10,6,6,17,11.5
659,IOSTUSDT,386,2023-05-06 08:00:00 to 2023-05-08 08:00:00,-0.3843654998287538,0,1,0.0,-0.3843654998287538,1.0,658,10,39,2,2,9.4
661,XLMUSDT,398,2023-05-10 08:00:00 to 2023-05-12 08:00:00,0.0,0,0,0.0,0.0,0.0,660,10,40,9,1,11.2
662,DUSKUSDT,159,2023-05-11 03:30:00 to 2023-05-13 03:30:00,-0.4126345639303697,0,1,0.0,-0.4126345639303697,1.0,661,10,10,1,1,2.8
663,AVAXUSDT,317,2023-05-14 07:00:00 to 2023-05-16 07:00:00,0.0,0,0,0.0,0.0,0.0,662,10,14,1,1,3.6
664,NEARUSDT,310,2023-05-15 08:00:00 to 2023-05-17 08:00:00,0.0,0,0,0.0,0.0,0.0,663,10,3,3,16,9.5
665,ENSUSDT,174,2023-05-18 03:30:00 to 2023-05-20 03:30:00,0.0,0,0,0.0,0.0,0.0,664,10,1,1,3,2.0
667,STXUSDT,26,2023-05-22 14:30:00 to 2023-05-24 14:30:00,0.0,0,0,0.0,0.0,0.0,666,10,3,3,6,4.5
669,1000PEPEUSDT,3,2023-05-26 16:30:00 to 2023-05-28 16:30:00,0.0,0,0,0.0,0.0,0.0,668,10,10,1,21,12.8
671,DOTUSDT,333,2023-05-30 07:00:00 to 2023-06-01 07:00:00,0.0,0,0,0.0,0.0,0.0,670,10,1,1,7,4.0
673,SUSHIUSDT,330,2023-06-03 07:00:00 to 2023-06-05 07:00:00,0.0,0,0,0.0,0.0,0.0,672,10,15,1,1,3.8
674,TRXUSDT,408,2023-06-04 08:00:00 to 2023-06-06 08:00:00,-0.9832902192690063,0,1,0.0,-0.9832902192690063,1.0,673,10,7,8,38,22.8
675,LPTUSDT,187,2023-06-07 03:30:00 to 2023-06-09 03:30:00,0.0,0,0,0.0,0.0,0.0,674,10,8,8,13,10.5
677,FLOWUSDT,158,2023-06-11 03:30:00 to 2023-06-13 03:30:00,0.0,0,0,0.0,0.0,0.0,676,10,42,3,2,10.3
679,RSRUSDT,319,2023-06-15 07:00:00 to 2023-06-17 07:00:00,0.0,0,0,0.0,0.0,0.0,678,10,2,2,9,5.5
681,VETUSDT,403,2023-06-19 08:00:00 to 2023-06-21 08:00:00,0.0,0,0,0.0,0.0,0.0,680,10,1,1,4,2.5
683,DOTUSDT,341,2023-06-23 07:00:00 to 2023-06-25 07:00:00,0.0,0,0,0.0,0.0,0.0,682,10,1,1,2,1.5
685,SXPUSDT,353,2023-06-27 09:00:00 to 2023-06-29 09:00:00,0.0,0,0,0.0,0.0,0.0,684,10,36,12,3,12.3
686,RLCUSDT,350,2023-06-28 07:00:00 to 2023-06-30 07:00:00,2.6665043896207052,1,1,100.0,0.0,999.0,685,10,7,3,52,28.3
687,TLMUSDT,27,2023-07-01 12:30:00 to 2023-07-03 12:30:00,0.0,0,0,0.0,0.0,0.0,686,10,12,1,1,3.2
688,HFTUSDT,25,2023-07-02 12:00:00 to 2023-07-04 12:00:00,-1.1741344077952354,0,1,0.0,-1.1741344077952354,1.0,687,10,105,23,5,30.4
689,HBARUSDT,276,2023-07-05 07:00:00 to 2023-07-07 07:00:00,-0.9061055263674844,0,1,0.0,-0.9061055263674844,1.0,688,10,1,1,10,5.5
691,BELUSDT,317,2023-07-09 07:00:00 to 2023-07-11 07:00:00,0.0,0,0,0.0,0.0,0.0,690,10,2,1,30,15.7
693,RDNTUSDT,29,2023-07-13 12:00:00 to 2023-07-15 12:00:00,-1.1073557202564643,0,1,0.0,-1.1073557202564643,1.0,692,10,45,4,2,11.2
695,DYDXUSDT,221,2023-07-17 03:30:00 to 2023-07-19 03:30:00,1.4988629550550803,1,1,100.0,-3.5299674481358956,0.4246109849671842,694,10,29,10,8,12.8
697,ARBUSDT,36,2023-07-21 15:00:00 to 2023-07-23 15:00:00,-0.16292626795975096,0,1,0.0,-0.16292626795975096,1.0,696,10,37,10,2,11.4
699,ONTUSDT,416,2023-07-25 08:00:00 to 2023-07-27 08:00:00,0.11264901250915837,1,1,100.0,0.0,999.0,698,10,44,8,3,12.700000000000001
701,QNTUSDT,90,2023-07-29 02:30:00 to 2023-07-31 02:30:00,0.0,0,0,0.0,0.0,0.0,700,10,3,3,16,9.5
702,MANAUSDT,285,2023-07-30 07:00:00 to 2023-08-01 07:00:00,0.0,0,0,0.0,0.0,0.0,701,10,3,3,28,15.5
703,LRCUSDT,335,2023-08-02 07:00:00 to 2023-08-04 07:00:00,0.0,0,0,0.0,0.0,0.0,702,10,41,5,1,10.200000000000001
705,SOLUSDT,348,2023-08-06 07:00:00 to 2023-08-08 07:00:00,0.0,0,0,0.0,0.0,0.0,704,10,47,7,2,12.5
707,XTZUSDT,423,2023-08-10 08:00:00 to 2023-08-12 08:00:00,0.0,0,0,0.0,0.0,0.0,706,10,38,4,4,10.8
709,DENTUSDT,287,2023-08-14 04:00:00 to 2023-08-16 04:00:00,3.5758207339451564,1,1,100.0,0.0,999.0,708,10,2,2,7,4.5
710,APEUSDT,168,2023-08-15 15:00:00 to 2023-08-17 15:00:00,0.0,0,0,0.0,0.0,0.0,709,10,7,8,29,18.3
711,FXSUSDT,66,2023-08-18 03:00:00 to 2023-08-20 03:00:00,0.0,0,0,0.0,0.0,0.0,710,10,15,1,1,3.8
713,SANDUSDT,309,2023-08-22 07:00:00 to 2023-08-24 07:00:00,0.0,0,0,0.0,0.0,0.0,712,10,4,4,5,4.5
715,RSRUSDT,343,2023-08-26 07:00:00 to 2023-08-28 07:00:00,0.0,0,0,0.0,0.0,0.0,714,10,2,2,7,4.5
717,CKBUSDT,57,2023-08-30 12:00:00 to 2023-09-01 12:00:00,-1.2542270787551102,0,1,0.0,-1.2542270787551102,1.0,716,10,4,4,8,6.0
719,UNIUSDT,356,2023-09-03 07:00:00 to 2023-09-05 07:00:00,0.0,0,0,0.0,0.0,0.0,718,10,16,1,1,4.0
721,STORJUSDT,358,2023-09-07 07:00:00 to 2023-09-09 07:00:00,0.0,0,0,0.0,0.0,0.0,720,10,4,4,17,10.5
723,GTCUSDT,270,2023-09-11 03:30:00 to 2023-09-13 03:30:00,-0.09418492266083378,0,1,0.0,-0.09418492266083378,1.0,722,10,47,11,6,15.7
725,QNTUSDT,106,2023-09-15 02:30:00 to 2023-09-17 02:30:00,0.0,0,0,0.0,0.0,0.0,724,10,3,3,12,7.5
727,XVSUSDT,49,2023-09-19 02:30:00 to 2023-09-21 02:30:00,0.0,0,0,0.0,0.0,0.0,726,10,41,9,5,13.4
729,XRPUSDT,448,2023-09-23 08:15:00 to 2023-09-25 08:15:00,0.0,0,0,0.0,0.0,0.0,728,10,40,3,2,9.9
731,THETAUSDT,402,2023-09-27 08:00:00 to 2023-09-29 08:00:00,0.0,0,0,0.0,0.0,0.0,730,10,45,3,1,10.4
733,RSRUSDT,355,2023-10-01 07:00:00 to 2023-10-03 07:00:00,0.0,0,0,0.0,0.0,0.0,732,10,1,1,5,3.0
735,COTIUSDT,309,2023-10-05 07:00:00 to 2023-10-07 07:00:00,0.0,0,0,0.0,0.0,0.0,734,10,13,1,1,3.4
736,SANDUSDT,324,2023-10-06 07:00:00 to 2023-10-08 07:00:00,0.0,0,0,0.0,0.0,0.0,735,10,12,2,1,3.5000000000000004
737,QNTUSDT,114,2023-10-09 02:30:00 to 2023-10-11 02:30:00,0.0,0,0,0.0,0.0,0.0,736,10,2,2,6,4.0
739,ICPUSDT,123,2023-10-13 02:30:00 to 2023-10-15 02:30:00,0.0,0,0,0.0,0.0,0.0,738,10,10,10,18,14.0
741,BCHUSDT,462,2023-10-17 08:45:00 to 2023-10-19 08:45:00,0.0,0,0,0.0,0.0,0.0,740,10,1,1,1,1.0
743,TRUUSDT,72,2023-10-21 12:00:00 to 2023-10-23 12:00:00,0.0,0,0,0.0,0.0,0.0,742,10,15,1,1,3.8
745,STORJUSDT,374,2023-10-25 07:00:00 to 2023-10-27 07:00:00,0.0,0,0,0.0,0.0,0.0,744,10,2,2,8,5.0
746,BNXUSDT,78,2023-10-26 14:45:00 to 2023-10-28 14:45:00,2.788331520468912,1,1,100.0,0.0,999.0,745,10,10,1,48,26.3
747,1000PEPEUSDT,55,2023-10-29 16:30:00 to 2023-10-31 16:30:00,-0.603580410201765,0,1,0.0,-0.603580410201765,1.0,746,10,1,1,30,15.5
749,HFTUSDT,66,2023-11-02 12:00:00 to 2023-11-04 12:00:00,8.338003791349657,1,1,100.0,0.0,999.0,748,10,39,11,3,12.600000000000001
751,EOSUSDT,462,2023-11-06 08:00:00 to 2023-11-08 08:00:00,-0.759008063610378,0,1,0.0,-0.759008063610378,1.0,750,10,39,16,3,14.100000000000001
752,NKNUSDT,310,2023-11-07 07:00:00 to 2023-11-09 07:00:00,-1.0333789139133964,0,1,0.0,-1.0333789139133964,1.0,751,10,8,1,61,32.4
753,RDNTUSDT,69,2023-11-10 12:00:00 to 2023-11-12 12:00:00,-1.2639465498298863,0,1,0.0,-1.2639465498298863,1.0,752,10,27,16,9,14.7
755,MKRUSDT,392,2023-11-14 07:00:00 to 2023-11-16 07:00:00,0.0,0,0,0.0,0.0,0.0,754,10,43,17,3,15.2
756,IOTXUSDT,271,2023-11-15 03:30:00 to 2023-11-17 03:30:00,0.0,0,0,0.0,0.0,0.0,755,10,61,3,1,13.600000000000001
757,STORJUSDT,382,2023-11-18 07:00:00 to 2023-11-20 07:00:00,-2.051457074082419,0,1,0.0,-2.051457074082419,1.0,756,10,15,1,1,3.8
759,ATAUSDT,267,2023-11-22 03:30:00 to 2023-11-24 03:30:00,-1.2550318092688917,0,1,0.0,-1.2550318092688917,1.0,758,10,7,7,19,13.0
761,QNTUSDT,130,2023-11-26 02:30:00 to 2023-11-28 02:30:00,0.0,0,0,0.0,0.0,0.0,760,10,3,3,13,8.0
763,BADGERUSDT,3,2023-11-30 12:30:00 to 2023-12-02 12:30:00,0.0,0,0,0.0,0.0,0.0,762,10,31,17,9,15.8
765,BCHUSDT,478,2023-12-04 08:45:00 to 2023-12-06 08:45:00,-1.0045846046275342,0,1,0.0,-1.0045846046275342,1.0,764,10,3,3,9,6.0
766,BIGTIMEUSDT,14,2023-12-05 14:30:00 to 2023-12-07 14:30:00,15.336454127145394,1,1,100.0,0.0,999.0,765,10,2,2,56,29.0
767,MKRUSDT,400,2023-12-08 07:00:00 to 2023-12-10 07:00:00,0.0,0,0,0.0,0.0,0.0,766,10,43,21,5,17.4
768,MEMEUSDT,8,2023-12-09 12:00:00 to 2023-12-11 12:00:00,0.878205504848828,1,1,100.0,-3.4049035778644487,0.2579237516616072,767,10,4,1,15,8.6
769,ONEUSDT,329,2023-12-12 07:00:00 to 2023-12-14 07:00:00,1.8181102458786569,1,1,100.0,0.0,999.0,768,10,43,18,5,16.5
771,ZECUSDT,466,2023-12-16 08:00:00 to 2023-12-18 08:00:00,0.0,0,0,0.0,0.0,0.0,770,10,29,15,7,13.8
773,YFIUSDT,398,2023-12-20 07:00:00 to 2023-12-22 07:00:00,-0.3709435047465903,0,1,0.0,-0.3709435047465903,1.0,772,10,13,1,1,3.4
774,AAVEUSDT,383,2023-12-21 07:00:00 to 2023-12-23 07:00:00,0.0,0,0,0.0,0.0,0.0,773,10,12,1,1,3.2
775,CTSIUSDT,259,2023-12-24 03:30:00 to 2023-12-26 03:30:00,0.0,0,0,0.0,0.0,0.0,774,10,8,9,19,13.8
776,ARKMUSDT,46,2023-12-25 02:45:00 to 2023-12-27 02:45:00,4.202932240444124,1,1,100.0,-5.964872121742493,0.7046139723807422,775,10,8,1,51,27.4
777,GALAUSDT,273,2023-12-28 03:30:00 to 2023-12-30 03:30:00,0.0,0,0,0.0,0.0,0.0,776,10,12,1,31,18.2
778,WAXPUSDT,20,2023-12-29 14:45:00 to 2023-12-31 14:45:00,0.0,0,0,0.0,0.0,0.0,777,10,43,2,1,9.7
779,XTZUSDT,471,2024-01-01 08:00:00 to 2024-01-03 08:00:00,-0.5922079593138174,0,1,0.0,-0.5922079593138174,1.0,778,10,15,1,25,15.8
780,CTSIUSDT,262,2024-01-02 03:30:00 to 2024-01-04 03:30:00,6.271422844078978,1,1,100.0,-7.090133786170528,0.8845281391320902,779,10,45,1,1,9.8
781,SNXUSDT,409,2024-01-05 07:00:00 to 2024-01-07 07:00:00,-0.7220475605408727,0,1,0.0,-0.7220475605408727,1.0,780,10,18,2,10,9.2
782,NEOUSDT,469,2024-01-06 08:45:00 to 2024-01-08 08:45:00,-1.0497106900279496,0,1,0.0,-1.0497106900279496,1.0,781,10,11,1,1,3.0
783,CKBUSDT,101,2024-01-09 12:00:00 to 2024-01-11 12:00:00,-1.963381796535324,0,1,0.0,-1.963381796535324,1.0,782,10,35,18,7,15.899999999999999
785,XVGUSDT,60,2024-01-13 12:00:00 to 2024-01-15 12:00:00,-0.610261040312754,0,1,0.0,-0.610261040312754,1.0,784,10,5,5,15,10.0
787,ARBUSDT,96,2024-01-17 15:00:00 to 2024-01-19 15:00:00,0.0,0,0,0.0,0.0,0.0,786,10,55,7,5,15.6
788,PENDLEUSDT,54,2024-01-18 02:30:00 to 2024-01-20 02:30:00,-2.6852581213650084,0,1,0.0,-2.6852581213650084,1.0,787,10,5,1,41,21.8
789,PYTHUSDT,16,2024-01-21 14:30:00 to 2024-01-23 14:30:00,-1.7140329439230606,0,1,0.0,-1.7140329439230606,1.0,788,10,27,2,1,6.5
791,ASTRUSDT,111,2024-01-25 02:30:00 to 2024-01-27 02:30:00,0.7413581924684332,1,1,100.0,-0.8278215266518174,0.8955531700980387,790,10,11,1,1,3.0
792,ZENUSDT,382,2024-01-26 07:00:00 to 2024-01-28 07:00:00,0.0,0,0,0.0,0.0,0.0,791,10,12,1,1,3.2
793,USTCUSDT,17,2024-01-29 12:30:00 to 2024-01-31 12:30:00,0.0,0,0,0.0,0.0,0.0,792,10,3,3,10,6.5
794,LINAUSDT,345,2024-01-30 07:00:00 to 2024-02-01 07:00:00,0.0,0,0,0.0,0.0,0.0,793,10,9,1,46,25.1
795,ARKMUSDT,59,2024-02-02 02:45:00 to 2024-02-04 02:45:00,0.0,0,0,0.0,0.0,0.0,794,10,7,1,25,14.2
797,KASUSDT,23,2024-02-06 02:00:00 to 2024-02-08 02:00:00,0.0,0,0,0.0,0.0,0.0,796,10,3,3,15,9.0
799,BICOUSDT,41,2024-02-10 12:30:00 to 2024-02-12 12:30:00,0.0,0,0,0.0,0.0,0.0,798,10,6,7,18,12.3
800,DUSKUSDT,251,2024-02-11 03:30:00 to 2024-02-13 03:30:00,-0.9546651962567765,0,1,0.0,-0.9546651962567765,1.0,799,10,6,1,34,18.5
801,FLMUSDT,407,2024-02-14 07:00:00 to 2024-02-16 07:00:00,0.0,0,0,0.0,0.0,0.0,800,10,50,10,4,15.0
803,EDUUSDT,94,2024-02-18 12:00:00 to 2024-02-20 12:00:00,0.0,0,0,0.0,0.0,0.0,802,10,7,1,26,14.7
805,BALUSDT,419,2024-02-22 07:00:00 to 2024-02-24 07:00:00,0.0,0,0,0.0,0.0,0.0,804,10,45,23,5,18.4
807,ATAUSDT,299,2024-02-26 03:30:00 to 2024-02-28 03:30:00,-1.091940677681924,0,1,0.0,-1.091940677681924,1.0,806,10,8,1,10,6.9
809,PEOPLEUSDT,262,2024-03-01 04:00:00 to 2024-03-03 04:00:00,3.613898040195318,1,1,100.0,-1.7958967829063366,2.01230832116469,808,10,4,1,36,19.1
811,RUNEUSDT,422,2024-03-05 07:00:00 to 2024-03-07 07:00:00,1.713938891747735,1,1,100.0,0.0,999.0,810,10,35,16,3,13.3
813,KAVAUSDT,436,2024-03-09 07:00:00 to 2024-03-11 07:00:00,-2.5574664777170297,0,1,0.0,-2.5574664777170297,1.0,812,10,50,17,4,17.1
815,LSKUSDT,12,2024-03-13 14:15:00 to 2024-03-15 14:15:00,2.22959738265468,1,2,50.0,-3.2318989432506884,0.6898722459471831,814,10,17,1,33,20.2
816,ONDOUSDT,14,2024-03-14 13:00:00 to 2024-03-16 13:00:00,-0.6604629723971467,1,2,50.0,-4.829104825710983,0.13676716415032625,815,10,86,2,1,18.3
817,RSRUSDT,411,2024-03-17 07:00:00 to 2024-03-19 07:00:00,0.0,0,0,0.0,0.0,0.0,816,10,13,4,9,8.3
819,HOOKUSDT,137,2024-03-21 03:00:00 to 2024-03-23 03:00:00,0.0,0,0,0.0,0.0,0.0,818,10,21,3,1,5.6
820,BANDUSDT,440,2024-03-22 07:00:00 to 2024-03-24 07:00:00,0.0,0,0,0.0,0.0,0.0,819,10,37,2,1,8.5
821,CAKEUSDT,44,2024-03-25 12:45:00 to 2024-03-27 12:45:00,-0.23026163022970003,0,1,0.0,-0.23026163022970003,1.0,820,10,20,1,1,4.8
822,JUPUSDT,14,2024-03-25 18:30:00 to 2024-03-27 18:30:00,-1.2792367472141075,0,1,0.0,-1.2792367472141075,1.0,821,10,6,1,10,6.5
823,MEMEUSDT,45,2024-03-29 12:00:00 to 2024-03-31 12:00:00,1.1560855673280912,1,1,100.0,-3.1376195327253664,0.3684594499970824,822,10,16,1,10,8.5
824,ETHWUSDT,37,2024-03-30 12:30:00 to 2024-04-01 12:30:00,-2.2436990905500998,0,1,0.0,-2.2436990905500998,1.0,823,10,19,1,1,4.6000000000000005
825,STRKUSDT,10,2024-04-02 17:00:00 to 2024-04-04 17:00:00,0.7825521294978266,1,1,100.0,-2.718166325838256,0.2878970731331149,824,10,53,10,6,16.6
827,AEVOUSDT,4,2024-04-06 13:30:00 to 2024-04-08 13:30:00,-3.2175749131170717,0,1,0.0,-3.2175749131170717,1.0,826,10,7,1,37,20.2
828,HIFIUSDT,64,2024-04-07 14:30:00 to 2024-04-09 14:30:00,0.0,0,0,0.0,0.0,0.0,827,10,17,2,1,4.5
829,ZRXUSDT,458,2024-04-10 09:00:00 to 2024-04-12 09:00:00,0.0,0,0,0.0,0.0,0.0,828,10,60,9,3,16.2
831,ETHFIUSDT,5,2024-04-14 15:30:00 to 2024-04-16 15:30:00,-0.9835397192810902,0,1,0.0,-0.9835397192810902,1.0,830,10,10,2,1,3.1
832,POWRUSDT,53,2024-04-15 02:30:00 to 2024-04-17 02:30:00,0.0,0,0,0.0,0.0,0.0,831,10,15,11,1,6.8
833,AEVOUSDT,8,2024-04-18 13:30:00 to 2024-04-20 13:30:00,0.0,0,0,0.0,0.0,0.0,832,10,5,5,15,10.0
835,LRCUSDT,423,2024-04-22 07:00:00 to 2024-04-24 07:00:00,0.0,0,0,0.0,0.0,0.0,834,10,3,3,7,5.0
836,APEUSDT,252,2024-04-23 15:00:00 to 2024-04-25 15:00:00,0.0,0,0,0.0,0.0,0.0,835,10,4,4,9,6.5
837,TLMUSDT,127,2024-04-26 12:30:00 to 2024-04-28 12:30:00,0.7954970748113022,1,1,100.0,0.0,999.0,836,10,6,6,11,8.5
839,QNTUSDT,182,2024-04-30 02:30:00 to 2024-05-02 02:30:00,-0.41843186387051645,0,1,0.0,-0.41843186387051645,1.0,838,10,36,12,8,14.8
840,MAGICUSDT,150,2024-05-01 03:00:00 to 2024-05-03 03:00:00,0.0,0,0,0.0,0.0,0.0,839,10,11,3,2,4.1
841,SNXUSDT,449,2024-05-04 07:00:00 to 2024-05-06 07:00:00,0.0,0,0,0.0,0.0,0.0,840,10,36,16,10,17.0
843,CKBUSDT,141,2024-05-08 12:00:00 to 2024-05-10 12:00:00,0.0,0,0,0.0,0.0,0.0,842,10,4,4,15,9.5
845,ENSUSDT,294,2024-05-12 03:30:00 to 2024-05-14 03:30:00,-2.110118185752774,0,1,0.0,-2.110118185752774,1.0,844,10,56,12,4,16.8
846,LRCUSDT,430,2024-05-13 07:00:00 to 2024-05-15 07:00:00,-2.8690899223133726,0,1,0.0,-2.8690899223133726,1.0,845,10,25,1,1,5.8
847,ICPUSDT,195,2024-05-16 02:30:00 to 2024-05-18 02:30:00,-0.4635407316192608,0,1,0.0,-0.4635407316192608,1.0,846,10,40,12,5,14.1
849,STRKUSDT,26,2024-05-20 17:00:00 to 2024-05-22 17:00:00,0.0,0,0,0.0,0.0,0.0,848,10,4,4,12,8.0
850,SKLUSDT,416,2024-05-21 07:30:00 to 2024-05-23 07:30:00,0.0,0,0,0.0,0.0,0.0,849,10,23,1,1,5.4
851,WAXPUSDT,69,2024-05-24 14:45:00 to 2024-05-26 14:45:00,0.0,0,0,0.0,0.0,0.0,850,10,58,10,2,15.600000000000001
852,CRVUSDT,450,2024-05-25 07:00:00 to 2024-05-27 07:00:00,0.0,0,0,0.0,0.0,0.0,851,10,64,2,1,13.9
853,CTSIUSDT,311,2024-05-28 03:30:00 to 2024-05-30 03:30:00,0.21840719796148989,1,1,100.0,0.0,999.0,852,10,7,7,14,10.5
855,ETHWUSDT,58,2024-06-01 12:30:00 to 2024-06-03 12:30:00,0.0,0,0,0.0,0.0,0.0,854,10,24,1,1,5.6000000000000005
857,JASMYUSDT,255,2024-06-05 03:30:00 to 2024-06-07 03:30:00,1.0618809682106045,1,1,100.0,-3.185258432423077,0.3333735678717958,856,10,1,1,33,17.0
859,EOSUSDT,534,2024-06-09 08:00:00 to 2024-06-11 08:00:00,0.0,0,0,0.0,0.0,0.0,858,10,49,18,3,16.7
860,APEUSDT,268,2024-06-10 15:00:00 to 2024-06-12 15:00:00,1.219285029988515,1,1,100.0,-1.9336669430177866,0.6305558640236316,859,10,19,2,1,4.9
861,ENJUSDT,447,2024-06-13 07:00:00 to 2024-06-15 07:00:00,-1.1423751441291707,0,1,0.0,-1.1423751441291707,1.0,860,10,43,22,9,19.7
862,JASMYUSDT,258,2024-06-14 03:30:00 to 2024-06-16 03:30:00,1.565177662063122,1,1,100.0,0.0,999.0,861,10,11,1,1,3.0
863,SANDUSDT,409,2024-06-17 07:00:00 to 2024-06-19 07:00:00,0.0,0,0,0.0,0.0,0.0,862,10,40,13,6,14.9
865,FILUSDT,444,2024-06-21 06:00:00 to 2024-06-23 06:00:00,0.0,0,0,0.0,0.0,0.0,864,10,10,1,1,2.8
867,LPTUSDT,315,2024-06-25 03:30:00 to 2024-06-27 03:30:00,0.0,0,0,0.0,0.0,0.0,866,10,5,5,8,6.5
868,RIFUSDT,79,2024-06-26 12:30:00 to 2024-06-28 12:30:00,0.0,0,0,0.0,0.0,0.0,867,10,11,1,58,31.5
869,IOUSDT,2,2024-06-29 14:00:00 to 2024-07-01 14:00:00,0.0,0,0,0.0,0.0,0.0,868,10,5,5,18,11.5
871,EOSUSDT,542,2024-07-03 08:00:00 to 2024-07-05 08:00:00,0.0,0,0,0.0,0.0,0.0,870,10,49,3,2,11.700000000000001
873,APEUSDT,277,2024-07-07 15:00:00 to 2024-07-09 15:00:00,0.7127275412757816,1,1,100.0,-1.5097356830185094,0.47208763049885705,872,10,10,1,1,2.8
874,SKLUSDT,432,2024-07-08 07:30:00 to 2024-07-10 07:30:00,0.0,0,0,0.0,0.0,0.0,873,10,10,1,1,2.8
875,ETCUSDT,542,2024-07-11 08:00:00 to 2024-07-13 08:00:00,0.0,0,0,0.0,0.0,0.0,874,10,5,5,21,13.0
877,STGUSDT,226,2024-07-15 12:00:00 to 2024-07-17 12:00:00,0.0,0,0,0.0,0.0,0.0,876,10,4,4,5,4.5
879,1000BONKUSDT,76,2024-07-19 14:00:00 to 2024-07-21 14:00:00,-2.687228286662413,0,1,0.0,-2.687228286662413,1.0,878,10,2,2,8,5.0
881,RIFUSDT,88,2024-07-23 12:30:00 to 2024-07-25 12:30:00,-1.5972195193624694,0,1,0.0,-1.5972195193624694,1.0,880,10,55,16,3,17.3
883,SEIUSDT,111,2024-07-27 02:30:00 to 2024-07-29 02:30:00,0.4141878897057527,1,1,100.0,-1.1395736829937775,0.3634586300884366,882,10,13,1,1,3.4
885,BSVUSDT,91,2024-07-31 12:30:00 to 2024-08-02 12:30:00,-1.7215725298363016,0,1,0.0,-1.7215725298363016,1.0,884,10,2,1,34,17.7
887,TRUUSDT,168,2024-08-04 12:00:00 to 2024-08-06 12:00:00,-0.14787485398689704,1,2,50.0,-13.701672671271792,0.010792467280067585,886,10,15,1,1,3.8
889,CHRUSDT,411,2024-08-08 07:00:00 to 2024-08-10 07:00:00,0.0,0,0,0.0,0.0,0.0,888,10,10,1,1,2.8
891,1000PEPEUSDT,151,2024-08-12 16:30:00 to 2024-08-14 16:30:00,0.0,0,0,0.0,0.0,0.0,890,10,2,2,4,3.0
892,POWRUSDT,93,2024-08-13 02:30:00 to 2024-08-15 02:30:00,0.0,0,0,0.0,0.0,0.0,891,10,14,1,1,3.6
893,UNIUSDT,472,2024-08-16 07:00:00 to 2024-08-18 07:00:00,0.0,0,0,0.0,0.0,0.0,892,10,2,2,9,5.5
895,GLMUSDT,56,2024-08-20 10:00:00 to 2024-08-22 10:00:00,0.0,0,0,0.0,0.0,0.0,894,10,58,5,1,13.600000000000001
897,GTCUSDT,386,2024-08-24 03:30:00 to 2024-08-26 03:30:00,0.0,0,0,0.0,0.0,0.0,896,10,1,1,18,9.5
898,MEWUSDT,19,2024-08-25 14:00:00 to 2024-08-27 14:00:00,0.0,0,0,0.0,0.0,0.0,897,10,10,1,45,24.8
899,FLOWUSDT,306,2024-08-28 03:30:00 to 2024-08-30 03:30:00,1.0323377877147655,1,1,100.0,-4.080224875005456,0.25301002256974503,898,10,51,20,3,17.700000000000003
901,SUSHIUSDT,482,2024-09-01 07:00:00 to 2024-09-03 07:00:00,-1.1231484474217512,0,1,0.0,-1.1231484474217512,1.0,900,10,46,36,9,24.5
903,MTLUSDT,414,2024-09-05 07:00:00 to 2024-09-07 07:00:00,0.0,0,0,0.0,0.0,0.0,902,10,13,1,1,3.4
904,MAVUSDT,141,2024-09-06 12:00:00 to 2024-09-08 12:00:00,-1.394754599925474,0,1,0.0,-1.394754599925474,1.0,903,10,13,2,1,3.7
905,BANDUSDT,497,2024-09-09 07:00:00 to 2024-09-11 07:00:00,0.0,0,0,0.0,0.0,0.0,904,10,25,13,5,11.4
907,1000LUNCUSDT,241,2024-09-13 13:00:00 to 2024-09-15 13:00:00,-0.9306482494721768,0,1,0.0,-0.9306482494721768,1.0,906,10,48,13,5,16.0
908,ENJUSDT,478,2024-09-14 07:00:00 to 2024-09-16 07:00:00,0.0,0,0,0.0,0.0,0.0,907,10,27,1,1,6.2
909,1000PEPEUSDT,163,2024-09-17 16:30:00 to 2024-09-19 16:30:00,0.0,0,0,0.0,0.0,0.0,908,10,5,5,10,7.5
910,CFXUSDT,188,2024-09-18 14:30:00 to 2024-09-20 14:30:00,0.9344748422816185,1,1,100.0,-1.9917424436273756,0.46917453874194004,909,10,13,1,1,3.4
911,WAXPUSDT,109,2024-09-21 14:45:00 to 2024-09-23 14:45:00,-1.2319990739196762,0,1,0.0,-1.2319990739196762,1.0,910,10,62,8,2,15.8
913,TOKENUSDT,105,2024-09-25 15:00:00 to 2024-09-27 15:00:00,0.0,0,0,0.0,0.0,0.0,912,10,30,2,1,7.1
915,OMNIUSDT,51,2024-09-29 14:00:00 to 2024-10-01 14:00:00,2.11560916011575,1,1,100.0,-5.777229987549259,0.3661978430277459,914,10,68,10,1,17.1
917,POPCATUSDT,10,2024-10-03 13:00:00 to 2024-10-05 13:00:00,5.770020210844207,1,1,100.0,-8.326351294431023,0.6929830374444342,916,10,1,3,42,22.1
918,AERGOUSDT,4,2024-10-04 12:15:00 to 2024-10-06 12:15:00,0.0,0,0,0.0,0.0,0.0,917,10,14,4,1,4.5
919,MANAUSDT,430,2024-10-07 07:00:00 to 2024-10-09 07:00:00,0.0,0,0,0.0,0.0,0.0,918,10,9,9,29,19.0
920,FETUSDT,206,2024-10-08 02:30:00 to 2024-10-10 02:30:00,-0.24966953645911838,0,1,0.0,-0.24966953645911838,1.0,919,10,27,1,1,6.2
921,1000PEPEUSDT,171,2024-10-11 16:30:00 to 2024-10-13 16:30:00,0.0,0,0,0.0,0.0,0.0,920,10,9,1,11,7.6
923,NEARUSDT,483,2024-10-15 08:00:00 to 2024-10-17 08:00:00,0.0,0,0,0.0,0.0,0.0,922,10,68,13,5,20.0
925,PIXELUSDT,77,2024-10-19 15:00:00 to 2024-10-21 15:00:00,-0.08414556846954024,0,1,0.0,-0.08414556846954024,1.0,924,10,23,1,1,5.4
926,LINAUSDT,433,2024-10-20 07:00:00 to 2024-10-22 07:00:00,-0.5008315696688137,0,1,0.0,-0.5008315696688137,1.0,925,10,25,2,1,6.1
927,1INCHUSDT,462,2024-10-23 10:00:00 to 2024-10-25 10:00:00,-0.3764422880493945,0,1,0.0,-0.3764422880493945,1.0,926,10,22,1,1,5.2
929,STEEMUSDT,114,2024-10-27 14:30:00 to 2024-10-29 14:30:00,0.0,0,0,0.0,0.0,0.0,928,10,28,1,1,6.4
930,LRCUSDT,486,2024-10-28 07:00:00 to 2024-10-30 07:00:00,0.0,0,0,0.0,0.0,0.0,929,10,10,2,1,3.1
931,ATOMUSDT,572,2024-10-31 12:00:00 to 2024-11-02 12:00:00,0.8355767538192893,1,1,100.0,-0.8986273602402228,0.9298367608080854,930,10,67,12,4,19.0
933,GALAUSDT,377,2024-11-04 03:30:00 to 2024-11-06 03:30:00,-0.8480167425021667,0,1,0.0,-0.8480167425021667,1.0,932,10,60,20,5,20.5
934,MKRUSDT,511,2024-11-05 07:00:00 to 2024-11-07 07:00:00,0.0,0,0,0.0,0.0,0.0,933,10,13,1,1,3.4
935,NEARUSDT,491,2024-11-08 08:00:00 to 2024-11-10 08:00:00,0.0,0,0,0.0,0.0,0.0,934,10,6,6,13,9.5
937,BLURUSDT,184,2024-11-12 12:00:00 to 2024-11-14 12:00:00,0.8548351552269962,1,2,50.0,-2.761554039857006,0.3095485885444631,936,10,4,1,42,22.1
939,ZETAUSDT,92,2024-11-16 08:30:00 to 2024-11-18 08:30:00,5.959280276943724,1,1,100.0,-6.560917453456461,0.9082998405663861,938,10,45,1,5,11.8
940,XVGUSDT,163,2024-11-17 12:00:00 to 2024-11-19 12:00:00,3.7490877158014024,1,1,100.0,-0.7820396704502297,4.793986619173689,939,10,52,1,1,11.200000000000001
941,AGLDUSDT,156,2024-11-20 02:30:00 to 2024-11-22 02:30:00,0.0,0,0,0.0,0.0,0.0,940,10,63,38,5,26.5
943,ROSEUSDT,349,2024-11-24 03:30:00 to 2024-11-26 03:30:00,0.0,0,0,0.0,0.0,0.0,942,10,59,36,3,24.1
945,CELOUSDT,382,2024-11-28 03:30:00 to 2024-11-30 03:30:00,0.44961536156846726,1,1,100.0,0.0,999.0,944,10,5,2,38,20.6
947,POWRUSDT,130,2024-12-02 02:30:00 to 2024-12-04 02:30:00,6.470004743169966,1,1,100.0,-11.436906292533667,0.5657128403153715,946,10,75,21,1,21.8
949,HIFIUSDT,145,2024-12-06 14:30:00 to 2024-12-08 14:30:00,-2.852549712714403,0,1,0.0,-2.852549712714403,1.0,948,10,5,1,39,20.8
951,OMNIUSDT,75,2024-12-10 14:00:00 to 2024-12-12 14:00:00,-5.472738429912949,0,1,0.0,-5.472738429912949,1.0,950,10,30,1,1,6.8
953,CELRUSDT,448,2024-12-14 07:00:00 to 2024-12-16 07:00:00,3.9151526091094846,1,1,100.0,-3.2591986516276483,1.2012623431696168,952,10,5,1,35,18.8
955,DENTUSDT,451,2024-12-18 04:00:00 to 2024-12-20 04:00:00,1.8547041478565118,1,1,100.0,-1.8803635250909334,0.9863540337322908,954,10,12,1,40,22.7
957,FIOUSDT,27,2024-12-22 11:30:00 to 2024-12-24 11:30:00,0.0,0,0,0.0,0.0,0.0,956,10,43,42,9,25.7
958,CELRUSDT,451,2024-12-23 07:00:00 to 2024-12-25 07:00:00,0.0,0,0,0.0,0.0,0.0,957,10,16,2,1,4.300000000000001
959,IOUSDT,62,2024-12-26 14:00:00 to 2024-12-28 14:00:00,-2.4325355056314057,0,1,0.0,-2.4325355056314057,1.0,958,10,1,2,11,6.3
961,COWUSDT,14,2024-12-30 13:30:00 to 2025-01-01 13:30:00,0.0,0,0,0.0,0.0,0.0,960,10,7,1,27,15.2
963,LINAUSDT,458,2025-01-03 07:00:00 to 2025-01-05 07:00:00,0.0,0,0,0.0,0.0,0.0,962,10,10,1,35,19.8
964,BIGTIMEUSDT,146,2025-01-04 14:30:00 to 2025-01-06 14:30:00,0.0,0,0,0.0,0.0,0.0,963,10,234,11,4,52.1
965,GMTUSDT,339,2025-01-07 04:00:00 to 2025-01-09 04:00:00,1.2133136556141455,1,1,100.0,0.0,999.0,964,10,10,10,30,20.0
967,ONDOUSDT,115,2025-01-11 13:00:00 to 2025-01-13 13:00:00,-1.248981098294022,0,1,0.0,-1.248981098294022,1.0,966,10,10,1,1,2.8
969,ETHWUSDT,134,2025-01-15 12:30:00 to 2025-01-17 12:30:00,0.0,0,0,0.0,0.0,0.0,968,10,10,2,1,3.1
970,SANDUSDT,480,2025-01-16 07:00:00 to 2025-01-18 07:00:00,-0.7676586568853949,0,1,0.0,-0.7676586568853949,1.0,969,10,11,1,1,3.0
971,SYNUSDT,48,2025-01-19 12:30:00 to 2025-01-21 12:30:00,-4.5331511592621725,1,2,50.0,-6.005042582348164,0.754890760073439,970,10,10,1,1,2.8
972,SSVUSDT,228,2025-01-20 12:00:00 to 2025-01-22 12:00:00,0.0,0,0,0.0,0.0,0.0,971,10,19,5,1,5.800000000000001
973,1000XECUSDT,404,2025-01-23 03:30:00 to 2025-01-25 03:30:00,0.0,0,0,0.0,0.0,0.0,972,10,77,29,5,26.6
975,ACHUSDT,231,2025-01-27 14:30:00 to 2025-01-29 14:30:00,-5.975477706441456,0,1,0.0,-5.975477706441456,1.0,974,10,76,8,4,19.6
977,AXSUSDT,507,2025-01-31 07:00:00 to 2025-02-02 07:00:00,0.0,0,0,0.0,0.0,0.0,976,10,56,6,2,14.0
979,MOVEUSDT,15,2025-02-04 14:00:00 to 2025-02-06 14:00:00,-5.174060115847412,0,1,0.0,-5.174060115847412,1.0,978,10,13,3,1,4.0
980,PORTALUSDT,110,2025-02-05 15:00:00 to 2025-02-07 15:00:00,-2.6736343010810737,0,1,0.0,-2.6736343010810737,1.0,979,10,10,7,1,4.6
981,TLMUSDT,223,2025-02-08 12:30:00 to 2025-02-10 12:30:00,0.0,0,0,0.0,0.0,0.0,980,10,5,5,16,10.5
983,LSKUSDT,124,2025-02-12 14:15:00 to 2025-02-14 14:15:00,0.0,0,0,0.0,0.0,0.0,982,10,9,9,20,14.5
985,AIXBTUSDT,15,2025-02-15 18:30:00 to 2025-02-17 18:30:00,-2.057593785407008,0,1,0.0,-2.057593785407008,1.0,984,10,7,8,19,13.3
987,ILVUSDT,152,2025-02-20 16:30:00 to 2025-02-22 16:30:00,2.0402916306320407,1,1,100.0,-4.2162323250041105,0.4839134737742545,986,10,16,1,1,4.0
988,PENGUUSDT,18,2025-02-21 16:15:00 to 2025-02-23 16:15:00,-2.808877627136397,0,1,0.0,-2.808877627136397,1.0,987,10,13,2,1,3.7
989,OGNUSDT,471,2025-02-24 07:00:00 to 2025-02-26 07:00:00,14.827790247639294,1,1,100.0,0.0,999.0,988,10,16,1,1,4.0
991,ANKRUSDT,494,2025-02-28 07:00:00 to 2025-03-02 07:00:00,-4.229646891177364,0,1,0.0,-4.229646891177364,1.0,990,10,18,1,12,9.9
993,ENAUSDT,108,2025-03-04 12:30:00 to 2025-03-06 12:30:00,1.0300560128229774,1,1,100.0,-3.230865929534832,0.3188173187277013,992,10,13,1,25,15.4
