normalized_period,symbol,original_period,out_sample_range,winning_trades,total_trades,win_rate,net_profit,selected_based_on_period
79,BNBUSDT,3,2020-03-02 08:00:00 to 2020-03-04 08:00:00,0,1,0.0,-0.48250858160872045,78
80,ONTUSDT,3,2020-03-03 08:00:00 to 2020-03-05 08:00:00,0,0,0.0,0.0,79
81,ZECUSDT,6,2020-03-06 08:00:00 to 2020-03-08 08:00:00,0,0,0.0,0.0,80
83,XMRUSDT,8,2020-03-10 08:00:00 to 2020-03-12 08:00:00,0,1,0.0,-1.9251648533721744,82
85,DASHUSDT,9,2020-03-14 08:00:00 to 2020-03-16 08:00:00,0,0,0.0,0.0,84
86,ZECUSDT,9,2020-03-15 08:00:00 to 2020-03-17 08:00:00,0,0,0.0,0.0,85
87,ZECUSDT,10,2020-03-18 08:00:00 to 2020-03-20 08:00:00,0,0,0.0,0.0,86
89,XTZUSDT,11,2020-03-22 08:00:00 to 2020-03-24 08:00:00,0,1,0.0,-0.19959557342209555,88
91,LINKUSDT,19,2020-03-26 08:00:00 to 2020-03-28 08:00:00,0,0,0.0,0.0,90
93,QTUMUSDT,9,2020-03-30 08:00:00 to 2020-04-01 08:00:00,0,0,0.0,0.0,92
95,ETCUSDT,22,2020-04-03 08:00:00 to 2020-04-05 08:00:00,0,0,0.0,0.0,94
97,LINKUSDT,23,2020-04-07 08:00:00 to 2020-04-09 08:00:00,0,0,0.0,0.0,96
98,LTCUSDT,26,2020-04-08 08:00:00 to 2020-04-10 08:00:00,0,0,0.0,0.0,97
99,ONTUSDT,16,2020-04-11 08:00:00 to 2020-04-13 08:00:00,1,1,100.0,1.2321742532271474,98
101,XMRUSDT,20,2020-04-15 08:00:00 to 2020-04-17 08:00:00,0,1,0.0,-1.1097701883479916,100
103,LINKUSDT,27,2020-04-19 08:00:00 to 2020-04-21 08:00:00,1,1,100.0,1.0357695127868993,102
104,NEOUSDT,17,2020-04-20 08:45:00 to 2020-04-22 08:45:00,1,1,100.0,1.0907387875157992,103
105,LTCUSDT,31,2020-04-23 08:00:00 to 2020-04-25 08:00:00,0,0,0.0,0.0,104
107,ADAUSDT,25,2020-04-27 08:00:00 to 2020-04-29 08:00:00,0,1,0.0,-2.12877915981996,106
108,ETHUSDT,47,2020-04-28 07:45:00 to 2020-04-30 07:45:00,0,0,0.0,0.0,107
109,DASHUSDT,25,2020-05-01 08:00:00 to 2020-05-03 08:00:00,0,0,0.0,0.0,108
111,ZECUSDT,26,2020-05-05 08:00:00 to 2020-05-07 08:00:00,0,0,0.0,0.0,110
113,XMRUSDT,28,2020-05-09 08:00:00 to 2020-05-11 08:00:00,0,0,0.0,0.0,112
114,DASHUSDT,28,2020-05-10 08:00:00 to 2020-05-12 08:00:00,1,1,100.0,2.9923723338254105,113
115,LINKUSDT,35,2020-05-13 08:00:00 to 2020-05-15 08:00:00,0,0,0.0,0.0,114
117,NEOUSDT,26,2020-05-17 08:45:00 to 2020-05-19 08:45:00,0,1,0.0,-0.7008154570901093,116
119,ADAUSDT,33,2020-05-21 08:00:00 to 2020-05-23 08:00:00,1,1,100.0,2.2905350359353926,118
121,LINKUSDT,39,2020-05-25 08:00:00 to 2020-05-27 08:00:00,0,1,0.0,-0.4762208949602331,120
122,VETUSDT,30,2020-05-26 08:00:00 to 2020-05-28 08:00:00,0,1,0.0,-1.0226473803530478,121
123,QTUMUSDT,29,2020-05-29 08:00:00 to 2020-05-31 08:00:00,0,0,0.0,0.0,122
125,XTZUSDT,35,2020-06-02 08:00:00 to 2020-06-04 08:00:00,0,1,0.0,-2.0290745165746693,124
126,DASHUSDT,36,2020-06-03 08:00:00 to 2020-06-05 08:00:00,1,1,100.0,0.6015966019646379,125
127,ETHUSDT,60,2020-06-06 07:45:00 to 2020-06-08 07:45:00,0,1,0.0,-1.2007580803279128,126
129,BCHUSDT,54,2020-06-10 08:45:00 to 2020-06-12 08:45:00,0,0,0.0,0.0,128
131,ADAUSDT,41,2020-06-14 08:00:00 to 2020-06-16 08:00:00,0,1,0.0,-0.14627192157802282,130
132,ATOMUSDT,39,2020-06-15 12:00:00 to 2020-06-17 12:00:00,0,1,0.0,-2.6475194204348518,131
133,ATOMUSDT,40,2020-06-18 12:00:00 to 2020-06-20 12:00:00,0,0,0.0,0.0,132
135,QTUMUSDT,37,2020-06-22 08:00:00 to 2020-06-24 08:00:00,0,0,0.0,0.0,134
137,XTZUSDT,43,2020-06-26 08:00:00 to 2020-06-28 08:00:00,0,1,0.0,-0.8841399347543466,136
138,BNBUSDT,42,2020-06-27 08:00:00 to 2020-06-29 08:00:00,0,1,0.0,-2.160904091827476,137
139,ATOMUSDT,44,2020-06-30 12:00:00 to 2020-07-02 12:00:00,0,0,0.0,0.0,138
141,QTUMUSDT,41,2020-07-04 08:00:00 to 2020-07-06 08:00:00,0,0,0.0,0.0,140
143,XMRUSDT,48,2020-07-08 08:00:00 to 2020-07-10 08:00:00,0,0,0.0,0.0,142
144,DASHUSDT,48,2020-07-09 08:00:00 to 2020-07-11 08:00:00,0,1,0.0,-0.9293842830818466,143
145,DASHUSDT,49,2020-07-12 08:00:00 to 2020-07-14 08:00:00,0,0,0.0,0.0,144
147,NEOUSDT,46,2020-07-16 08:45:00 to 2020-07-18 08:45:00,0,1,0.0,-1.2662290750311778,146
149,ADAUSDT,53,2020-07-20 08:00:00 to 2020-07-22 08:00:00,0,0,0.0,0.0,148
150,DASHUSDT,52,2020-07-21 08:00:00 to 2020-07-23 08:00:00,0,0,0.0,0.0,149
151,ZILUSDT,8,2020-07-24 09:00:00 to 2020-07-26 09:00:00,0,0,0.0,0.0,150
153,ONTUSDT,52,2020-07-28 08:00:00 to 2020-07-30 08:00:00,0,0,0.0,0.0,152
155,XTZUSDT,55,2020-08-01 08:00:00 to 2020-08-03 08:00:00,1,1,100.0,1.464784755663251,154
157,DASHUSDT,57,2020-08-05 08:00:00 to 2020-08-07 08:00:00,0,0,0.0,0.0,156
158,BCHUSDT,73,2020-08-06 08:45:00 to 2020-08-08 08:45:00,0,0,0.0,0.0,157
159,DOGEUSDT,6,2020-08-09 09:00:00 to 2020-08-11 09:00:00,1,1,100.0,0.24965767106233105,158
161,XMRUSDT,60,2020-08-13 08:00:00 to 2020-08-15 08:00:00,0,1,0.0,-1.399228246688311,160
163,ETHUSDT,84,2020-08-17 07:45:00 to 2020-08-19 07:45:00,0,0,0.0,0.0,162
165,VETUSDT,59,2020-08-21 08:00:00 to 2020-08-23 08:00:00,0,1,0.0,-4.509405666556865,164
166,XTZUSDT,62,2020-08-22 08:00:00 to 2020-08-24 08:00:00,1,1,100.0,1.3662014132039824,165
167,XMRUSDT,64,2020-08-25 08:00:00 to 2020-08-27 08:00:00,1,1,100.0,0.3455576402204841,166
168,ZRXUSDT,17,2020-08-26 09:00:00 to 2020-08-28 09:00:00,1,1,100.0,0.6094005565315808,167
169,DASHUSDT,65,2020-08-29 08:00:00 to 2020-08-31 08:00:00,0,0,0.0,0.0,168
171,ONTUSDT,64,2020-09-02 08:00:00 to 2020-09-04 08:00:00,0,0,0.0,0.0,170
173,MKRUSDT,4,2020-09-06 07:00:00 to 2020-09-08 07:00:00,0,1,0.0,-0.8355262675715402,172
174,ETHUSDT,91,2020-09-07 07:45:00 to 2020-09-09 07:45:00,0,1,0.0,-1.5234037826727942,173
175,XLMUSDT,74,2020-09-10 08:00:00 to 2020-09-12 08:00:00,0,0,0.0,0.0,174
176,KAVAUSDT,11,2020-09-11 07:00:00 to 2020-09-13 07:00:00,0,0,0.0,0.0,175
177,LTCUSDT,79,2020-09-14 08:00:00 to 2020-09-16 08:00:00,0,0,0.0,0.0,176
179,BTCUSDT,121,2020-09-17 17:45:00 to 2020-09-19 17:45:00,0,0,0.0,0.0,178
181,BALUSDT,3,2020-09-22 07:00:00 to 2020-09-24 07:00:00,1,1,100.0,0.34326530013806256,180
183,ZECUSDT,74,2020-09-26 08:00:00 to 2020-09-28 08:00:00,0,0,0.0,0.0,182
184,MKRUSDT,11,2020-09-27 07:00:00 to 2020-09-29 07:00:00,0,1,0.0,-0.3111644601604735,183
185,XTZUSDT,75,2020-09-30 08:00:00 to 2020-10-02 08:00:00,0,0,0.0,0.0,184
187,ZRXUSDT,30,2020-10-04 09:00:00 to 2020-10-06 09:00:00,0,1,0.0,-0.2503191989785547,186
189,LTCUSDT,87,2020-10-08 08:00:00 to 2020-10-10 08:00:00,0,0,0.0,0.0,188
190,ETCUSDT,85,2020-10-09 08:00:00 to 2020-10-11 08:00:00,0,0,0.0,0.0,189
191,BTCUSDT,129,2020-10-11 17:45:00 to 2020-10-13 17:45:00,0,0,0.0,0.0,190
193,BNBUSDT,79,2020-10-16 08:00:00 to 2020-10-18 08:00:00,0,1,0.0,-0.1451727796243807,192
195,LTCUSDT,91,2020-10-20 08:00:00 to 2020-10-22 08:00:00,0,1,0.0,-2.005027764433409,194
197,BTCUSDT,133,2020-10-23 17:45:00 to 2020-10-25 17:45:00,0,0,0.0,0.0,196
199,BALUSDT,15,2020-10-28 07:00:00 to 2020-10-30 07:00:00,0,0,0.0,0.0,198
200,DOGEUSDT,33,2020-10-29 09:00:00 to 2020-10-31 09:00:00,0,0,0.0,0.0,199
201,RLCUSDT,27,2020-11-01 07:00:00 to 2020-11-03 07:00:00,1,1,100.0,0.6767307217371732,200
202,BANDUSDT,28,2020-11-02 07:00:00 to 2020-11-04 07:00:00,0,1,0.0,-0.5882954483602099,201
203,DEFIUSDT,19,2020-11-05 07:00:00 to 2020-11-07 07:00:00,0,1,0.0,-0.9161882782443675,202
204,RUNEUSDT,17,2020-11-06 07:00:00 to 2020-11-08 07:00:00,0,1,0.0,-4.8482152230648445,203
205,CRVUSDT,19,2020-11-09 07:00:00 to 2020-11-11 07:00:00,1,1,100.0,3.762381991602126,204
206,AVAXUSDT,12,2020-11-10 07:00:00 to 2020-11-12 07:00:00,0,1,0.0,-1.1152295434777026,205
207,NEOUSDT,86,2020-11-13 08:45:00 to 2020-11-15 08:45:00,0,1,0.0,-1.1413175887243776,206
208,NEARUSDT,6,2020-11-14 08:00:00 to 2020-11-16 08:00:00,0,0,0.0,0.0,207
209,MKRUSDT,28,2020-11-17 07:00:00 to 2020-11-19 07:00:00,0,0,0.0,0.0,208
211,BALUSDT,23,2020-11-21 07:00:00 to 2020-11-23 07:00:00,0,1,0.0,-1.7436206967216816,210
212,AVAXUSDT,16,2020-11-22 07:00:00 to 2020-11-24 07:00:00,0,1,0.0,-4.062276862374137,211
213,NEOUSDT,90,2020-11-25 08:45:00 to 2020-11-27 08:45:00,0,1,0.0,-1.2768458341914535,212
215,IOTAUSDT,93,2020-11-29 08:00:00 to 2020-12-01 08:00:00,0,1,0.0,-2.1955870337038608,214
216,LRCUSDT,10,2020-11-30 07:00:00 to 2020-12-02 07:00:00,1,1,100.0,5.1557279005289836,215
217,ZILUSDT,52,2020-12-03 09:00:00 to 2020-12-05 09:00:00,1,1,100.0,1.1019808289064015,216
219,KAVAUSDT,40,2020-12-07 07:00:00 to 2020-12-09 07:00:00,1,1,100.0,0.27948651071045827,218
221,IOTAUSDT,97,2020-12-11 08:00:00 to 2020-12-13 08:00:00,1,1,100.0,0.36364458344306794,220
223,DASHUSDT,101,2020-12-15 08:00:00 to 2020-12-17 08:00:00,0,0,0.0,0.0,222
225,ONTUSDT,100,2020-12-19 08:00:00 to 2020-12-21 08:00:00,0,1,0.0,-0.9870210221184395,224
227,BANDUSDT,45,2020-12-23 07:00:00 to 2020-12-25 07:00:00,1,1,100.0,9.662838002038221,226
229,STORJUSDT,30,2020-12-27 07:00:00 to 2020-12-29 07:00:00,0,1,0.0,-0.27550605445222365,228
231,DOGEUSDT,54,2020-12-31 09:00:00 to 2021-01-02 09:00:00,0,0,0.0,0.0,230
232,AXSUSDT,10,2021-01-01 07:00:00 to 2021-01-03 07:00:00,0,0,0.0,0.0,231
233,SKLUSDT,5,2021-01-04 07:30:00 to 2021-01-06 07:30:00,0,1,0.0,-2.8338579155436916,232
234,ZILUSDT,63,2021-01-05 09:00:00 to 2021-01-07 09:00:00,1,1,100.0,5.85949893005433,233
235,LRCUSDT,23,2021-01-08 07:00:00 to 2021-01-10 07:00:00,0,1,0.0,-3.906203974787026,234
237,1INCHUSDT,2,2021-01-12 10:00:00 to 2021-01-14 10:00:00,1,1,100.0,4.187287745930668,236
239,ADAUSDT,113,2021-01-16 08:00:00 to 2021-01-18 08:00:00,0,0,0.0,0.0,238
240,AAVEUSDT,27,2021-01-17 07:00:00 to 2021-01-19 07:00:00,1,1,100.0,3.3174723439293397,239
241,LINKUSDT,119,2021-01-20 08:00:00 to 2021-01-22 08:00:00,2,2,100.0,1.3958852205205208,240
243,QTUMUSDT,109,2021-01-24 08:00:00 to 2021-01-26 08:00:00,0,1,0.0,-0.7194451202104601,242
244,NEARUSDT,30,2021-01-25 08:00:00 to 2021-01-27 08:00:00,0,1,0.0,-3.473757195136129,243
245,YFIUSDT,46,2021-01-28 07:00:00 to 2021-01-30 07:00:00,1,1,100.0,0.7777333101272266,244
246,SNXUSDT,52,2021-01-29 07:00:00 to 2021-01-31 07:00:00,0,1,0.0,-0.8463643074521743,245
247,ATOMUSDT,116,2021-02-01 12:00:00 to 2021-02-03 12:00:00,0,1,0.0,-0.3343563620807011,246
248,ALGOUSDT,73,2021-02-02 09:00:00 to 2021-02-04 09:00:00,0,1,0.0,-1.3899672237465577,247
249,LTCUSDT,127,2021-02-05 08:00:00 to 2021-02-07 08:00:00,1,1,100.0,0.49653821471353776,248
250,YFIUSDT,49,2021-02-06 07:00:00 to 2021-02-08 07:00:00,0,1,0.0,-1.4800047812310813,249
251,ADAUSDT,121,2021-02-09 08:00:00 to 2021-02-11 08:00:00,0,1,0.0,-1.6600779565474233,250
253,LINKUSDT,127,2021-02-13 08:00:00 to 2021-02-15 08:00:00,1,1,100.0,2.9777295165389406,252
255,VETUSDT,119,2021-02-17 08:00:00 to 2021-02-19 08:00:00,1,1,100.0,1.8483785389267426,254
256,YFIUSDT,53,2021-02-18 07:00:00 to 2021-02-20 07:00:00,1,1,100.0,0.5859787926390636,255
257,DEFIUSDT,55,2021-02-21 07:00:00 to 2021-02-23 07:00:00,1,1,100.0,1.629561007552316,256
259,ZENUSDT,27,2021-02-25 07:00:00 to 2021-02-27 07:00:00,1,3,33.33333333333333,-0.11320344532551596,258
260,RLCUSDT,66,2021-02-26 07:00:00 to 2021-02-28 07:00:00,0,0,0.0,0.0,259
261,VETUSDT,123,2021-03-01 08:00:00 to 2021-03-03 08:00:00,0,0,0.0,0.0,260
263,UNIUSDT,52,2021-03-05 07:00:00 to 2021-03-07 07:00:00,1,1,100.0,1.9667414192777732,262
265,BNBUSDT,127,2021-03-09 08:00:00 to 2021-03-11 08:00:00,0,0,0.0,0.0,264
267,ALGOUSDT,86,2021-03-13 09:00:00 to 2021-03-15 09:00:00,1,1,100.0,1.2985677984406196,266
268,SFPUSDT,2,2021-03-14 07:00:00 to 2021-03-16 07:00:00,1,1,100.0,5.982573997700835,267
269,IOTAUSDT,129,2021-03-17 08:00:00 to 2021-03-19 08:00:00,0,0,0.0,0.0,268
270,BELUSDT,36,2021-03-18 07:00:00 to 2021-03-20 07:00:00,0,0,0.0,0.0,269
271,RUNEUSDT,62,2021-03-21 07:00:00 to 2021-03-23 07:00:00,0,1,0.0,-0.6148330484262554,270
273,ZECUSDT,134,2021-03-25 08:00:00 to 2021-03-27 08:00:00,0,1,0.0,-1.5510386410933386,272
275,DEFIUSDT,67,2021-03-29 07:00:00 to 2021-03-31 07:00:00,0,1,0.0,-1.2663457147471635,274
277,RSRUSDT,51,2021-04-02 07:00:00 to 2021-04-04 07:00:00,0,0,0.0,0.0,276
279,ONTUSDT,136,2021-04-06 08:00:00 to 2021-04-08 08:00:00,0,0,0.0,0.0,278
281,ETCUSDT,146,2021-04-10 08:00:00 to 2021-04-12 08:00:00,0,1,0.0,-1.8319315799117941,280
283,BNBUSDT,139,2021-04-14 08:00:00 to 2021-04-16 08:00:00,1,1,100.0,2.224246137998076,282
285,BCHUSDT,158,2021-04-18 08:45:00 to 2021-04-20 08:45:00,2,2,100.0,4.093175506161817,284
287,BTCUSDT,193,2021-04-21 17:45:00 to 2021-04-23 17:45:00,0,1,0.0,-5.014109487013874,286
288,LINKUSDT,150,2021-04-23 08:00:00 to 2021-04-25 08:00:00,1,1,100.0,2.5154164218818886,287
289,STORJUSDT,70,2021-04-26 07:00:00 to 2021-04-28 07:00:00,0,0,0.0,0.0,288
291,MTLUSDT,6,2021-04-30 07:00:00 to 2021-05-02 07:00:00,0,0,0.0,0.0,290
293,DEFIUSDT,79,2021-05-04 07:00:00 to 2021-05-06 07:00:00,0,1,0.0,-5.829708266441869,292
294,ATOMUSDT,147,2021-05-05 12:00:00 to 2021-05-07 12:00:00,0,0,0.0,0.0,293
295,BALUSDT,79,2021-05-08 07:00:00 to 2021-05-10 07:00:00,0,1,0.0,-1.7622914867920003,294
296,ENJUSDT,70,2021-05-09 07:00:00 to 2021-05-11 07:00:00,1,2,50.0,-4.370334657342323,295
297,NEOUSDT,146,2021-05-12 08:45:00 to 2021-05-14 08:45:00,1,2,50.0,2.6834720160456405,296
298,CELRUSDT,11,2021-05-13 07:00:00 to 2021-05-15 07:00:00,0,1,0.0,-11.776454740741949,297
299,XTZUSDT,151,2021-05-16 08:00:00 to 2021-05-18 08:00:00,1,1,100.0,0.7422564855798841,298
300,BELUSDT,56,2021-05-17 07:00:00 to 2021-05-19 07:00:00,1,1,100.0,0.4697813765229597,299
301,LRCUSDT,67,2021-05-20 07:00:00 to 2021-05-22 07:00:00,0,1,0.0,-7.397786743006984,300
303,ALICEUSDT,19,2021-05-24 03:00:00 to 2021-05-26 03:00:00,0,1,0.0,-0.7141455500787042,302
305,UNIUSDT,80,2021-05-28 07:00:00 to 2021-05-30 07:00:00,0,0,0.0,0.0,304
306,CRVUSDT,86,2021-05-29 07:00:00 to 2021-05-31 07:00:00,0,0,0.0,0.0,305
307,DENTUSDT,19,2021-06-01 04:00:00 to 2021-06-03 04:00:00,0,0,0.0,0.0,306
309,ONTUSDT,156,2021-06-05 08:00:00 to 2021-06-07 08:00:00,0,1,0.0,-3.5940308494947337,308
311,IOTAUSDT,157,2021-06-09 08:00:00 to 2021-06-11 08:00:00,0,0,0.0,0.0,310
312,FILUSDT,75,2021-06-10 06:00:00 to 2021-06-12 06:00:00,0,1,0.0,-1.1327126556068046,311
313,STORJUSDT,86,2021-06-13 07:00:00 to 2021-06-15 07:00:00,0,1,0.0,-1.8904328700481643,312
314,AVAXUSDT,84,2021-06-14 07:00:00 to 2021-06-16 07:00:00,0,0,0.0,0.0,313
315,MTLUSDT,22,2021-06-17 07:00:00 to 2021-06-19 07:00:00,0,0,0.0,0.0,314
316,NEARUSDT,78,2021-06-18 08:00:00 to 2021-06-20 08:00:00,0,0,0.0,0.0,315
317,HBARUSDT,28,2021-06-21 07:00:00 to 2021-06-23 07:00:00,0,1,0.0,-1.0545353715897487,316
319,CRVUSDT,95,2021-06-25 07:00:00 to 2021-06-27 07:00:00,1,1,100.0,5.192897197830271,318
321,NEOUSDT,162,2021-06-29 08:45:00 to 2021-07-01 08:45:00,0,0,0.0,0.0,320
323,SKLUSDT,65,2021-07-03 07:30:00 to 2021-07-05 07:30:00,0,0,0.0,0.0,322
325,BNBUSDT,167,2021-07-07 08:00:00 to 2021-07-09 08:00:00,1,1,100.0,2.0610778846121613,324
327,COTIUSDT,37,2021-07-11 07:00:00 to 2021-07-13 07:00:00,0,1,0.0,-0.14211547584034312,326
328,BAKEUSDT,14,2021-07-12 07:00:00 to 2021-07-14 07:00:00,1,1,100.0,2.317041865521685,327
329,SKLUSDT,69,2021-07-15 07:30:00 to 2021-07-17 07:30:00,2,2,100.0,4.836643362287085,328
331,ANKRUSDT,54,2021-07-19 07:00:00 to 2021-07-21 07:00:00,1,1,100.0,5.235533225979139,330
333,RLCUSDT,115,2021-07-23 07:00:00 to 2021-07-25 07:00:00,0,1,0.0,-2.8719156333384954,332
334,BAKEUSDT,18,2021-07-24 07:00:00 to 2021-07-26 07:00:00,1,2,50.0,-1.2317028336972795,333
335,UNIUSDT,100,2021-07-27 07:00:00 to 2021-07-29 07:00:00,1,1,100.0,2.0494457351424966,334
337,LRCUSDT,91,2021-07-31 07:00:00 to 2021-08-02 07:00:00,0,0,0.0,0.0,336
338,RLCUSDT,118,2021-08-01 07:00:00 to 2021-08-03 07:00:00,0,1,0.0,-3.9947612678364997,337
339,FLMUSDT,99,2021-08-04 07:00:00 to 2021-08-06 07:00:00,0,1,0.0,-1.9583417200935704,338
340,NEARUSDT,94,2021-08-05 08:00:00 to 2021-08-07 08:00:00,0,0,0.0,0.0,339
341,HBARUSDT,44,2021-08-08 07:00:00 to 2021-08-10 07:00:00,1,1,100.0,1.613540492542609,340
342,SNXUSDT,116,2021-08-09 07:00:00 to 2021-08-11 07:00:00,1,1,100.0,1.5708659215178056,341
343,ONEUSDT,45,2021-08-12 07:00:00 to 2021-08-14 07:00:00,1,1,100.0,1.3020712051612815,342
344,GTCUSDT,17,2021-08-13 03:30:00 to 2021-08-15 03:30:00,1,1,100.0,0.7505380985699528,343
345,ALICEUSDT,47,2021-08-16 03:00:00 to 2021-08-18 03:00:00,1,1,100.0,4.999736525689302,344
347,MKRUSDT,120,2021-08-20 07:00:00 to 2021-08-22 07:00:00,0,0,0.0,0.0,346
348,CRVUSDT,114,2021-08-21 07:00:00 to 2021-08-23 07:00:00,1,1,100.0,1.2935714772255302,347
349,CRVUSDT,115,2021-08-24 07:00:00 to 2021-08-26 07:00:00,1,1,100.0,2.2492097916576803,348
351,LTCUSDT,195,2021-08-28 08:00:00 to 2021-08-30 08:00:00,0,0,0.0,0.0,350
352,BAKEUSDT,30,2021-08-29 07:00:00 to 2021-08-31 07:00:00,0,1,0.0,-0.8496825266324781,351
353,MKRUSDT,124,2021-09-01 07:00:00 to 2021-09-03 07:00:00,0,1,0.0,-0.7941211132879267,352
354,BELUSDT,92,2021-09-02 07:00:00 to 2021-09-04 07:00:00,0,1,0.0,-0.8555845414549679,353
355,RUNEUSDT,118,2021-09-05 07:00:00 to 2021-09-07 07:00:00,1,1,100.0,1.2180499726597294,354
356,AVAXUSDT,112,2021-09-06 07:00:00 to 2021-09-08 07:00:00,1,1,100.0,7.860230128619516,355
357,ONTUSDT,188,2021-09-09 08:00:00 to 2021-09-11 08:00:00,0,1,0.0,-1.5321050241752343,356
358,DEFIUSDT,122,2021-09-10 07:00:00 to 2021-09-12 07:00:00,0,1,0.0,-1.4082864977734477,357
359,IOTAUSDT,189,2021-09-13 08:00:00 to 2021-09-15 08:00:00,1,1,100.0,5.59003756090386,358
360,HOTUSDT,52,2021-09-14 07:00:00 to 2021-09-16 07:00:00,0,0,0.0,0.0,359
361,STORJUSDT,118,2021-09-17 07:00:00 to 2021-09-19 07:00:00,0,0,0.0,0.0,360
363,DOGEUSDT,142,2021-09-21 09:00:00 to 2021-09-23 09:00:00,0,0,0.0,0.0,362
365,UNIUSDT,120,2021-09-25 07:00:00 to 2021-09-27 07:00:00,0,1,0.0,-3.6900948508464926,364
367,ANKRUSDT,78,2021-09-29 07:00:00 to 2021-10-01 07:00:00,1,1,100.0,0.17372212826829436,366
368,GRTUSDT,91,2021-09-30 07:00:00 to 2021-10-02 07:00:00,0,0,0.0,0.0,367
369,DOGEUSDT,146,2021-10-03 09:00:00 to 2021-10-05 09:00:00,0,0,0.0,0.0,368
370,IOTAUSDT,196,2021-10-04 08:00:00 to 2021-10-06 08:00:00,0,0,0.0,0.0,369
371,MKRUSDT,136,2021-10-07 07:00:00 to 2021-10-09 07:00:00,1,1,100.0,1.1331608297312945,370
372,ONEUSDT,64,2021-10-08 07:00:00 to 2021-10-10 07:00:00,1,2,50.0,1.1606435892828504,371
373,ONEUSDT,65,2021-10-11 07:00:00 to 2021-10-13 07:00:00,1,2,50.0,-0.43972247515045026,372
375,CHZUSDT,85,2021-10-15 07:00:00 to 2021-10-17 07:00:00,0,1,0.0,-3.4127207407200544,374
377,SKLUSDT,101,2021-10-19 07:30:00 to 2021-10-21 07:30:00,1,1,100.0,0.5705916484049389,376
378,CRVUSDT,134,2021-10-20 07:00:00 to 2021-10-22 07:00:00,0,0,0.0,0.0,377
379,ATOMUSDT,204,2021-10-23 12:00:00 to 2021-10-25 12:00:00,0,1,0.0,-1.0643040336946519,378
380,ALICEUSDT,70,2021-10-24 03:00:00 to 2021-10-26 03:00:00,0,1,0.0,-0.40206053896161276,379
381,EGLDUSDT,132,2021-10-27 07:00:00 to 2021-10-29 07:00:00,1,1,100.0,1.862568777962359,380
383,IOTAUSDT,205,2021-10-31 08:00:00 to 2021-11-02 08:00:00,0,0,0.0,0.0,382
385,DENTUSDT,71,2021-11-04 04:00:00 to 2021-11-06 04:00:00,0,1,0.0,-3.425595023401895,384
387,BCHUSDT,226,2021-11-08 08:45:00 to 2021-11-10 08:45:00,0,0,0.0,0.0,386
389,SFPUSDT,83,2021-11-12 07:00:00 to 2021-11-14 07:00:00,0,1,0.0,-0.795722545116273,388
390,BELUSDT,116,2021-11-13 07:00:00 to 2021-11-15 07:00:00,0,1,0.0,-0.49574193174586334,389
391,C98USDT,24,2021-11-16 03:30:00 to 2021-11-18 03:30:00,1,1,100.0,7.798695025578883,390
393,FLMUSDT,135,2021-11-20 07:00:00 to 2021-11-22 07:00:00,0,0,0.0,0.0,392
395,HBARUSDT,80,2021-11-24 07:00:00 to 2021-11-26 07:00:00,0,0,0.0,0.0,394
397,BNBUSDT,215,2021-11-28 08:00:00 to 2021-11-30 08:00:00,0,0,0.0,0.0,396
399,VETUSDT,215,2021-12-02 08:00:00 to 2021-12-04 08:00:00,0,1,0.0,-1.4530994482080173,398
401,CELRUSDT,80,2021-12-06 07:00:00 to 2021-12-08 07:00:00,0,1,0.0,-5.296053283029412,400
402,ZRXUSDT,173,2021-12-07 09:00:00 to 2021-12-09 09:00:00,0,0,0.0,0.0,401
403,DASHUSDT,221,2021-12-10 08:00:00 to 2021-12-12 08:00:00,0,0,0.0,0.0,402
405,MTLUSDT,82,2021-12-14 07:00:00 to 2021-12-16 07:00:00,0,0,0.0,0.0,404
406,MKRUSDT,159,2021-12-15 07:00:00 to 2021-12-17 07:00:00,0,0,0.0,0.0,405
407,SKLUSDT,121,2021-12-18 07:30:00 to 2021-12-20 07:30:00,0,1,0.0,-3.1103977833213614,406
408,CTSIUSDT,14,2021-12-19 03:30:00 to 2021-12-21 03:30:00,0,0,0.0,0.0,407
409,STORJUSDT,150,2021-12-22 07:00:00 to 2021-12-24 07:00:00,0,0,0.0,0.0,408
411,VETUSDT,223,2021-12-26 08:00:00 to 2021-12-28 08:00:00,0,0,0.0,0.0,410
412,YFIUSDT,157,2021-12-27 07:00:00 to 2021-12-29 07:00:00,0,0,0.0,0.0,411
413,HBARUSDT,92,2021-12-30 07:00:00 to 2022-01-01 07:00:00,1,1,100.0,0.1581284889597523,412
414,RSRUSDT,142,2021-12-31 07:00:00 to 2022-01-02 07:00:00,1,1,100.0,0.3817250374843928,413
415,ETHUSDT,252,2022-01-03 07:45:00 to 2022-01-05 07:45:00,0,0,0.0,0.0,414
417,AVAXUSDT,153,2022-01-07 07:00:00 to 2022-01-09 07:00:00,1,1,100.0,0.3295527384212793,416
418,MKRUSDT,167,2022-01-08 07:00:00 to 2022-01-10 07:00:00,0,1,0.0,-0.8562365565317753,417
419,IOTAUSDT,229,2022-01-11 08:00:00 to 2022-01-13 08:00:00,0,1,0.0,-1.2633428163486449,418
420,ZENUSDT,134,2022-01-12 07:00:00 to 2022-01-14 07:00:00,0,0,0.0,0.0,419
421,STORJUSDT,158,2022-01-15 07:00:00 to 2022-01-17 07:00:00,0,0,0.0,0.0,420
422,FLMUSDT,154,2022-01-16 07:00:00 to 2022-01-18 07:00:00,0,0,0.0,0.0,421
423,VETUSDT,231,2022-01-19 08:00:00 to 2022-01-21 08:00:00,0,1,0.0,-1.3690339344711533,422
425,SKLUSDT,133,2022-01-23 07:30:00 to 2022-01-25 07:30:00,0,0,0.0,0.0,424
426,SNXUSDT,172,2022-01-24 07:00:00 to 2022-01-26 07:00:00,0,1,0.0,-0.9168854947157579,425
427,MANAUSDT,102,2022-01-27 07:00:00 to 2022-01-29 07:00:00,0,1,0.0,-0.911925518016099,426
429,VETUSDT,235,2022-01-31 08:00:00 to 2022-02-02 08:00:00,0,0,0.0,0.0,428
430,ETCUSDT,245,2022-02-01 08:00:00 to 2022-02-03 08:00:00,0,0,0.0,0.0,429
431,SFPUSDT,111,2022-02-04 07:00:00 to 2022-02-06 07:00:00,0,0,0.0,0.0,430
433,RSRUSDT,155,2022-02-08 07:00:00 to 2022-02-10 07:00:00,0,1,0.0,-2.1520208754085446,432
435,ZECUSDT,242,2022-02-12 08:00:00 to 2022-02-14 08:00:00,1,1,100.0,1.0611416913068439,434
437,SKLUSDT,141,2022-02-16 07:30:00 to 2022-02-18 07:30:00,1,1,100.0,2.6221877277031513,436
438,ZRXUSDT,197,2022-02-17 09:00:00 to 2022-02-19 09:00:00,0,0,0.0,0.0,437
439,ZENUSDT,147,2022-02-20 07:00:00 to 2022-02-22 07:00:00,1,1,100.0,1.955588638687411,438
440,COTIUSDT,112,2022-02-21 07:00:00 to 2022-02-23 07:00:00,1,1,100.0,5.700307822055417,439
441,FLMUSDT,167,2022-02-24 07:00:00 to 2022-02-26 07:00:00,1,1,100.0,1.510300238629969,440
443,HBARUSDT,112,2022-02-28 07:00:00 to 2022-03-02 07:00:00,0,0,0.0,0.0,442
445,RSRUSDT,163,2022-03-04 07:00:00 to 2022-03-06 07:00:00,1,1,100.0,0.6985257846854109,444
446,LPTUSDT,34,2022-03-05 03:30:00 to 2022-03-07 03:30:00,0,0,0.0,0.0,445
447,1INCHUSDT,142,2022-03-08 10:00:00 to 2022-03-10 10:00:00,0,0,0.0,0.0,446
449,API3USDT,2,2022-03-12 03:30:00 to 2022-03-14 03:30:00,0,0,0.0,0.0,448
450,RUNEUSDT,181,2022-03-13 07:00:00 to 2022-03-15 07:00:00,1,1,100.0,2.0912974306610765,449
451,LINKUSDT,259,2022-03-16 08:00:00 to 2022-03-18 08:00:00,0,1,0.0,-0.9040414671653396,450
452,DOGEUSDT,201,2022-03-17 09:00:00 to 2022-03-19 09:00:00,0,0,0.0,0.0,451
453,DOGEUSDT,202,2022-03-20 09:00:00 to 2022-03-22 09:00:00,0,1,0.0,-0.5606960589143895,452
455,ETCUSDT,262,2022-03-24 08:00:00 to 2022-03-26 08:00:00,1,1,100.0,1.2692845930240892,454
457,CHRUSDT,123,2022-03-28 07:00:00 to 2022-03-30 07:00:00,0,0,0.0,0.0,456
459,CHZUSDT,141,2022-04-01 07:00:00 to 2022-04-03 07:00:00,1,1,100.0,4.728211866632437,458
461,ALPHAUSDT,162,2022-04-05 07:00:00 to 2022-04-07 07:00:00,0,0,0.0,0.0,460
463,STORJUSDT,186,2022-04-09 07:00:00 to 2022-04-11 07:00:00,0,0,0.0,0.0,462
464,ATAUSDT,70,2022-04-10 03:30:00 to 2022-04-12 03:30:00,0,0,0.0,0.0,463
465,DOGEUSDT,210,2022-04-13 09:00:00 to 2022-04-15 09:00:00,0,0,0.0,0.0,464
466,FLOWUSDT,17,2022-04-14 03:30:00 to 2022-04-16 03:30:00,0,1,0.0,-0.7265027349316444,465
467,SKLUSDT,161,2022-04-17 07:30:00 to 2022-04-19 07:30:00,0,1,0.0,-0.8599637560713025,466
469,ETHUSDT,288,2022-04-21 07:45:00 to 2022-04-23 07:45:00,0,0,0.0,0.0,468
470,CELOUSDT,65,2022-04-22 03:30:00 to 2022-04-24 03:30:00,0,0,0.0,0.0,469
471,GTCUSDT,102,2022-04-25 03:30:00 to 2022-04-27 03:30:00,1,1,100.0,0.5966655536747467,470
473,PEOPLEUSDT,38,2022-04-29 04:00:00 to 2022-05-01 04:00:00,0,0,0.0,0.0,472
475,LINKUSDT,275,2022-05-03 08:00:00 to 2022-05-05 08:00:00,0,1,0.0,-1.1066922966002424,474
477,ATAUSDT,79,2022-05-07 03:30:00 to 2022-05-09 03:30:00,0,0,0.0,0.0,476
478,NEARUSDT,186,2022-05-08 08:00:00 to 2022-05-10 08:00:00,0,1,0.0,-10.928602887607507,477
479,BAKEUSDT,115,2022-05-11 07:00:00 to 2022-05-13 07:00:00,1,2,50.0,0.35106218095406305,478
481,1000XECUSDT,76,2022-05-15 03:30:00 to 2022-05-17 03:30:00,0,0,0.0,0.0,480
482,VETUSDT,270,2022-05-16 08:00:00 to 2022-05-18 08:00:00,0,0,0.0,0.0,481
483,GTCUSDT,110,2022-05-19 03:30:00 to 2022-05-21 03:30:00,0,0,0.0,0.0,482
485,SFPUSDT,147,2022-05-23 07:00:00 to 2022-05-25 07:00:00,0,0,0.0,0.0,484
487,AAVEUSDT,192,2022-05-27 07:00:00 to 2022-05-29 07:00:00,1,1,100.0,3.0878240010634217,486
489,VETUSDT,275,2022-05-31 08:00:00 to 2022-06-02 08:00:00,0,0,0.0,0.0,488
491,BANDUSDT,221,2022-06-04 07:00:00 to 2022-06-06 07:00:00,0,0,0.0,0.0,490
493,ETHUSDT,304,2022-06-08 07:45:00 to 2022-06-10 07:45:00,0,0,0.0,0.0,492
495,GRTUSDT,176,2022-06-12 07:00:00 to 2022-06-14 07:00:00,0,1,0.0,-2.5816029636284266,494
497,SFPUSDT,155,2022-06-16 07:00:00 to 2022-06-18 07:00:00,0,1,0.0,-2.1293960035024484,496
499,1000XECUSDT,88,2022-06-20 03:30:00 to 2022-06-22 03:30:00,0,0,0.0,0.0,498
500,AVAXUSDT,208,2022-06-21 07:00:00 to 2022-06-23 07:00:00,1,1,100.0,1.6562628712952998,499
501,ATAUSDT,95,2022-06-24 03:30:00 to 2022-06-26 03:30:00,0,0,0.0,0.0,500
502,SKLUSDT,184,2022-06-25 07:30:00 to 2022-06-27 07:30:00,1,1,100.0,2.8458327997956223,501
503,NEARUSDT,203,2022-06-28 08:00:00 to 2022-06-30 08:00:00,1,1,100.0,5.40182933036486,502
505,IMXUSDT,43,2022-07-02 03:30:00 to 2022-07-04 03:30:00,1,1,100.0,1.527564149469951,504
506,GRTUSDT,183,2022-07-03 07:00:00 to 2022-07-05 07:00:00,0,0,0.0,0.0,505
507,RLCUSDT,231,2022-07-06 07:00:00 to 2022-07-08 07:00:00,0,1,0.0,-0.14829085987272395,506
508,XTZUSDT,290,2022-07-07 08:00:00 to 2022-07-09 08:00:00,0,1,0.0,-1.0797316937799062,507
509,XMRUSDT,292,2022-07-10 08:00:00 to 2022-07-12 08:00:00,0,1,0.0,-1.5316578827325955,508
511,ATOMUSDT,292,2022-07-14 12:00:00 to 2022-07-16 12:00:00,0,0,0.0,0.0,510
512,KAVAUSDT,235,2022-07-15 07:00:00 to 2022-07-17 07:00:00,0,1,0.0,-0.9104069443827578,511
513,GTCUSDT,130,2022-07-18 03:30:00 to 2022-07-20 03:30:00,1,1,100.0,1.1834627448522372,512
514,API3USDT,45,2022-07-19 03:30:00 to 2022-07-21 03:30:00,0,1,0.0,-0.1901152149826668,513
515,IOTAUSDT,293,2022-07-22 08:00:00 to 2022-07-24 08:00:00,1,1,100.0,0.5879086137494438,514
516,ZILUSDT,251,2022-07-23 09:00:00 to 2022-07-25 09:00:00,0,1,0.0,-2.083158144539299,515
517,BALUSDT,227,2022-07-26 07:00:00 to 2022-07-28 07:00:00,1,1,100.0,0.8109881543371555,516
518,MTLUSDT,157,2022-07-27 07:00:00 to 2022-07-29 07:00:00,0,0,0.0,0.0,517
519,ENJUSDT,219,2022-07-30 07:00:00 to 2022-08-01 07:00:00,1,1,100.0,2.219782063775666,518
521,NEARUSDT,215,2022-08-03 08:00:00 to 2022-08-05 08:00:00,0,1,0.0,-1.20954610052747,520
523,DENTUSDT,163,2022-08-07 04:00:00 to 2022-08-09 04:00:00,2,2,100.0,0.5652120426940632,522
524,ATAUSDT,110,2022-08-08 03:30:00 to 2022-08-10 03:30:00,0,1,0.0,-1.257721461994532,523
525,QTUMUSDT,297,2022-08-11 08:00:00 to 2022-08-13 08:00:00,0,1,0.0,-0.9570071758843168,524
526,ALPHAUSDT,205,2022-08-12 07:00:00 to 2022-08-14 07:00:00,0,0,0.0,0.0,525
527,HBARUSDT,168,2022-08-15 07:00:00 to 2022-08-17 07:00:00,0,1,0.0,-0.9194573171882547,526
529,DENTUSDT,167,2022-08-19 04:00:00 to 2022-08-21 04:00:00,1,1,100.0,5.9930367825540065,528
531,GTCUSDT,142,2022-08-23 03:30:00 to 2022-08-25 03:30:00,0,1,0.0,-0.8884046451743233,530
533,SKLUSDT,205,2022-08-27 07:30:00 to 2022-08-29 07:30:00,0,1,0.0,-0.2686349155794021,532
534,SUSHIUSDT,237,2022-08-28 07:00:00 to 2022-08-30 07:00:00,0,1,0.0,-0.20307368781956603,533
535,RSRUSDT,223,2022-08-31 07:00:00 to 2022-09-02 07:00:00,0,0,0.0,0.0,534
537,ENJUSDT,231,2022-09-04 07:00:00 to 2022-09-06 07:00:00,0,0,0.0,0.0,536
539,ETCUSDT,318,2022-09-08 08:00:00 to 2022-09-10 08:00:00,0,0,0.0,0.0,538
540,ZENUSDT,214,2022-09-09 07:00:00 to 2022-09-11 07:00:00,0,0,0.0,0.0,539
541,RSRUSDT,227,2022-09-12 07:00:00 to 2022-09-14 07:00:00,0,0,0.0,0.0,540
543,QTUMUSDT,309,2022-09-16 08:00:00 to 2022-09-18 08:00:00,0,0,0.0,0.0,542
545,UNIUSDT,240,2022-09-20 07:00:00 to 2022-09-22 07:00:00,0,1,0.0,-1.8715883391364763,544
546,SUSHIUSDT,245,2022-09-21 07:00:00 to 2022-09-23 07:00:00,1,1,100.0,2.6577480836503353,545
547,ZRXUSDT,270,2022-09-24 09:00:00 to 2022-09-26 09:00:00,0,0,0.0,0.0,546
549,EGLDUSDT,244,2022-09-28 07:00:00 to 2022-09-30 07:00:00,0,1,0.0,-0.9095682739075572,548
551,SFPUSDT,191,2022-10-02 07:00:00 to 2022-10-04 07:00:00,0,1,0.0,-1.1486789547699217,550
552,RSRUSDT,234,2022-10-03 07:00:00 to 2022-10-05 07:00:00,0,0,0.0,0.0,551
553,DENTUSDT,183,2022-10-06 04:00:00 to 2022-10-08 04:00:00,0,0,0.0,0.0,552
554,LPTUSDT,106,2022-10-07 03:30:00 to 2022-10-09 03:30:00,0,0,0.0,0.0,553
555,ATAUSDT,131,2022-10-10 03:30:00 to 2022-10-12 03:30:00,0,0,0.0,0.0,554
557,FLOWUSDT,78,2022-10-14 03:30:00 to 2022-10-16 03:30:00,0,0,0.0,0.0,556
559,RSRUSDT,239,2022-10-18 07:00:00 to 2022-10-20 07:00:00,0,0,0.0,0.0,558
561,VETUSDT,323,2022-10-22 08:00:00 to 2022-10-24 08:00:00,0,0,0.0,0.0,560
562,HBARUSDT,191,2022-10-23 07:00:00 to 2022-10-25 07:00:00,0,0,0.0,0.0,561
563,SKLUSDT,225,2022-10-26 07:30:00 to 2022-10-28 07:30:00,0,0,0.0,0.0,562
565,C98USDT,140,2022-10-30 03:30:00 to 2022-11-01 03:30:00,0,0,0.0,0.0,564
567,ALICEUSDT,195,2022-11-03 03:00:00 to 2022-11-05 03:00:00,0,0,0.0,0.0,566
569,ETCUSDT,338,2022-11-07 08:00:00 to 2022-11-09 08:00:00,1,1,100.0,0.7624260898537294,568
570,SUSHIUSDT,261,2022-11-08 07:00:00 to 2022-11-10 07:00:00,0,1,0.0,-6.079217527161762,569
571,ATOMUSDT,332,2022-11-11 12:00:00 to 2022-11-13 12:00:00,0,0,0.0,0.0,570
572,ALGOUSDT,289,2022-11-12 09:00:00 to 2022-11-14 09:00:00,0,1,0.0,-1.811351004177153,571
573,CELOUSDT,134,2022-11-15 03:30:00 to 2022-11-17 03:30:00,0,0,0.0,0.0,572
574,XTZUSDT,334,2022-11-16 08:00:00 to 2022-11-18 08:00:00,0,0,0.0,0.0,573
575,UNIUSDT,260,2022-11-19 07:00:00 to 2022-11-21 07:00:00,0,1,0.0,-1.3057452732386676,574
577,STORJUSDT,262,2022-11-23 07:00:00 to 2022-11-25 07:00:00,0,0,0.0,0.0,576
578,RLCUSDT,278,2022-11-24 07:00:00 to 2022-11-26 07:00:00,1,1,100.0,5.494456651086055,577
579,ZECUSDT,338,2022-11-27 08:00:00 to 2022-11-29 08:00:00,0,1,0.0,-0.19783116556605362,578
581,ADAUSDT,341,2022-12-01 08:00:00 to 2022-12-03 08:00:00,0,0,0.0,0.0,580
583,STORJUSDT,266,2022-12-05 07:00:00 to 2022-12-07 07:00:00,0,0,0.0,0.0,582
585,LDOUSDT,22,2022-12-09 12:00:00 to 2022-12-11 12:00:00,0,0,0.0,0.0,584
587,HBARUSDT,208,2022-12-13 07:00:00 to 2022-12-15 07:00:00,0,0,0.0,0.0,586
589,CTSIUSDT,135,2022-12-17 03:30:00 to 2022-12-19 03:30:00,0,0,0.0,0.0,588
591,MTLUSDT,206,2022-12-21 07:00:00 to 2022-12-23 07:00:00,0,1,0.0,-4.64088829119661,590
593,HBARUSDT,212,2022-12-25 07:00:00 to 2022-12-27 07:00:00,0,0,0.0,0.0,592
595,CRVUSDT,279,2022-12-29 07:00:00 to 2022-12-31 07:00:00,0,1,0.0,-2.1255449445502173,594
597,DOGEUSDT,298,2023-01-02 09:00:00 to 2023-01-04 09:00:00,0,0,0.0,0.0,596
599,MKRUSDT,288,2023-01-06 07:00:00 to 2023-01-08 07:00:00,0,0,0.0,0.0,598
601,CRVUSDT,283,2023-01-10 07:00:00 to 2023-01-12 07:00:00,0,0,0.0,0.0,600
602,RLCUSDT,294,2023-01-11 07:00:00 to 2023-01-13 07:00:00,1,1,100.0,7.205997149556853,601
603,APTUSDT,25,2023-01-14 02:00:00 to 2023-01-16 02:00:00,1,1,100.0,0.2718671970058928,602
605,ARUSDT,155,2023-01-18 03:30:00 to 2023-01-20 03:30:00,1,1,100.0,1.5987502165399903,604
607,ETHUSDT,380,2023-01-22 07:45:00 to 2023-01-24 07:45:00,0,1,0.0,-0.4698683645739554,606
609,ATAUSDT,167,2023-01-26 03:30:00 to 2023-01-28 03:30:00,0,1,0.0,-1.0066117516225659,608
610,GMTUSDT,102,2023-01-27 04:00:00 to 2023-01-29 04:00:00,1,1,100.0,0.7924311512168547,609
611,UNIUSDT,284,2023-01-30 07:00:00 to 2023-02-01 07:00:00,0,0,0.0,0.0,610
613,CHRUSDT,227,2023-02-03 07:00:00 to 2023-02-05 07:00:00,0,0,0.0,0.0,612
615,LPTUSDT,147,2023-02-07 03:30:00 to 2023-02-09 03:30:00,0,1,0.0,-1.8897048391223636,614
617,MKRUSDT,300,2023-02-11 07:00:00 to 2023-02-13 07:00:00,0,0,0.0,0.0,616
618,COMPUSDT,315,2023-02-12 09:00:00 to 2023-02-14 09:00:00,1,1,100.0,1.0078659079360452,617
619,COMPUSDT,316,2023-02-15 09:00:00 to 2023-02-17 09:00:00,0,0,0.0,0.0,618
620,NEOUSDT,361,2023-02-16 08:45:00 to 2023-02-18 08:45:00,0,1,0.0,-2.183293709763001,619
621,VETUSDT,363,2023-02-19 08:00:00 to 2023-02-21 08:00:00,0,0,0.0,0.0,620
623,SKLUSDT,265,2023-02-23 07:30:00 to 2023-02-25 07:30:00,0,0,0.0,0.0,622
625,LRCUSDT,283,2023-02-27 07:00:00 to 2023-03-01 07:00:00,0,1,0.0,-1.5718643861055592,624
626,1INCHUSDT,261,2023-02-28 10:00:00 to 2023-03-02 10:00:00,0,0,0.0,0.0,625
627,ENJUSDT,291,2023-03-03 07:00:00 to 2023-03-05 07:00:00,1,1,100.0,2.3937618752207346,626
629,SFPUSDT,243,2023-03-07 07:00:00 to 2023-03-09 07:00:00,0,1,0.0,-2.46712377198276,628
630,MAGICUSDT,10,2023-03-08 03:00:00 to 2023-03-10 03:00:00,0,1,0.0,-3.0162592847671976,629
631,SXPUSDT,317,2023-03-11 09:00:00 to 2023-03-13 09:00:00,0,0,0.0,0.0,630
632,HIGHUSDT,7,2023-03-12 02:30:00 to 2023-03-14 02:30:00,0,1,0.0,-1.4187620680589208,631
633,BCHUSDT,390,2023-03-15 08:45:00 to 2023-03-17 08:45:00,0,0,0.0,0.0,632
635,ALPHAUSDT,278,2023-03-19 07:00:00 to 2023-03-21 07:00:00,0,0,0.0,0.0,634
637,SSVUSDT,5,2023-03-23 12:00:00 to 2023-03-25 12:00:00,0,1,0.0,-1.5567135533973486,636
638,HIGHUSDT,11,2023-03-24 02:30:00 to 2023-03-26 02:30:00,0,1,0.0,-0.17548810802433534,637
639,GTCUSDT,214,2023-03-27 03:30:00 to 2023-03-29 03:30:00,0,0,0.0,0.0,638
641,MKRUSDT,316,2023-03-31 07:00:00 to 2023-04-02 07:00:00,0,0,0.0,0.0,640
643,DENTUSDT,243,2023-04-04 04:00:00 to 2023-04-06 04:00:00,1,2,50.0,-0.7876403018625355,642
644,RLCUSDT,322,2023-04-05 07:00:00 to 2023-04-07 07:00:00,0,1,0.0,-0.43305871042785826,643
645,CKBUSDT,9,2023-04-08 12:00:00 to 2023-04-10 12:00:00,0,0,0.0,0.0,644
647,HBARUSDT,248,2023-04-12 07:00:00 to 2023-04-14 07:00:00,0,1,0.0,-1.2694550407986727,646
649,CRVUSDT,315,2023-04-16 07:00:00 to 2023-04-18 07:00:00,0,1,0.0,-0.4691383422476103,648
651,FXSUSDT,26,2023-04-20 03:00:00 to 2023-04-22 03:00:00,0,1,0.0,-3.505776796461779,650
653,GMXUSDT,18,2023-04-24 14:30:00 to 2023-04-26 14:30:00,0,0,0.0,0.0,652
654,CHRUSDT,254,2023-04-25 07:00:00 to 2023-04-27 07:00:00,1,1,100.0,3.5501337242757725,653
655,RSRUSDT,303,2023-04-28 07:00:00 to 2023-04-30 07:00:00,1,1,100.0,0.3870923195262943,654
657,LPTUSDT,175,2023-05-02 03:30:00 to 2023-05-04 03:30:00,0,0,0.0,0.0,656
659,SKLUSDT,289,2023-05-06 07:30:00 to 2023-05-08 07:30:00,0,0,0.0,0.0,658
661,JOEUSDT,10,2023-05-10 12:00:00 to 2023-05-12 12:00:00,0,1,0.0,-0.5137923499682118,660
662,PERPUSDT,18,2023-05-11 12:00:00 to 2023-05-13 12:00:00,0,0,0.0,0.0,661
663,ONTUSDT,392,2023-05-14 08:00:00 to 2023-05-16 08:00:00,0,0,0.0,0.0,662
665,MKRUSDT,332,2023-05-18 07:00:00 to 2023-05-20 07:00:00,0,0,0.0,0.0,664
666,ICPUSDT,74,2023-05-19 02:30:00 to 2023-05-21 02:30:00,0,0,0.0,0.0,665
667,CRVUSDT,327,2023-05-22 07:00:00 to 2023-05-24 07:00:00,0,0,0.0,0.0,666
669,ATAUSDT,207,2023-05-26 03:30:00 to 2023-05-28 03:30:00,0,0,0.0,0.0,668
670,WOOUSDT,134,2023-05-27 03:30:00 to 2023-05-29 03:30:00,0,0,0.0,0.0,669
671,MKRUSDT,336,2023-05-30 07:00:00 to 2023-06-01 07:00:00,0,0,0.0,0.0,670
673,CHRUSDT,267,2023-06-03 07:00:00 to 2023-06-05 07:00:00,0,0,0.0,0.0,672
674,ACHUSDT,30,2023-06-04 14:30:00 to 2023-06-06 14:30:00,0,0,0.0,0.0,673
675,CELOUSDT,202,2023-06-07 03:30:00 to 2023-06-09 03:30:00,0,0,0.0,0.0,674
676,1000FLOKIUSDT,7,2023-06-08 16:30:00 to 2023-06-10 16:30:00,0,0,0.0,0.0,675
677,API3USDT,154,2023-06-11 03:30:00 to 2023-06-13 03:30:00,0,0,0.0,0.0,676
679,STORJUSDT,330,2023-06-15 07:00:00 to 2023-06-17 07:00:00,0,0,0.0,0.0,678
681,BCHUSDT,422,2023-06-19 08:45:00 to 2023-06-21 08:45:00,0,0,0.0,0.0,680
682,NEARUSDT,322,2023-06-20 08:00:00 to 2023-06-22 08:00:00,0,0,0.0,0.0,681
683,MKRUSDT,344,2023-06-23 07:00:00 to 2023-06-25 07:00:00,0,1,0.0,-0.9301496052153468,682
685,ZRXUSDT,362,2023-06-27 09:00:00 to 2023-06-29 09:00:00,0,0,0.0,0.0,684
686,GRTUSDT,303,2023-06-28 07:00:00 to 2023-06-30 07:00:00,1,1,100.0,1.9299988022210224,685
687,1000PEPEUSDT,15,2023-07-01 16:30:00 to 2023-07-03 16:30:00,0,1,0.0,-3.791486874273886,686
688,PEOPLEUSDT,181,2023-07-02 04:00:00 to 2023-07-04 04:00:00,0,0,0.0,0.0,687
689,HBARUSDT,276,2023-07-05 07:00:00 to 2023-07-07 07:00:00,0,1,0.0,-0.9061055263674844,688
691,ANKRUSDT,294,2023-07-09 07:00:00 to 2023-07-11 07:00:00,0,0,0.0,0.0,690
692,ALICEUSDT,278,2023-07-10 03:00:00 to 2023-07-12 03:00:00,0,1,0.0,-1.15375533357861,691
693,LPTUSDT,199,2023-07-13 03:30:00 to 2023-07-15 03:30:00,1,1,100.0,0.4205516345516802,692
695,1000FLOKIUSDT,20,2023-07-17 16:30:00 to 2023-07-19 16:30:00,0,0,0.0,0.0,694
697,DENTUSDT,279,2023-07-21 04:00:00 to 2023-07-23 04:00:00,0,0,0.0,0.0,696
699,LPTUSDT,203,2023-07-25 03:30:00 to 2023-07-27 03:30:00,0,1,0.0,-0.054142099022946866,698
701,MKRUSDT,356,2023-07-29 07:00:00 to 2023-07-31 07:00:00,0,0,0.0,0.0,700
702,MANAUSDT,285,2023-07-30 07:00:00 to 2023-08-01 07:00:00,0,0,0.0,0.0,701
703,MANAUSDT,286,2023-08-02 07:00:00 to 2023-08-04 07:00:00,0,0,0.0,0.0,702
704,BNXUSDT,50,2023-08-03 14:45:00 to 2023-08-05 14:45:00,0,1,0.0,-0.8076684261237532,703
705,CELOUSDT,222,2023-08-06 03:30:00 to 2023-08-08 03:30:00,0,1,0.0,-1.3427557333646423,704
707,SFPUSDT,295,2023-08-10 07:00:00 to 2023-08-12 07:00:00,0,0,0.0,0.0,706
709,CRVUSDT,355,2023-08-14 07:00:00 to 2023-08-16 07:00:00,0,0,0.0,0.0,708
711,NKNUSDT,283,2023-08-18 07:00:00 to 2023-08-20 07:00:00,0,0,0.0,0.0,710
712,PEOPLEUSDT,197,2023-08-19 04:00:00 to 2023-08-21 04:00:00,0,0,0.0,0.0,711
713,ETCUSDT,434,2023-08-22 08:00:00 to 2023-08-24 08:00:00,0,0,0.0,0.0,712
715,RSRUSDT,343,2023-08-26 07:00:00 to 2023-08-28 07:00:00,0,0,0.0,0.0,714
716,RLCUSDT,370,2023-08-27 07:00:00 to 2023-08-29 07:00:00,1,1,100.0,1.8078599390640049,715
717,TLMUSDT,47,2023-08-30 12:30:00 to 2023-09-01 12:30:00,0,0,0.0,0.0,716
719,ALPHAUSDT,334,2023-09-03 07:00:00 to 2023-09-05 07:00:00,0,1,0.0,-0.5128782299103296,718
720,IDUSDT,51,2023-09-04 14:30:00 to 2023-09-06 14:30:00,0,0,0.0,0.0,719
721,YGGUSDT,7,2023-09-07 03:30:00 to 2023-09-09 03:30:00,0,0,0.0,0.0,720
723,LDOUSDT,114,2023-09-11 12:00:00 to 2023-09-13 12:00:00,0,1,0.0,-0.9153265721420611,722
725,MKRUSDT,372,2023-09-15 07:00:00 to 2023-09-17 07:00:00,0,0,0.0,0.0,724
727,1000XECUSDT,240,2023-09-19 03:30:00 to 2023-09-21 03:30:00,0,0,0.0,0.0,726
728,PHBUSDT,68,2023-09-20 14:30:00 to 2023-09-22 14:30:00,0,0,0.0,0.0,727
729,CKBUSDT,65,2023-09-23 12:00:00 to 2023-09-25 12:00:00,1,1,100.0,0.2722271450630753,728
731,MKRUSDT,376,2023-09-27 07:00:00 to 2023-09-29 07:00:00,0,0,0.0,0.0,730
733,STORJUSDT,366,2023-10-01 07:00:00 to 2023-10-03 07:00:00,0,0,0.0,0.0,732
734,CELOUSDT,241,2023-10-02 03:30:00 to 2023-10-04 03:30:00,0,1,0.0,-0.0639990150307801,733
735,LDOUSDT,122,2023-10-05 12:00:00 to 2023-10-07 12:00:00,0,0,0.0,0.0,734
736,PEOPLEUSDT,213,2023-10-06 04:00:00 to 2023-10-08 04:00:00,0,0,0.0,0.0,735
737,SKLUSDT,341,2023-10-09 07:30:00 to 2023-10-11 07:30:00,0,1,0.0,-0.19246147518332535,736
739,SSVUSDT,73,2023-10-13 12:00:00 to 2023-10-15 12:00:00,0,0,0.0,0.0,738
741,ATAUSDT,255,2023-10-17 03:30:00 to 2023-10-19 03:30:00,0,0,0.0,0.0,740
743,SUIUSDT,53,2023-10-21 16:00:00 to 2023-10-23 16:00:00,0,0,0.0,0.0,742
745,LRCUSDT,363,2023-10-25 07:00:00 to 2023-10-27 07:00:00,0,0,0.0,0.0,744
747,ENJUSDT,371,2023-10-29 07:00:00 to 2023-10-31 07:00:00,1,1,100.0,1.3090476615699398,746
749,XVGUSDT,36,2023-11-02 12:00:00 to 2023-11-04 12:00:00,1,1,100.0,0.47860969837540956,748
751,IDUSDT,72,2023-11-06 14:30:00 to 2023-11-08 14:30:00,0,1,0.0,-4.9188583369843775,750
752,NKNUSDT,310,2023-11-07 07:00:00 to 2023-11-09 07:00:00,0,1,0.0,-1.0333789139133964,751
753,NEOUSDT,450,2023-11-10 08:45:00 to 2023-11-12 08:45:00,0,1,0.0,-3.762530798751329,752
755,ETCUSDT,462,2023-11-14 08:00:00 to 2023-11-16 08:00:00,0,1,0.0,-2.730259198161178,754
757,LINKUSDT,463,2023-11-18 08:00:00 to 2023-11-20 08:00:00,0,1,0.0,-1.2767516765753273,756
758,EGLDUSDT,383,2023-11-19 07:00:00 to 2023-11-21 07:00:00,0,0,0.0,0.0,757
759,AVAXUSDT,381,2023-11-22 07:00:00 to 2023-11-24 07:00:00,0,1,0.0,-7.238999452106332,758
761,SKLUSDT,357,2023-11-26 07:30:00 to 2023-11-28 07:30:00,1,1,100.0,1.4546503703367408,760
763,ANKRUSDT,342,2023-11-30 07:00:00 to 2023-12-02 07:00:00,0,0,0.0,0.0,762
764,INJUSDT,153,2023-12-01 02:45:00 to 2023-12-03 02:45:00,0,1,0.0,-0.797287929824797,763
765,ATAUSDT,271,2023-12-04 03:30:00 to 2023-12-06 03:30:00,0,0,0.0,0.0,764
767,1000FLOKIUSDT,68,2023-12-08 16:30:00 to 2023-12-10 16:30:00,0,1,0.0,-0.09964576857314222,766
768,SSVUSDT,92,2023-12-09 12:00:00 to 2023-12-11 12:00:00,0,1,0.0,-0.8732141130181836,767
769,BICOUSDT,21,2023-12-12 12:30:00 to 2023-12-14 12:30:00,1,1,100.0,2.991656844967938,768
770,ALGOUSDT,421,2023-12-13 09:00:00 to 2023-12-15 09:00:00,0,1,0.0,-2.5366773696495204,769
771,APTUSDT,137,2023-12-16 02:00:00 to 2023-12-18 02:00:00,0,1,0.0,-0.9522290184757032,770
773,1000FLOKIUSDT,72,2023-12-20 16:30:00 to 2023-12-22 16:30:00,0,0,0.0,0.0,772
774,YGGUSDT,42,2023-12-21 03:30:00 to 2023-12-23 03:30:00,0,0,0.0,0.0,773
775,DENTUSDT,331,2023-12-24 04:00:00 to 2023-12-26 04:00:00,1,1,100.0,3.4762699784130158,774
777,APTUSDT,141,2023-12-28 02:00:00 to 2023-12-30 02:00:00,1,1,100.0,0.7122703037030442,776
779,CAKEUSDT,16,2024-01-01 12:45:00 to 2024-01-03 12:45:00,0,1,0.0,-2.1500366286046457,778
780,LRCUSDT,386,2024-01-02 07:00:00 to 2024-01-04 07:00:00,1,1,100.0,4.206931752085596,779
781,1000SATSUSDT,4,2024-01-05 14:00:00 to 2024-01-07 14:00:00,1,1,100.0,0.8458375001978657,780
782,TIAUSDT,18,2024-01-05 18:00:00 to 2024-01-07 18:00:00,0,1,0.0,-2.93053571240518,781
783,ETHWUSDT,10,2024-01-09 12:30:00 to 2024-01-11 12:30:00,0,0,0.0,0.0,782
784,HBARUSDT,339,2024-01-10 07:00:00 to 2024-01-12 07:00:00,0,0,0.0,0.0,783
785,NEARUSDT,391,2024-01-13 08:00:00 to 2024-01-15 08:00:00,0,1,0.0,-1.6009842905054694,784
787,TOKENUSDT,21,2024-01-17 15:00:00 to 2024-01-19 15:00:00,0,1,0.0,-0.8824739518622615,786
788,ORDIUSDT,20,2024-01-18 12:30:00 to 2024-01-20 12:30:00,1,1,100.0,2.7782006573707108,787
789,INJUSDT,170,2024-01-21 02:45:00 to 2024-01-23 02:45:00,0,1,0.0,-1.5945798454729099,788
790,ARUSDT,278,2024-01-22 03:30:00 to 2024-01-24 03:30:00,0,0,0.0,0.0,789
791,SUPERUSDT,16,2024-01-25 13:00:00 to 2024-01-27 13:00:00,0,1,0.0,-2.449261584883655,790
792,SEIUSDT,50,2024-01-26 02:30:00 to 2024-01-28 02:30:00,0,0,0.0,0.0,791
793,TOKENUSDT,25,2024-01-29 15:00:00 to 2024-01-31 15:00:00,0,1,0.0,-1.200547443605593,792
795,AVAXUSDT,405,2024-02-02 07:00:00 to 2024-02-04 07:00:00,0,0,0.0,0.0,794
797,UNIUSDT,408,2024-02-06 07:00:00 to 2024-02-08 07:00:00,0,0,0.0,0.0,796
798,1000LUNCUSDT,168,2024-02-07 13:00:00 to 2024-02-09 13:00:00,0,1,0.0,-1.7500997722625256,797
799,ICPUSDT,163,2024-02-10 02:30:00 to 2024-02-12 02:30:00,0,0,0.0,0.0,798
800,NMRUSDT,74,2024-02-11 12:00:00 to 2024-02-13 12:00:00,0,0,0.0,0.0,799
801,PHBUSDT,117,2024-02-14 14:30:00 to 2024-02-16 14:30:00,0,0,0.0,0.0,800
803,SUIUSDT,93,2024-02-18 16:00:00 to 2024-02-20 16:00:00,1,1,100.0,0.32935541132208535,802
804,BADGERUSDT,30,2024-02-19 12:30:00 to 2024-02-21 12:30:00,1,1,100.0,3.022500194104527,803
805,SEIUSDT,59,2024-02-22 02:30:00 to 2024-02-24 02:30:00,1,1,100.0,3.244026326928484,804
806,GRTUSDT,383,2024-02-23 07:00:00 to 2024-02-25 07:00:00,1,1,100.0,2.479348805227577,805
807,DUSKUSDT,256,2024-02-26 03:30:00 to 2024-02-28 03:30:00,0,1,0.0,-1.0821115382337654,806
809,TRUUSDT,116,2024-03-01 12:00:00 to 2024-03-03 12:00:00,0,1,0.0,-1.5829872342330353,808
810,YGGUSDT,66,2024-03-02 03:30:00 to 2024-03-04 03:30:00,0,1,0.0,-1.8102923523670156,809
811,C98USDT,304,2024-03-05 03:30:00 to 2024-03-07 03:30:00,0,1,0.0,-1.230571982283657,810
813,STRKUSDT,2,2024-03-09 17:00:00 to 2024-03-11 17:00:00,0,1,0.0,-3.0401820575203353,812
815,MOVRUSDT,22,2024-03-13 12:30:00 to 2024-03-15 12:30:00,1,1,100.0,9.322509297646707,814
817,SUSHIUSDT,426,2024-03-17 07:00:00 to 2024-03-19 07:00:00,0,1,0.0,-1.6070571917162324,816
819,STRKUSDT,6,2024-03-21 17:00:00 to 2024-03-23 17:00:00,0,1,0.0,-0.8858899518892183,818
820,XVGUSDT,83,2024-03-22 12:00:00 to 2024-03-24 12:00:00,0,1,0.0,-1.0720449898643847,819
821,OPUSDT,217,2024-03-25 14:00:00 to 2024-03-27 14:00:00,1,1,100.0,1.0928302554618297,820
823,SNXUSDT,437,2024-03-29 07:00:00 to 2024-03-31 07:00:00,1,1,100.0,0.04522503113253418,822
824,EGLDUSDT,427,2024-03-30 07:00:00 to 2024-04-01 07:00:00,0,0,0.0,0.0,823
825,HOOKUSDT,141,2024-04-02 03:00:00 to 2024-04-04 03:00:00,1,1,100.0,2.5620781057697606,824
827,NEARUSDT,419,2024-04-06 08:00:00 to 2024-04-08 08:00:00,1,1,100.0,0.41932272375952984,826
829,1000RATSUSDT,35,2024-04-10 14:00:00 to 2024-04-12 14:00:00,0,1,0.0,-1.8266300015125636,828
831,CHZUSDT,389,2024-04-14 07:00:00 to 2024-04-16 07:00:00,0,0,0.0,0.0,830
833,NEARUSDT,423,2024-04-18 08:00:00 to 2024-04-20 08:00:00,0,0,0.0,0.0,832
835,CTSIUSDT,299,2024-04-22 03:30:00 to 2024-04-24 03:30:00,0,0,0.0,0.0,834
836,CELOUSDT,309,2024-04-23 03:30:00 to 2024-04-25 03:30:00,0,0,0.0,0.0,835
837,CELOUSDT,310,2024-04-26 03:30:00 to 2024-04-28 03:30:00,1,1,100.0,0.2905135077547527,836
839,LSKUSDT,28,2024-04-30 14:15:00 to 2024-05-02 14:15:00,1,1,100.0,1.631316498547286,838
841,GASUSDT,60,2024-05-04 02:45:00 to 2024-05-06 02:45:00,0,0,0.0,0.0,840
843,TLMUSDT,131,2024-05-08 12:30:00 to 2024-05-10 12:30:00,0,1,0.0,-1.5161294493328703,842
845,NEARUSDT,431,2024-05-12 08:00:00 to 2024-05-14 08:00:00,0,0,0.0,0.0,844
846,AAVEUSDT,431,2024-05-13 07:00:00 to 2024-05-15 07:00:00,0,0,0.0,0.0,845
847,ONGUSDT,53,2024-05-16 13:00:00 to 2024-05-18 13:00:00,0,0,0.0,0.0,846
848,ETHFIUSDT,16,2024-05-17 15:30:00 to 2024-05-19 15:30:00,0,0,0.0,0.0,847
849,TLMUSDT,135,2024-05-20 12:30:00 to 2024-05-22 12:30:00,0,0,0.0,0.0,848
851,REZUSDT,4,2024-05-24 14:00:00 to 2024-05-26 14:00:00,0,0,0.0,0.0,850
853,MANAUSDT,386,2024-05-28 07:00:00 to 2024-05-30 07:00:00,0,0,0.0,0.0,852
855,ORDIUSDT,65,2024-06-01 12:30:00 to 2024-06-03 12:30:00,1,1,100.0,1.0821455789385537,854
857,PEOPLEUSDT,294,2024-06-05 04:00:00 to 2024-06-07 04:00:00,0,1,0.0,-7.3093750948373675,856
859,OMUSDT,35,2024-06-09 14:00:00 to 2024-06-11 14:00:00,0,0,0.0,0.0,858
860,GTCUSDT,361,2024-06-10 03:30:00 to 2024-06-12 03:30:00,0,1,0.0,-1.4200524225585487,859
861,METISUSDT,27,2024-06-13 08:30:00 to 2024-06-15 08:30:00,0,1,0.0,-0.8839063518983115,860
862,GMXUSDT,157,2024-06-14 14:30:00 to 2024-06-16 14:30:00,0,0,0.0,0.0,861
863,NTRNUSDT,68,2024-06-17 12:00:00 to 2024-06-19 12:00:00,0,1,0.0,-3.92770801364678,862
865,ZENUSDT,431,2024-06-21 07:00:00 to 2024-06-23 07:00:00,0,0,0.0,0.0,864
867,NMRUSDT,119,2024-06-25 12:00:00 to 2024-06-27 12:00:00,0,0,0.0,0.0,866
868,TURBOUSDT,5,2024-06-26 15:30:00 to 2024-06-28 15:30:00,1,1,100.0,0.36339450894666836,867
869,STEEMUSDT,74,2024-06-29 14:30:00 to 2024-07-01 14:30:00,0,0,0.0,0.0,868
871,CRVUSDT,463,2024-07-03 07:00:00 to 2024-07-05 07:00:00,1,1,100.0,1.1009655149559983,870
873,METISUSDT,35,2024-07-07 08:30:00 to 2024-07-09 08:30:00,0,0,0.0,0.0,872
874,ADAUSDT,536,2024-07-08 08:00:00 to 2024-07-10 08:00:00,0,0,0.0,0.0,873
875,LSKUSDT,52,2024-07-11 14:15:00 to 2024-07-13 14:15:00,0,0,0.0,0.0,874
877,YGGUSDT,111,2024-07-15 03:30:00 to 2024-07-17 03:30:00,0,0,0.0,0.0,876
879,1000PEPEUSDT,143,2024-07-19 16:30:00 to 2024-07-21 16:30:00,0,0,0.0,0.0,878
880,ZKUSDT,7,2024-07-20 11:00:00 to 2024-07-22 11:00:00,0,1,0.0,-1.6722234425417426,879
881,AXLUSDT,44,2024-07-23 15:30:00 to 2024-07-25 15:30:00,1,1,100.0,0.29139186265729755,880
882,AUCTIONUSDT,70,2024-07-24 13:00:00 to 2024-07-26 13:00:00,1,1,100.0,8.561644374275712,881
883,SSVUSDT,169,2024-07-27 12:00:00 to 2024-07-29 12:00:00,0,1,0.0,-1.1795018546292169,882
885,ETHFIUSDT,41,2024-07-31 15:30:00 to 2024-08-02 15:30:00,0,1,0.0,-0.16925140978774067,884
887,SUPERUSDT,80,2024-08-04 13:00:00 to 2024-08-06 13:00:00,0,1,0.0,-7.687863595908972,886
889,POLYXUSDT,92,2024-08-08 02:30:00 to 2024-08-10 02:30:00,0,0,0.0,0.0,888
891,CKBUSDT,173,2024-08-12 12:00:00 to 2024-08-14 12:00:00,0,0,0.0,0.0,890
892,ZROUSDT,14,2024-08-13 14:30:00 to 2024-08-15 14:30:00,0,0,0.0,0.0,891
893,XVGUSDT,132,2024-08-16 12:00:00 to 2024-08-18 12:00:00,0,0,0.0,0.0,892
894,HOTUSDT,408,2024-08-17 07:00:00 to 2024-08-19 07:00:00,0,0,0.0,0.0,893
895,YGGUSDT,123,2024-08-20 03:30:00 to 2024-08-22 03:30:00,1,1,100.0,0.30839063995555804,894
897,1000BONKUSDT,88,2024-08-24 14:00:00 to 2024-08-26 14:00:00,0,1,0.0,-0.9698470576160245,896
899,ZKUSDT,20,2024-08-28 11:00:00 to 2024-08-30 11:00:00,1,1,100.0,0.8600915978629331,898
900,ARBUSDT,171,2024-08-29 15:00:00 to 2024-08-31 15:00:00,1,1,100.0,0.7007943435672237,899
901,ZENUSDT,455,2024-09-01 07:00:00 to 2024-09-03 07:00:00,0,0,0.0,0.0,900
902,RAREUSDT,2,2024-09-02 13:00:00 to 2024-09-04 13:00:00,0,0,0.0,0.0,901
903,TUSDT,190,2024-09-05 13:00:00 to 2024-09-07 13:00:00,1,1,100.0,2.398729068677685,902
904,API3USDT,305,2024-09-06 03:30:00 to 2024-09-08 03:30:00,0,1,0.0,-2.548493620819603,903
905,BAKEUSDT,399,2024-09-09 07:00:00 to 2024-09-11 07:00:00,0,0,0.0,0.0,904
907,CRVUSDT,487,2024-09-13 07:00:00 to 2024-09-15 07:00:00,0,0,0.0,0.0,906
909,TLMUSDT,175,2024-09-17 12:30:00 to 2024-09-19 12:30:00,0,1,0.0,-3.3278422832024646,908
910,LISTAUSDT,26,2024-09-18 12:30:00 to 2024-09-20 12:30:00,0,0,0.0,0.0,909
911,CFXUSDT,189,2024-09-21 14:30:00 to 2024-09-23 14:30:00,0,1,0.0,-0.6697428469348288,910
913,GLMUSDT,68,2024-09-25 10:00:00 to 2024-09-27 10:00:00,0,0,0.0,0.0,912
914,TIAUSDT,106,2024-09-25 18:00:00 to 2024-09-27 18:00:00,1,1,100.0,2.5418827026872926,913
915,1000PEPEUSDT,167,2024-09-29 16:30:00 to 2024-10-01 16:30:00,1,1,100.0,6.569507290468168,914
917,1000FLOKIUSDT,168,2024-10-03 16:30:00 to 2024-10-05 16:30:00,1,1,100.0,2.467312652221665,916
918,MYROUSDT,67,2024-10-04 08:30:00 to 2024-10-06 08:30:00,1,1,100.0,0.036996000272715435,917
919,MYROUSDT,68,2024-10-07 08:30:00 to 2024-10-09 08:30:00,1,1,100.0,1.9236789045895764,918
921,LEVERUSDT,183,2024-10-11 12:15:00 to 2024-10-13 12:15:00,1,1,100.0,0.10619602155301777,920
922,WUSDT,60,2024-10-12 15:30:00 to 2024-10-14 15:30:00,0,0,0.0,0.0,921
923,KASUSDT,107,2024-10-15 02:00:00 to 2024-10-17 02:00:00,0,0,0.0,0.0,922
925,ONEUSDT,433,2024-10-19 07:00:00 to 2024-10-21 07:00:00,0,0,0.0,0.0,924
927,PHBUSDT,201,2024-10-23 14:30:00 to 2024-10-25 14:30:00,0,1,0.0,-3.4803326785350364,926
929,KDAUSDT,9,2024-10-27 13:30:00 to 2024-10-29 13:30:00,0,1,0.0,-0.16718177591150685,928
930,ANKRUSDT,453,2024-10-28 07:00:00 to 2024-10-30 07:00:00,0,0,0.0,0.0,929
931,CTSIUSDT,363,2024-10-31 03:30:00 to 2024-11-02 03:30:00,1,1,100.0,0.9766173960627178,930
933,WIFUSDT,93,2024-11-04 14:15:00 to 2024-11-06 14:15:00,0,1,0.0,-2.6516325859154755,932
934,OPUSDT,292,2024-11-05 14:00:00 to 2024-11-07 14:00:00,0,0,0.0,0.0,933
935,STEEMUSDT,118,2024-11-08 14:30:00 to 2024-11-10 14:30:00,0,0,0.0,0.0,934
937,OMUSDT,87,2024-11-12 14:00:00 to 2024-11-14 14:00:00,1,1,100.0,4.427811778349788,936
939,ENAUSDT,72,2024-11-16 12:30:00 to 2024-11-18 12:30:00,1,1,100.0,1.215022790422715,938
940,GMTUSDT,322,2024-11-17 04:00:00 to 2024-11-19 04:00:00,0,1,0.0,-1.630883924132498,939
941,XVGUSDT,164,2024-11-20 12:00:00 to 2024-11-22 12:00:00,1,1,100.0,2.8806212917799723,940
943,EIGENUSDT,14,2024-11-24 06:00:00 to 2024-11-26 06:00:00,1,1,100.0,3.067573855804673,942
945,MTLUSDT,442,2024-11-28 07:00:00 to 2024-11-30 07:00:00,0,0,0.0,0.0,944
946,HBARUSDT,447,2024-11-29 07:00:00 to 2024-12-01 07:00:00,1,1,100.0,1.4203852342248746,945
947,LQTYUSDT,207,2024-12-02 12:00:00 to 2024-12-04 12:00:00,1,1,100.0,1.2292324462748416,946
949,1MBABYDOGEUSDT,23,2024-12-06 11:30:00 to 2024-12-08 11:30:00,1,1,100.0,1.6586900501770918,948
950,WIFUSDT,104,2024-12-07 14:15:00 to 2024-12-09 14:15:00,0,0,0.0,0.0,949
951,PHBUSDT,217,2024-12-10 14:30:00 to 2024-12-12 14:30:00,1,1,100.0,0.9632093324384305,950
952,RENDERUSDT,42,2024-12-11 10:00:00 to 2024-12-13 10:00:00,0,0,0.0,0.0,951
953,YFIUSDT,518,2024-12-14 07:00:00 to 2024-12-16 07:00:00,1,1,100.0,1.7056413078884392,952
955,DOGSUSDT,34,2024-12-18 12:30:00 to 2024-12-20 12:30:00,0,0,0.0,0.0,954
957,PORTALUSDT,95,2024-12-22 15:00:00 to 2024-12-24 15:00:00,0,0,0.0,0.0,956
958,LISTAUSDT,58,2024-12-23 12:30:00 to 2024-12-25 12:30:00,0,1,0.0,-1.3481553403099311,957
959,PNUTUSDT,11,2024-12-26 12:30:00 to 2024-12-28 12:30:00,0,0,0.0,0.0,958
961,DENTUSDT,455,2024-12-30 04:00:00 to 2025-01-01 04:00:00,1,1,100.0,0.26767371618725555,960
963,ACHUSDT,223,2025-01-03 14:30:00 to 2025-01-05 14:30:00,0,0,0.0,0.0,962
965,XMRUSDT,596,2025-01-07 08:00:00 to 2025-01-09 08:00:00,1,1,100.0,0.4434092332897599,964
967,1000RATSUSDT,127,2025-01-11 14:00:00 to 2025-01-13 14:00:00,0,0,0.0,0.0,966
968,CELOUSDT,397,2025-01-12 03:30:00 to 2025-01-14 03:30:00,0,1,0.0,-1.5436927708751491,967
969,DIAUSDT,31,2025-01-15 12:30:00 to 2025-01-17 12:30:00,0,0,0.0,0.0,968
970,LISTAUSDT,66,2025-01-16 12:30:00 to 2025-01-18 12:30:00,1,1,100.0,3.2664107192966307,969
971,REZUSDT,84,2025-01-19 14:00:00 to 2025-01-21 14:00:00,1,1,100.0,2.0777318184475924,970
972,EIGENUSDT,33,2025-01-20 06:00:00 to 2025-01-22 06:00:00,0,1,0.0,-5.871021917642016,971
973,ICPUSDT,279,2025-01-23 02:30:00 to 2025-01-25 02:30:00,0,1,0.0,-0.9988686923977252,972
975,WIFUSDT,121,2025-01-27 14:15:00 to 2025-01-29 14:15:00,1,1,100.0,7.515896643118025,974
977,KASUSDT,143,2025-01-31 02:00:00 to 2025-02-02 02:00:00,0,0,0.0,0.0,976
979,ONDOUSDT,123,2025-02-04 13:00:00 to 2025-02-06 13:00:00,0,1,0.0,-0.43426227576676135,978
980,1000WHYUSDT,20,2025-02-05 11:30:00 to 2025-02-07 11:30:00,0,0,0.0,0.0,979
981,NMRUSDT,195,2025-02-08 12:00:00 to 2025-02-10 12:00:00,0,1,0.0,-1.7388225365639554,980
983,LISTAUSDT,75,2025-02-12 12:30:00 to 2025-02-14 12:30:00,0,0,0.0,0.0,982
984,MORPHOUSDT,22,2025-02-13 14:30:00 to 2025-02-15 14:30:00,0,0,0.0,0.0,983
985,ICPUSDT,287,2025-02-16 02:30:00 to 2025-02-18 02:30:00,0,1,0.0,-0.7066831231866022,984
987,AVAUSDT,19,2025-02-20 13:00:00 to 2025-02-22 13:00:00,0,0,0.0,0.0,986
989,KASUSDT,151,2025-02-24 02:00:00 to 2025-02-26 02:00:00,1,1,100.0,2.6622201081229813,988
991,BANUSDT,30,2025-02-28 11:30:00 to 2025-03-02 11:30:00,1,2,50.0,-1.6873293029484038,990
992,TIAUSDT,158,2025-02-28 18:00:00 to 2025-03-02 18:00:00,0,1,0.0,-0.033221856771592506,991
993,BIOUSDT,16,2025-03-04 12:15:00 to 2025-03-06 12:15:00,0,0,0.0,0.0,992
