normalized_period,symbol,original_period,out_sample_range,metric_value,selected_based_on_period
80,ONTUSDT,3,2020-03-03 08:00:00 to 2020-03-05 08:00:00,0.0,79
82,BTCUSDT,56,2020-03-06 17:45:00 to 2020-03-08 17:45:00,-0.5617261480836532,81
90,BNBUSDT,10,2020-03-23 08:00:00 to 2020-03-25 08:00:00,0.0,89
96,BNBUSDT,14,2020-04-04 08:00:00 to 2020-04-06 08:00:00,0.0,95
100,BTCUSDT,68,2020-04-11 17:45:00 to 2020-04-13 17:45:00,-0.152676793113078,99
102,ATOMUSDT,19,2020-04-16 12:00:00 to 2020-04-18 12:00:00,5.694952047452607,101
110,LTCUSDT,34,2020-05-02 08:00:00 to 2020-05-04 08:00:00,-0.6547897887166618,109
114,XLMUSDT,33,2020-05-10 08:00:00 to 2020-05-12 08:00:00,-0.8960321570643646,113
122,LTCUSDT,42,2020-05-26 08:00:00 to 2020-05-28 08:00:00,0.0,121
124,XMRUSDT,35,2020-05-30 08:00:00 to 2020-06-01 08:00:00,0.1690851063829723,123
128,BCHUSDT,53,2020-06-07 08:45:00 to 2020-06-09 08:45:00,1.7932352457542038,127
130,BTCUSDT,88,2020-06-10 17:45:00 to 2020-06-12 17:45:00,0.2018558254021991,129
132,XLMUSDT,45,2020-06-15 08:00:00 to 2020-06-17 08:00:00,-0.338221436511194,131
134,LTCUSDT,50,2020-06-19 08:00:00 to 2020-06-21 08:00:00,0.4564737945492743,133
136,XMRUSDT,43,2020-06-23 08:00:00 to 2020-06-25 08:00:00,0.3315389156439414,135
144,BNBUSDT,46,2020-07-09 08:00:00 to 2020-07-11 08:00:00,1.1966186117005235,143
146,BCHUSDT,65,2020-07-13 08:45:00 to 2020-07-15 08:45:00,-0.0946735986718522,145
152,LTCUSDT,62,2020-07-25 08:00:00 to 2020-07-27 08:00:00,0.0,151
153,ONTUSDT,52,2020-07-28 08:00:00 to 2020-07-30 08:00:00,-0.0697713546160593,152
159,LTCUSDT,67,2020-08-09 08:00:00 to 2020-08-11 08:00:00,0.8518606113536952,158
160,BTCUSDT,108,2020-08-09 17:45:00 to 2020-08-11 17:45:00,1.2536144818196957,159
164,QTUMUSDT,56,2020-08-18 08:00:00 to 2020-08-20 08:00:00,7.408172840253956,163
165,LTCUSDT,71,2020-08-21 08:00:00 to 2020-08-23 08:00:00,-1.1885618078574407,164
171,LTCUSDT,75,2020-09-02 08:00:00 to 2020-09-04 08:00:00,-13.314954872582256,170
172,BTCUSDT,116,2020-09-02 17:45:00 to 2020-09-04 17:45:00,-7.344470258170804,171
176,LTCUSDT,78,2020-09-11 08:00:00 to 2020-09-13 08:00:00,0.0,175
177,QTUMUSDT,65,2020-09-14 08:00:00 to 2020-09-16 08:00:00,0.0,176
178,MKRUSDT,7,2020-09-15 07:00:00 to 2020-09-17 07:00:00,-0.1091335742358023,177
179,MKRUSDT,8,2020-09-18 07:00:00 to 2020-09-20 07:00:00,0.0,178
180,COMPUSDT,23,2020-09-19 09:00:00 to 2020-09-21 09:00:00,-5.274765520250494,179
181,ATOMUSDT,72,2020-09-22 12:00:00 to 2020-09-24 12:00:00,1.1025673373832978,180
183,KAVAUSDT,16,2020-09-26 07:00:00 to 2020-09-28 07:00:00,0.0,182
184,ETCUSDT,81,2020-09-27 08:00:00 to 2020-09-29 08:00:00,0.736662434652717,183
185,ADAUSDT,77,2020-09-30 08:00:00 to 2020-10-02 08:00:00,0.0,184
187,SUSHIUSDT,6,2020-10-04 07:00:00 to 2020-10-06 07:00:00,-3.739804209294416,186
188,BCHUSDT,93,2020-10-05 08:45:00 to 2020-10-07 08:45:00,0.0,187
189,KAVAUSDT,20,2020-10-08 07:00:00 to 2020-10-10 07:00:00,0.0,188
191,ADAUSDT,81,2020-10-12 08:00:00 to 2020-10-14 08:00:00,1.428533720930245,190
193,XLMUSDT,86,2020-10-16 08:00:00 to 2020-10-18 08:00:00,0.0,192
194,NEOUSDT,77,2020-10-17 08:45:00 to 2020-10-19 08:45:00,0.0,193
195,ALGOUSDT,38,2020-10-20 09:00:00 to 2020-10-22 09:00:00,-2.316779542514541,194
197,BTCUSDT,133,2020-10-23 17:45:00 to 2020-10-25 17:45:00,0.0,196
198,COMPUSDT,35,2020-10-25 09:00:00 to 2020-10-27 09:00:00,2.9449280749425455,197
199,BALUSDT,15,2020-10-28 07:00:00 to 2020-10-30 07:00:00,-11.92201853272476,198
200,AVAXUSDT,8,2020-10-29 07:00:00 to 2020-10-31 07:00:00,-7.414824606325237,199
201,QTUMUSDT,81,2020-11-01 08:00:00 to 2020-11-03 08:00:00,-3.057887348014174,200
202,ETCUSDT,93,2020-11-02 08:00:00 to 2020-11-04 08:00:00,-5.265938620530596,201
203,DEFIUSDT,19,2020-11-05 07:00:00 to 2020-11-07 07:00:00,0.9246599038975,202
205,RSRUSDT,3,2020-11-09 07:00:00 to 2020-11-11 07:00:00,0.0,204
207,NEOUSDT,86,2020-11-13 08:45:00 to 2020-11-15 08:45:00,1.1544940321743706,206
209,BTCUSDT,141,2020-11-16 17:45:00 to 2020-11-18 17:45:00,0.0,208
210,LRCUSDT,6,2020-11-18 07:00:00 to 2020-11-20 07:00:00,0.6450017348499386,209
211,BNBUSDT,91,2020-11-21 08:00:00 to 2020-11-23 08:00:00,0.0,210
213,BCHUSDT,110,2020-11-25 08:45:00 to 2020-11-27 08:45:00,-17.600092332846963,212
215,BTCUSDT,145,2020-11-28 17:45:00 to 2020-11-30 17:45:00,0.0,214
217,COMPUSDT,48,2020-12-03 09:00:00 to 2020-12-05 09:00:00,-3.2338876842558784,216
218,ALGOUSDT,53,2020-12-04 09:00:00 to 2020-12-06 09:00:00,0.618142390556477,217
219,DOGEUSDT,46,2020-12-07 09:00:00 to 2020-12-09 09:00:00,-2.0909515852772347,218
221,BTCUSDT,149,2020-12-10 17:45:00 to 2020-12-12 17:45:00,1.2459026892182192,220
223,BNBUSDT,99,2020-12-15 08:00:00 to 2020-12-17 08:00:00,0.0,222
224,ALGOUSDT,57,2020-12-16 09:00:00 to 2020-12-18 09:00:00,4.538009797363211,223
225,ONTUSDT,100,2020-12-19 08:00:00 to 2020-12-21 08:00:00,0.9968602422708136,224
227,DEFIUSDT,35,2020-12-23 07:00:00 to 2020-12-25 07:00:00,-6.842577770220851,226
228,LRCUSDT,18,2020-12-24 07:00:00 to 2020-12-26 07:00:00,1.9890876476509949,227
229,BALUSDT,35,2020-12-27 07:00:00 to 2020-12-29 07:00:00,-0.404089349112437,228
231,LTCUSDT,115,2020-12-31 08:00:00 to 2021-01-02 08:00:00,1.894000499243812,230
233,SKLUSDT,5,2021-01-04 07:30:00 to 2021-01-06 07:30:00,2.9165075969369174,232
235,SNXUSDT,45,2021-01-08 07:00:00 to 2021-01-10 07:00:00,7.507014324822194,234
237,QTUMUSDT,105,2021-01-12 08:00:00 to 2021-01-14 08:00:00,8.241335220491147,236
238,ALPHAUSDT,13,2021-01-13 07:00:00 to 2021-01-15 07:00:00,2.6111767702234645,237
239,SKLUSDT,9,2021-01-16 07:30:00 to 2021-01-18 07:30:00,7.581690811893331,238
240,SUSHIUSDT,41,2021-01-17 07:00:00 to 2021-01-19 07:00:00,3.577354457295806,239
241,SXPUSDT,57,2021-01-20 09:00:00 to 2021-01-22 09:00:00,-5.303964617877736,240
243,KAVAUSDT,56,2021-01-24 07:00:00 to 2021-01-26 07:00:00,0.0,242
244,ETCUSDT,121,2021-01-25 08:00:00 to 2021-01-27 08:00:00,0.0264083384699733,243
245,ETCUSDT,122,2021-01-28 08:00:00 to 2021-01-30 08:00:00,3.2127065053808477,244
246,COMPUSDT,67,2021-01-29 09:00:00 to 2021-01-31 09:00:00,0.2573115956798756,245
247,SUSHIUSDT,46,2021-02-01 07:00:00 to 2021-02-03 07:00:00,0.0,246
249,EGLDUSDT,44,2021-02-05 07:00:00 to 2021-02-07 07:00:00,2.7321624559081283,248
251,BTCUSDT,169,2021-02-08 17:45:00 to 2021-02-10 17:45:00,0.3069037590421067,250
253,ATOMUSDT,120,2021-02-13 12:00:00 to 2021-02-15 12:00:00,1.5754385440166516,252
255,QTUMUSDT,117,2021-02-17 08:00:00 to 2021-02-19 08:00:00,3.3184751665669503,254
257,ADAUSDT,125,2021-02-21 08:00:00 to 2021-02-23 08:00:00,6.50290957616462,256
259,SNXUSDT,61,2021-02-25 07:00:00 to 2021-02-27 07:00:00,1.534256538524278,258
260,EGLDUSDT,51,2021-02-26 07:00:00 to 2021-02-28 07:00:00,0.0,259
261,ALGOUSDT,82,2021-03-01 09:00:00 to 2021-03-03 09:00:00,0.0,260
263,ALPHAUSDT,30,2021-03-05 07:00:00 to 2021-03-07 07:00:00,2.32300433099399,262
265,BNBUSDT,127,2021-03-09 08:00:00 to 2021-03-11 08:00:00,0.0,264
267,ALGOUSDT,86,2021-03-13 09:00:00 to 2021-03-15 09:00:00,3.407561778276977,266
268,SFPUSDT,2,2021-03-14 07:00:00 to 2021-03-16 07:00:00,-4.748706707652454,267
269,UNIUSDT,56,2021-03-17 07:00:00 to 2021-03-19 07:00:00,2.1920979513085697,268
271,RSRUSDT,47,2021-03-21 07:00:00 to 2021-03-23 07:00:00,-3.4976958400236797,270
273,LTCUSDT,143,2021-03-25 08:00:00 to 2021-03-27 08:00:00,1.99993777462274,272
275,MKRUSDT,72,2021-03-29 07:00:00 to 2021-03-31 07:00:00,0.0,274
277,RSRUSDT,51,2021-04-02 07:00:00 to 2021-04-04 07:00:00,-1.6576028936039255,276
279,1INCHUSDT,30,2021-04-06 10:00:00 to 2021-04-08 10:00:00,15.7727843348394,278
281,BTCUSDT,189,2021-04-09 17:45:00 to 2021-04-11 17:45:00,0.0,280
283,ZENUSDT,43,2021-04-14 07:00:00 to 2021-04-16 07:00:00,3.0445263316242746,282
285,AVAXUSDT,65,2021-04-18 07:00:00 to 2021-04-20 07:00:00,-24.062561774691854,284
286,MKRUSDT,79,2021-04-19 07:00:00 to 2021-04-21 07:00:00,10.178682863722388,285
287,ETCUSDT,150,2021-04-22 08:00:00 to 2021-04-24 08:00:00,7.95018058877562,286
288,LRCUSDT,58,2021-04-23 07:00:00 to 2021-04-25 07:00:00,-2.443028412538897,287
289,SNXUSDT,81,2021-04-26 07:00:00 to 2021-04-28 07:00:00,0.0,288
290,DOGEUSDT,93,2021-04-27 09:00:00 to 2021-04-29 09:00:00,0.0,289
291,ONTUSDT,144,2021-04-30 08:00:00 to 2021-05-02 08:00:00,0.0,290
293,ETCUSDT,154,2021-05-04 08:00:00 to 2021-05-06 08:00:00,0.0,292
295,LRCUSDT,63,2021-05-08 07:00:00 to 2021-05-10 07:00:00,5.794889797872274,294
297,LTCUSDT,159,2021-05-12 08:00:00 to 2021-05-14 08:00:00,-8.011248940430232,296
299,MKRUSDT,88,2021-05-16 07:00:00 to 2021-05-18 07:00:00,1.5596698659268806,298
300,MANAUSDT,17,2021-05-17 07:00:00 to 2021-05-19 07:00:00,-3.749127110430873,299
301,COMPUSDT,104,2021-05-20 09:00:00 to 2021-05-22 09:00:00,-4.040537023359629,300
303,AVAXUSDT,77,2021-05-24 07:00:00 to 2021-05-26 07:00:00,0.0,302
305,AXSUSDT,59,2021-05-28 07:00:00 to 2021-05-30 07:00:00,0.0,304
306,MANAUSDT,21,2021-05-29 07:00:00 to 2021-05-31 07:00:00,0.0,305
307,DENTUSDT,19,2021-06-01 04:00:00 to 2021-06-03 04:00:00,0.0,306
308,BCHUSDT,173,2021-06-02 08:45:00 to 2021-06-04 08:45:00,-2.382774178221334,307
309,AVAXUSDT,81,2021-06-05 07:00:00 to 2021-06-07 07:00:00,0.5716460953495153,308
311,ALPHAUSDT,62,2021-06-09 07:00:00 to 2021-06-11 07:00:00,0.0,310
312,BNBUSDT,158,2021-06-10 08:00:00 to 2021-06-12 08:00:00,0.3798365358592855,311
313,XLMUSDT,166,2021-06-13 08:00:00 to 2021-06-15 08:00:00,0.0,312
315,NEOUSDT,158,2021-06-17 08:45:00 to 2021-06-19 08:45:00,-0.1013252434587411,314
317,SKLUSDT,61,2021-06-21 07:30:00 to 2021-06-23 07:30:00,-6.535426431448231,316
319,LRCUSDT,79,2021-06-25 07:00:00 to 2021-06-27 07:00:00,0.0,318
321,NEOUSDT,162,2021-06-29 08:45:00 to 2021-07-01 08:45:00,0.0,320
323,YFIUSDT,98,2021-07-03 07:00:00 to 2021-07-05 07:00:00,0.0,322
325,RSRUSDT,83,2021-07-07 07:00:00 to 2021-07-09 07:00:00,-4.286094591629426,324
326,KAVAUSDT,111,2021-07-08 07:00:00 to 2021-07-10 07:00:00,-1.347179544249684,325
327,NEOUSDT,166,2021-07-11 08:45:00 to 2021-07-13 08:45:00,0.4812326852432488,326
329,SKLUSDT,69,2021-07-15 07:30:00 to 2021-07-17 07:30:00,-3.466345635711295,328
330,SXPUSDT,116,2021-07-16 09:00:00 to 2021-07-18 09:00:00,2.886284768921869,329
331,RSRUSDT,87,2021-07-19 07:00:00 to 2021-07-21 07:00:00,-4.672036119815039,330
332,NEOUSDT,169,2021-07-20 08:45:00 to 2021-07-22 08:45:00,2.659309754302485,331
333,1INCHUSDT,66,2021-07-23 10:00:00 to 2021-07-25 10:00:00,0.0,332
334,DEFIUSDT,106,2021-07-24 07:00:00 to 2021-07-26 07:00:00,0.0,333
335,SFPUSDT,47,2021-07-27 07:00:00 to 2021-07-29 07:00:00,0.0,334
337,MANAUSDT,42,2021-07-31 07:00:00 to 2021-08-02 07:00:00,1.5629781691317113,336
338,COTIUSDT,44,2021-08-01 07:00:00 to 2021-08-03 07:00:00,1.8340452306314547,337
339,AVAXUSDT,101,2021-08-04 07:00:00 to 2021-08-06 07:00:00,0.8251418918918717,338
340,ADAUSDT,180,2021-08-05 08:00:00 to 2021-08-07 08:00:00,0.0,339
341,ETCUSDT,186,2021-08-08 08:00:00 to 2021-08-10 08:00:00,6.1481275463629395,340
343,ZENUSDT,83,2021-08-12 07:00:00 to 2021-08-14 07:00:00,3.013315122561271,342
345,LTCUSDT,191,2021-08-16 08:00:00 to 2021-08-18 08:00:00,0.7375995015895023,344
347,ALPHAUSDT,86,2021-08-20 07:00:00 to 2021-08-22 07:00:00,2.813861723873306,346
348,SNXUSDT,120,2021-08-21 07:00:00 to 2021-08-23 07:00:00,1.8642379025984157,347
349,SNXUSDT,121,2021-08-24 07:00:00 to 2021-08-26 07:00:00,-7.459287450866323,348
350,EGLDUSDT,111,2021-08-25 07:00:00 to 2021-08-27 07:00:00,5.718263288030448,349
351,1INCHUSDT,78,2021-08-28 10:00:00 to 2021-08-30 10:00:00,0.7004828653591175,350
352,SKLUSDT,84,2021-08-29 07:30:00 to 2021-08-31 07:30:00,3.830614341757628,351
353,YFIUSDT,118,2021-09-01 07:00:00 to 2021-09-03 07:00:00,-0.1368599748927772,352
355,COMPUSDT,140,2021-09-05 09:00:00 to 2021-09-07 09:00:00,-1.307286186515375,354
356,AVAXUSDT,112,2021-09-06 07:00:00 to 2021-09-08 07:00:00,8.285666988011144,355
357,KAVAUSDT,132,2021-09-09 07:00:00 to 2021-09-11 07:00:00,0.0,356
359,UNIUSDT,116,2021-09-13 07:00:00 to 2021-09-15 07:00:00,0.0,358
360,DENTUSDT,54,2021-09-14 04:00:00 to 2021-09-16 04:00:00,0.0,359
361,BNBUSDT,191,2021-09-17 08:00:00 to 2021-09-19 08:00:00,0.0,360
363,CHZUSDT,77,2021-09-21 07:00:00 to 2021-09-23 07:00:00,2.302248786407763,362
365,SKLUSDT,93,2021-09-25 07:30:00 to 2021-09-27 07:30:00,4.110925101348566,364
367,LRCUSDT,111,2021-09-29 07:00:00 to 2021-10-01 07:00:00,0.0,366
369,LTCUSDT,207,2021-10-03 08:00:00 to 2021-10-05 08:00:00,0.0,368
370,AXSUSDT,102,2021-10-04 07:00:00 to 2021-10-06 07:00:00,-3.017571183205582,369
371,SKLUSDT,97,2021-10-07 07:30:00 to 2021-10-09 07:30:00,0.9154260711739152,370
372,ZENUSDT,102,2021-10-08 07:00:00 to 2021-10-10 07:00:00,0.0,371
373,SUSHIUSDT,130,2021-10-11 07:00:00 to 2021-10-13 07:00:00,5.717351775507322,372
375,GRTUSDT,96,2021-10-15 07:00:00 to 2021-10-17 07:00:00,1.728775759878408,374
377,ALPHAUSDT,106,2021-10-19 07:00:00 to 2021-10-21 07:00:00,0.0,376
379,ATOMUSDT,204,2021-10-23 12:00:00 to 2021-10-25 12:00:00,1.0757533196684927,378
381,BCHUSDT,222,2021-10-27 08:45:00 to 2021-10-29 08:45:00,-2.1032923919541826,380
383,DEFIUSDT,139,2021-10-31 07:00:00 to 2021-11-02 07:00:00,0.0,382
385,HOTUSDT,69,2021-11-04 07:00:00 to 2021-11-06 07:00:00,-0.9218537505708264,384
387,ALGOUSDT,166,2021-11-08 09:00:00 to 2021-11-10 09:00:00,0.3387507432326674,386
389,BTCUSDT,261,2021-11-11 17:45:00 to 2021-11-13 17:45:00,0.6228389743273692,388
391,COMPUSDT,164,2021-11-16 09:00:00 to 2021-11-18 09:00:00,-1.509873632566705,390
392,EGLDUSDT,139,2021-11-17 07:00:00 to 2021-11-19 07:00:00,5.1731375530028165,391
393,GRTUSDT,108,2021-11-20 07:00:00 to 2021-11-22 07:00:00,0.0,392
394,DYDXUSDT,20,2021-11-21 03:30:00 to 2021-11-23 03:30:00,0.0,393
395,UNIUSDT,140,2021-11-24 07:00:00 to 2021-11-26 07:00:00,0.0,394
397,SNXUSDT,153,2021-11-28 07:00:00 to 2021-11-30 07:00:00,1.3324788540245571,396
399,DOGEUSDT,166,2021-12-02 09:00:00 to 2021-12-04 09:00:00,-12.205849330267064,398
400,SFPUSDT,90,2021-12-03 07:00:00 to 2021-12-05 07:00:00,-17.66239320583647,399
401,YFIUSDT,150,2021-12-06 07:00:00 to 2021-12-08 07:00:00,0.0,400
403,C98USDT,32,2021-12-10 03:30:00 to 2021-12-12 03:30:00,0.0,402
405,ONTUSDT,220,2021-12-14 08:00:00 to 2021-12-16 08:00:00,0.0,404
407,YFIUSDT,154,2021-12-18 07:00:00 to 2021-12-20 07:00:00,1.7828279246270722,406
408,ATOMUSDT,223,2021-12-19 12:00:00 to 2021-12-21 12:00:00,4.033161524762709,407
409,XLMUSDT,230,2021-12-22 08:00:00 to 2021-12-24 08:00:00,0.0,408
411,LTCUSDT,235,2021-12-26 08:00:00 to 2021-12-28 08:00:00,2.0723878838988097,410
413,XMRUSDT,228,2021-12-30 08:00:00 to 2022-01-01 08:00:00,0.0,412
415,MANAUSDT,94,2022-01-03 07:00:00 to 2022-01-05 07:00:00,0.0,414
417,BCHUSDT,246,2022-01-07 08:45:00 to 2022-01-09 08:45:00,-1.326885651270313,416
419,MKRUSDT,168,2022-01-11 07:00:00 to 2022-01-13 07:00:00,0.0,418
421,MANAUSDT,98,2022-01-15 07:00:00 to 2022-01-17 07:00:00,0.0,420
422,ONTUSDT,231,2022-01-16 08:00:00 to 2022-01-18 08:00:00,-0.99307089669177,421
423,EGLDUSDT,160,2022-01-19 07:00:00 to 2022-01-21 07:00:00,-3.65999678734548,422
425,ALPHAUSDT,138,2022-01-23 07:00:00 to 2022-01-25 07:00:00,1.1659272313814837,424
427,BNBUSDT,235,2022-01-27 08:00:00 to 2022-01-29 08:00:00,0.0,426
429,1INCHUSDT,130,2022-01-31 10:00:00 to 2022-02-02 10:00:00,0.0,428
430,UNIUSDT,163,2022-02-01 07:00:00 to 2022-02-03 07:00:00,0.0,429
431,ALPHAUSDT,142,2022-02-04 07:00:00 to 2022-02-06 07:00:00,0.0,430
433,LRCUSDT,155,2022-02-08 07:00:00 to 2022-02-10 07:00:00,-1.5695401049231803,432
435,ALGOUSDT,198,2022-02-12 09:00:00 to 2022-02-14 09:00:00,-2.992557850393714,434
437,ADAUSDT,245,2022-02-16 08:00:00 to 2022-02-18 08:00:00,0.5108048884655,436
438,COMPUSDT,195,2022-02-17 09:00:00 to 2022-02-19 09:00:00,-0.7467079619829565,437
439,ANKRUSDT,126,2022-02-20 07:00:00 to 2022-02-22 07:00:00,-7.43066440720515,438
440,1INCHUSDT,137,2022-02-21 10:00:00 to 2022-02-23 10:00:00,-1.6656659304375536,439
441,QTUMUSDT,241,2022-02-24 08:00:00 to 2022-02-26 08:00:00,6.354388834898674,440
443,SFPUSDT,119,2022-02-28 07:00:00 to 2022-03-02 07:00:00,0.0,442
445,C98USDT,60,2022-03-04 03:30:00 to 2022-03-06 03:30:00,-1.6408239728051923,444
447,LTCUSDT,259,2022-03-08 08:00:00 to 2022-03-10 08:00:00,0.0,446
449,ETCUSDT,258,2022-03-12 08:00:00 to 2022-03-14 08:00:00,1.60439148904783,448
451,XLMUSDT,258,2022-03-16 08:00:00 to 2022-03-18 08:00:00,0.0,450
452,NKNUSDT,110,2022-03-17 07:00:00 to 2022-03-19 07:00:00,0.0,451
453,NEOUSDT,250,2022-03-20 08:45:00 to 2022-03-22 08:45:00,2.083359888701416,452
455,API3USDT,6,2022-03-24 03:30:00 to 2022-03-26 03:30:00,4.9081195317070705,454
457,IMXUSDT,11,2022-03-28 03:30:00 to 2022-03-30 03:30:00,4.747549898982142,456
459,ALGOUSDT,214,2022-04-01 09:00:00 to 2022-04-03 09:00:00,2.405298461127204,458
460,GMTUSDT,2,2022-04-02 04:00:00 to 2022-04-04 04:00:00,4.230543829492672,459
461,BTCUSDT,309,2022-04-04 17:45:00 to 2022-04-06 17:45:00,-0.7777790425746752,460
462,SUSHIUSDT,189,2022-04-06 07:00:00 to 2022-04-08 07:00:00,-6.128893426102023,461
463,MANAUSDT,126,2022-04-09 07:00:00 to 2022-04-11 07:00:00,0.0,462
464,ONTUSDT,259,2022-04-10 08:00:00 to 2022-04-12 08:00:00,-6.704043868404005,463
465,ALICEUSDT,127,2022-04-13 03:00:00 to 2022-04-15 03:00:00,1.0708873074840994,464
467,SKLUSDT,161,2022-04-17 07:30:00 to 2022-04-19 07:30:00,0.8674232819074315,466
469,SNXUSDT,201,2022-04-21 07:00:00 to 2022-04-23 07:00:00,-0.4675588121978944,468
471,QTUMUSDT,261,2022-04-25 08:00:00 to 2022-04-27 08:00:00,3.1396381199347525,470
473,DEFIUSDT,199,2022-04-29 07:00:00 to 2022-05-01 07:00:00,-8.787967250998445,472
474,CTSIUSDT,58,2022-04-30 03:30:00 to 2022-05-02 03:30:00,3.5021136975264926,473
475,BNBUSDT,267,2022-05-03 08:00:00 to 2022-05-05 08:00:00,0.0,474
476,QTUMUSDT,264,2022-05-04 08:00:00 to 2022-05-06 08:00:00,-2.2938565854586885,475
477,ALICEUSDT,135,2022-05-07 03:00:00 to 2022-05-09 03:00:00,0.4803946148752948,476
479,UNIUSDT,196,2022-05-11 07:00:00 to 2022-05-13 07:00:00,-7.965474039823476,478
481,1000XECUSDT,76,2022-05-15 03:30:00 to 2022-05-17 03:30:00,0.0,480
482,QTUMUSDT,268,2022-05-16 08:00:00 to 2022-05-18 08:00:00,1.1291183341798023,481
483,DOGEUSDT,222,2022-05-19 09:00:00 to 2022-05-21 09:00:00,0.0,482
484,XMRUSDT,275,2022-05-20 08:00:00 to 2022-05-22 08:00:00,0.0,483
485,UNIUSDT,200,2022-05-23 07:00:00 to 2022-05-25 07:00:00,0.0,484
487,MANAUSDT,142,2022-05-27 07:00:00 to 2022-05-29 07:00:00,1.8426636693824363,486
489,ONTUSDT,276,2022-05-31 08:00:00 to 2022-06-02 08:00:00,1.7754782608695678,488
491,FLOWUSDT,34,2022-06-04 03:30:00 to 2022-06-06 03:30:00,0.0,490
493,XLMUSDT,286,2022-06-08 08:00:00 to 2022-06-10 08:00:00,1.8902661591391736,492
495,ALICEUSDT,147,2022-06-12 03:00:00 to 2022-06-14 03:00:00,6.596327674353833,494
497,AXSUSDT,187,2022-06-16 07:00:00 to 2022-06-18 07:00:00,0.0,496
498,1000XECUSDT,87,2022-06-17 03:30:00 to 2022-06-19 03:30:00,-1.7649772050431964,497
499,XLMUSDT,290,2022-06-20 08:00:00 to 2022-06-22 08:00:00,-0.6693679069354402,498
500,LTCUSDT,294,2022-06-21 08:00:00 to 2022-06-23 08:00:00,0.0,499
501,EGLDUSDT,212,2022-06-24 07:00:00 to 2022-06-26 07:00:00,0.0,500
502,ALPHAUSDT,189,2022-06-25 07:00:00 to 2022-06-27 07:00:00,4.56692202967075,501
503,SFPUSDT,159,2022-06-28 07:00:00 to 2022-06-30 07:00:00,0.6354494794527272,502
505,ATOMUSDT,288,2022-07-02 12:00:00 to 2022-07-04 12:00:00,0.0,504
507,LTCUSDT,299,2022-07-06 08:00:00 to 2022-07-08 08:00:00,0.0,506
508,DYDXUSDT,96,2022-07-07 03:30:00 to 2022-07-09 03:30:00,1.3593217665614976,507
509,YFIUSDT,222,2022-07-10 07:00:00 to 2022-07-12 07:00:00,-1.5307773799653297,508
511,SUSHIUSDT,222,2022-07-14 07:00:00 to 2022-07-16 07:00:00,1.6199610769026187,510
513,EGLDUSDT,220,2022-07-18 07:00:00 to 2022-07-20 07:00:00,1.1494261849594294,512
515,BTCUSDT,345,2022-07-21 17:45:00 to 2022-07-23 17:45:00,-1.4827090059815056,514
516,BALUSDT,226,2022-07-23 07:00:00 to 2022-07-25 07:00:00,-2.0539057572274397,515
517,HOTUSDT,157,2022-07-26 07:00:00 to 2022-07-28 07:00:00,1.1629236289082654,516
519,ONTUSDT,296,2022-07-30 08:00:00 to 2022-08-01 08:00:00,3.229260595278611,518
521,BAKEUSDT,143,2022-08-03 07:00:00 to 2022-08-05 07:00:00,3.5780572726199176,520
523,ANKRUSDT,182,2022-08-07 07:00:00 to 2022-08-09 07:00:00,1.4768585369166796,522
525,LTCUSDT,311,2022-08-11 08:00:00 to 2022-08-13 08:00:00,0.0,524
527,DYDXUSDT,109,2022-08-15 03:30:00 to 2022-08-17 03:30:00,-4.295224435786513,526
528,SXPUSDT,248,2022-08-16 09:00:00 to 2022-08-18 09:00:00,-1.276292651040985,527
529,IMXUSDT,59,2022-08-19 03:30:00 to 2022-08-21 03:30:00,4.906174285191628,528
530,CHZUSDT,188,2022-08-20 07:00:00 to 2022-08-22 07:00:00,-4.084895088505946,529
531,DOGEUSDT,254,2022-08-23 09:00:00 to 2022-08-25 09:00:00,0.0,530
533,UNIUSDT,232,2022-08-27 07:00:00 to 2022-08-29 07:00:00,1.207852187028657,532
535,C98USDT,120,2022-08-31 03:30:00 to 2022-09-02 03:30:00,0.0,534
537,BCHUSDT,326,2022-09-04 08:45:00 to 2022-09-06 08:45:00,0.0,536
538,DEFIUSDT,242,2022-09-05 07:00:00 to 2022-09-07 07:00:00,-1.56232502549381,537
539,ADAUSDT,313,2022-09-08 08:00:00 to 2022-09-10 08:00:00,0.0,538
541,BNBUSDT,311,2022-09-12 08:00:00 to 2022-09-14 08:00:00,-0.8980169437678706,540
542,1INCHUSDT,205,2022-09-13 10:00:00 to 2022-09-15 10:00:00,0.5952840332095002,541
543,ONTUSDT,312,2022-09-16 08:00:00 to 2022-09-18 08:00:00,0.0,542
544,GMTUSDT,58,2022-09-17 04:00:00 to 2022-09-19 04:00:00,-4.334569547258561,543
545,SKLUSDT,213,2022-09-20 07:30:00 to 2022-09-22 07:30:00,0.0,544
547,MANAUSDT,182,2022-09-24 07:00:00 to 2022-09-26 07:00:00,-0.5177271330364055,546
548,DUSKUSDT,83,2022-09-25 03:30:00 to 2022-09-27 03:30:00,1.1906997178292114,547
549,QTUMUSDT,313,2022-09-28 08:00:00 to 2022-09-30 08:00:00,2.6637839079819607,548
551,SKLUSDT,217,2022-10-02 07:30:00 to 2022-10-04 07:30:00,1.326738532722884,550
553,XLMUSDT,326,2022-10-06 08:00:00 to 2022-10-08 08:00:00,0.0,552
555,1INCHUSDT,214,2022-10-10 10:00:00 to 2022-10-12 10:00:00,-2.9672956212721147,554
557,BTCUSDT,373,2022-10-13 17:45:00 to 2022-10-15 17:45:00,1.1072108670275156,556
558,HOTUSDT,184,2022-10-15 07:00:00 to 2022-10-17 07:00:00,0.0,557
559,BNBUSDT,323,2022-10-18 08:00:00 to 2022-10-20 08:00:00,0.0,558
561,DOGEUSDT,274,2022-10-22 09:00:00 to 2022-10-24 09:00:00,0.0,560
563,SFPUSDT,199,2022-10-26 07:00:00 to 2022-10-28 07:00:00,0.0,562
564,ICPUSDT,6,2022-10-27 02:30:00 to 2022-10-29 02:30:00,0.6138488026914819,563
565,ICPUSDT,7,2022-10-30 02:30:00 to 2022-11-01 02:30:00,1.9821839623463893,564
567,LTCUSDT,339,2022-11-03 08:00:00 to 2022-11-05 08:00:00,0.0,566
569,BAKEUSDT,175,2022-11-07 07:00:00 to 2022-11-09 07:00:00,-13.974231633766612,568
571,1000XECUSDT,136,2022-11-11 03:30:00 to 2022-11-13 03:30:00,0.0,570
573,NKNUSDT,191,2022-11-15 07:00:00 to 2022-11-17 07:00:00,-4.405055652447099,572
575,SKLUSDT,233,2022-11-19 07:30:00 to 2022-11-21 07:30:00,0.0,574
576,ICPUSDT,14,2022-11-20 02:30:00 to 2022-11-22 02:30:00,0.4734745856353584,575
577,RSRUSDT,251,2022-11-23 07:00:00 to 2022-11-25 07:00:00,0.0,576
578,DOGEUSDT,285,2022-11-24 09:00:00 to 2022-11-26 09:00:00,0.0,577
579,DUSKUSDT,104,2022-11-27 03:30:00 to 2022-11-29 03:30:00,0.8987360757361966,578
581,SKLUSDT,237,2022-12-01 07:30:00 to 2022-12-03 07:30:00,0.0,580
582,IMXUSDT,94,2022-12-02 03:30:00 to 2022-12-04 03:30:00,0.0,581
583,RSRUSDT,255,2022-12-05 07:00:00 to 2022-12-07 07:00:00,-0.876396184886289,582
585,DUSKUSDT,108,2022-12-09 03:30:00 to 2022-12-11 03:30:00,0.0,584
586,SFPUSDT,214,2022-12-10 07:00:00 to 2022-12-12 07:00:00,0.4107653445601681,585
587,BTCUSDT,393,2022-12-12 17:45:00 to 2022-12-14 17:45:00,0.0,586
588,1000LUNCUSDT,28,2022-12-14 13:00:00 to 2022-12-16 13:00:00,0.1494912354205735,587
589,1000LUNCUSDT,29,2022-12-17 13:00:00 to 2022-12-19 13:00:00,7.812860992163932,588
591,DOGEUSDT,294,2022-12-21 09:00:00 to 2022-12-23 09:00:00,0.0,590
592,DYDXUSDT,152,2022-12-22 03:30:00 to 2022-12-24 03:30:00,0.0,591
593,API3USDT,98,2022-12-25 03:30:00 to 2022-12-27 03:30:00,0.0,592
595,CTSIUSDT,139,2022-12-29 03:30:00 to 2022-12-31 03:30:00,1.0006593186372628,594
597,NEOUSDT,346,2023-01-02 08:45:00 to 2023-01-04 08:45:00,0.0,596
599,UNIUSDT,276,2023-01-06 07:00:00 to 2023-01-08 07:00:00,0.857075107698074,598
601,ZENUSDT,255,2023-01-10 07:00:00 to 2023-01-12 07:00:00,1.4904986588921385,600
603,ALICEUSDT,219,2023-01-14 03:00:00 to 2023-01-16 03:00:00,4.732184306327563,602
605,API3USDT,106,2023-01-18 03:30:00 to 2023-01-20 03:30:00,-2.196109757557315,604
606,C98USDT,167,2023-01-19 03:30:00 to 2023-01-21 03:30:00,0.0,605
607,MANAUSDT,222,2023-01-22 07:00:00 to 2023-01-24 07:00:00,3.912853861598542,606
609,ALICEUSDT,223,2023-01-26 03:00:00 to 2023-01-28 03:00:00,1.0022620087336145,608
611,ETCUSDT,366,2023-01-30 08:00:00 to 2023-02-01 08:00:00,-0.6173579761234214,610
613,IMXUSDT,115,2023-02-03 03:30:00 to 2023-02-05 03:30:00,-0.1698080313418176,612
615,LTCUSDT,371,2023-02-07 08:00:00 to 2023-02-09 08:00:00,0.1925865224625522,614
616,SFPUSDT,234,2023-02-08 07:00:00 to 2023-02-10 07:00:00,-11.781897966769412,615
617,XMRUSDT,364,2023-02-11 08:00:00 to 2023-02-13 08:00:00,0.0,616
619,ZENUSDT,267,2023-02-15 07:00:00 to 2023-02-17 07:00:00,0.0324810416733089,618
620,ALICEUSDT,230,2023-02-16 03:00:00 to 2023-02-18 03:00:00,3.2060695746645616,619
621,AVAXUSDT,289,2023-02-19 07:00:00 to 2023-02-21 07:00:00,0.0,620
623,AXSUSDT,271,2023-02-23 07:00:00 to 2023-02-25 07:00:00,0.3374070473876054,622
625,ATOMUSDT,368,2023-02-27 12:00:00 to 2023-03-01 12:00:00,0.652127454188485,624
626,TUSDT,5,2023-02-28 13:00:00 to 2023-03-02 13:00:00,1.8116847035266437,625
627,GRTUSDT,264,2023-03-03 07:00:00 to 2023-03-05 07:00:00,2.1663577929251914,626
629,GMXUSDT,2,2023-03-07 14:30:00 to 2023-03-09 14:30:00,-0.5430223978919639,628
631,ZENUSDT,275,2023-03-11 07:00:00 to 2023-03-13 07:00:00,-0.2831258050199904,630
633,ONTUSDT,372,2023-03-15 08:00:00 to 2023-03-17 08:00:00,1.4515587364264684,632
634,MKRUSDT,311,2023-03-16 07:00:00 to 2023-03-18 07:00:00,0.0,633
635,SFPUSDT,247,2023-03-19 07:00:00 to 2023-03-21 07:00:00,-3.5088775812601307,634
637,SSVUSDT,5,2023-03-23 12:00:00 to 2023-03-25 12:00:00,1.0963311785943004,636
639,HOOKUSDT,17,2023-03-27 03:00:00 to 2023-03-29 03:00:00,-0.5773578413966425,638
640,CFXUSDT,8,2023-03-28 14:30:00 to 2023-03-30 14:30:00,2.2440291303134474,639
641,DEFIUSDT,311,2023-03-31 07:00:00 to 2023-04-02 07:00:00,0.0,640
642,COMPUSDT,331,2023-04-01 09:00:00 to 2023-04-03 09:00:00,2.7006638589260548,641
643,ICPUSDT,59,2023-04-04 02:30:00 to 2023-04-06 02:30:00,1.0452466897535122,642
645,COTIUSDT,249,2023-04-08 07:00:00 to 2023-04-10 07:00:00,0.699312888408549,644
646,TRUUSDT,7,2023-04-09 12:00:00 to 2023-04-11 12:00:00,0.0,645
647,UNIUSDT,308,2023-04-12 07:00:00 to 2023-04-14 07:00:00,1.1553183313138289,646
649,ICPUSDT,63,2023-04-16 02:30:00 to 2023-04-18 02:30:00,3.1948693782394546,648
650,HIGHUSDT,19,2023-04-17 02:30:00 to 2023-04-19 02:30:00,3.9019380530756647,649
651,FETUSDT,27,2023-04-20 02:30:00 to 2023-04-22 02:30:00,-1.3190868782731011,650
653,API3USDT,138,2023-04-24 03:30:00 to 2023-04-26 03:30:00,0.0,652
655,SNXUSDT,325,2023-04-28 07:00:00 to 2023-04-30 07:00:00,0.0,654
656,GRTUSDT,283,2023-04-29 07:00:00 to 2023-05-01 07:00:00,0.9864035339424664,655
657,ONTUSDT,388,2023-05-02 08:00:00 to 2023-05-04 08:00:00,0.5683421406179877,656
659,YFIUSDT,322,2023-05-06 07:00:00 to 2023-05-08 07:00:00,0.8726832509082486,658
660,1000XECUSDT,195,2023-05-07 03:30:00 to 2023-05-09 03:30:00,1.0194831901204089,659
661,1000XECUSDT,196,2023-05-10 03:30:00 to 2023-05-12 03:30:00,1.0545442477945108,660
662,BCHUSDT,409,2023-05-11 08:45:00 to 2023-05-13 08:45:00,-0.4056947176050744,661
663,ALGOUSDT,350,2023-05-14 09:00:00 to 2023-05-16 09:00:00,0.0,662
665,API3USDT,146,2023-05-18 03:30:00 to 2023-05-20 03:30:00,1.1817243642329776,664
667,RSRUSDT,311,2023-05-22 07:00:00 to 2023-05-24 07:00:00,0.0,666
668,BNXUSDT,26,2023-05-23 14:45:00 to 2023-05-25 14:45:00,-0.7539591069700692,667
669,KAVAUSDT,340,2023-05-26 07:00:00 to 2023-05-28 07:00:00,5.002134008856737,668
671,MKRUSDT,336,2023-05-30 07:00:00 to 2023-06-01 07:00:00,0.0,670
673,XVSUSDT,13,2023-06-03 02:30:00 to 2023-06-05 02:30:00,0.0,672
674,HIGHUSDT,35,2023-06-04 02:30:00 to 2023-06-06 02:30:00,-13.45265764411026,673
675,1INCHUSDT,294,2023-06-07 10:00:00 to 2023-06-09 10:00:00,0.0,674
676,BTCUSDT,452,2023-06-07 17:45:00 to 2023-06-09 17:45:00,0.0,675
677,GMTUSDT,147,2023-06-11 04:00:00 to 2023-06-13 04:00:00,0.0,676
679,LRCUSDT,319,2023-06-15 07:00:00 to 2023-06-17 07:00:00,0.0,678
681,INJUSDT,98,2023-06-19 02:45:00 to 2023-06-21 02:45:00,1.252638968001338,680
682,ETCUSDT,413,2023-06-20 08:00:00 to 2023-06-22 08:00:00,0.0,681
683,SFPUSDT,279,2023-06-23 07:00:00 to 2023-06-25 07:00:00,3.00082576195211,682
685,SNXUSDT,345,2023-06-27 07:00:00 to 2023-06-29 07:00:00,4.702293955938676,684
686,ACHUSDT,38,2023-06-28 14:30:00 to 2023-06-30 14:30:00,-2.692019099189238,685
687,DOGEUSDT,358,2023-07-01 09:00:00 to 2023-07-03 09:00:00,0.0,686
688,ETCUSDT,417,2023-07-02 08:00:00 to 2023-07-04 08:00:00,0.4819364968597255,687
689,XMRUSDT,412,2023-07-05 08:00:00 to 2023-07-07 08:00:00,0.3640813889734999,688
691,UMAUSDT,16,2023-07-09 12:30:00 to 2023-07-11 12:30:00,0.5765719844357955,690
692,NMRUSDT,2,2023-07-10 12:00:00 to 2023-07-12 12:00:00,0.8755323460639011,691
693,NMRUSDT,3,2023-07-13 12:00:00 to 2023-07-15 12:00:00,1.4691011406844154,692
695,YFIUSDT,346,2023-07-17 07:00:00 to 2023-07-19 07:00:00,0.4414489498249714,694
697,ANKRUSDT,298,2023-07-21 07:00:00 to 2023-07-23 07:00:00,0.0,696
699,HOOKUSDT,57,2023-07-25 03:00:00 to 2023-07-27 03:00:00,1.4158910641842704,698
700,ALPHAUSDT,321,2023-07-26 07:00:00 to 2023-07-28 07:00:00,0.0,699
701,API3USDT,170,2023-07-29 03:30:00 to 2023-07-31 03:30:00,1.3400316455696155,700
702,SNXUSDT,356,2023-07-30 07:00:00 to 2023-08-01 07:00:00,-2.681216006569903,701
703,XVSUSDT,33,2023-08-02 02:30:00 to 2023-08-04 02:30:00,1.0824743138634767,702
705,TUSDT,58,2023-08-06 13:00:00 to 2023-08-08 13:00:00,0.0,704
707,FLOWUSDT,178,2023-08-10 03:30:00 to 2023-08-12 03:30:00,0.0,706
708,HOTUSDT,284,2023-08-11 07:00:00 to 2023-08-13 07:00:00,-0.9194123076923096,707
709,CTSIUSDT,215,2023-08-14 03:30:00 to 2023-08-16 03:30:00,-3.7140905191621094,708
711,FXSUSDT,66,2023-08-18 03:00:00 to 2023-08-20 03:00:00,0.0,710
713,API3USDT,178,2023-08-22 03:30:00 to 2023-08-24 03:30:00,0.0,712
715,DENTUSDT,291,2023-08-26 04:00:00 to 2023-08-28 04:00:00,0.0,714
716,CKBUSDT,56,2023-08-27 12:00:00 to 2023-08-29 12:00:00,0.0,715
717,BCHUSDT,446,2023-08-30 08:45:00 to 2023-09-01 08:45:00,-1.1348949788731262,716
718,PEOPLEUSDT,201,2023-08-31 04:00:00 to 2023-09-02 04:00:00,-2.8545979043841,717
719,ADAUSDT,433,2023-09-03 08:00:00 to 2023-09-05 08:00:00,0.0,718
721,1000LUNCUSDT,117,2023-09-07 13:00:00 to 2023-09-09 13:00:00,0.0,720
722,ONTUSDT,431,2023-09-08 08:00:00 to 2023-09-10 08:00:00,0.652325129533674,721
723,CKBUSDT,61,2023-09-11 12:00:00 to 2023-09-13 12:00:00,-1.310968202952954,722
725,ETCUSDT,442,2023-09-15 08:00:00 to 2023-09-17 08:00:00,0.0,724
726,IMXUSDT,190,2023-09-16 03:30:00 to 2023-09-18 03:30:00,0.9256893203883556,725
727,ANKRUSDT,318,2023-09-19 07:00:00 to 2023-09-21 07:00:00,0.0,726
729,COTIUSDT,305,2023-09-23 07:00:00 to 2023-09-25 07:00:00,0.0,728
730,API3USDT,189,2023-09-24 03:30:00 to 2023-09-26 03:30:00,0.9807533905341916,729
731,PEOPLEUSDT,210,2023-09-27 04:00:00 to 2023-09-29 04:00:00,0.0,730
733,MANAUSDT,306,2023-10-01 07:00:00 to 2023-10-03 07:00:00,-0.4054419642857101,732
735,GRTUSDT,336,2023-10-05 07:00:00 to 2023-10-07 07:00:00,0.6390733324655593,734
737,ETCUSDT,450,2023-10-09 08:00:00 to 2023-10-11 08:00:00,0.0,736
739,ANKRUSDT,326,2023-10-13 07:00:00 to 2023-10-15 07:00:00,0.0,738
740,GRTUSDT,339,2023-10-14 07:00:00 to 2023-10-16 07:00:00,0.0,739
741,ONTUSDT,444,2023-10-17 08:00:00 to 2023-10-19 08:00:00,0.065230579531435,740
743,GMXUSDT,78,2023-10-21 14:30:00 to 2023-10-23 14:30:00,0.0,742
744,UMAUSDT,51,2023-10-22 12:30:00 to 2023-10-24 12:30:00,0.0,743
745,BICOUSDT,5,2023-10-25 12:30:00 to 2023-10-27 12:30:00,5.766490838305471,744
746,BNXUSDT,78,2023-10-26 14:45:00 to 2023-10-28 14:45:00,-1.9792884007666725,745
747,GRTUSDT,344,2023-10-29 07:00:00 to 2023-10-31 07:00:00,0.0,746
748,DYDXUSDT,256,2023-10-30 03:30:00 to 2023-11-01 03:30:00,-1.5237762429605572,747
749,DEFIUSDT,383,2023-11-02 07:00:00 to 2023-11-04 07:00:00,0.3272056672760482,748
751,DENTUSDT,315,2023-11-06 04:00:00 to 2023-11-08 04:00:00,0.2451825000000098,750
753,DUSKUSDT,220,2023-11-10 03:30:00 to 2023-11-12 03:30:00,0.4634567053146566,752
755,ETCUSDT,462,2023-11-14 08:00:00 to 2023-11-16 08:00:00,2.806894698859487,754
757,JOEUSDT,74,2023-11-18 12:00:00 to 2023-11-20 12:00:00,-0.2308782976147631,756
758,ALGOUSDT,413,2023-11-19 09:00:00 to 2023-11-21 09:00:00,-0.6010912953901606,757
759,EGLDUSDT,384,2023-11-22 07:00:00 to 2023-11-24 07:00:00,4.816608920894559,758
761,DYDXUSDT,265,2023-11-26 03:30:00 to 2023-11-28 03:30:00,1.9094654012110004,760
763,UMAUSDT,64,2023-11-30 12:30:00 to 2023-12-02 12:30:00,3.7729654943596502,762
764,1000PEPEUSDT,66,2023-12-01 16:30:00 to 2023-12-03 16:30:00,0.1606247154175435,763
765,1000PEPEUSDT,67,2023-12-04 16:30:00 to 2023-12-06 16:30:00,23.371814667403346,764
767,1000FLOKIUSDT,68,2023-12-08 16:30:00 to 2023-12-10 16:30:00,1.345937988214373,766
769,1000LUNCUSDT,149,2023-12-12 13:00:00 to 2023-12-14 13:00:00,1.350865051733308,768
771,HOOKUSDT,105,2023-12-16 03:00:00 to 2023-12-18 03:00:00,2.5146325223134043,770
773,BNTUSDT,40,2023-12-20 12:00:00 to 2023-12-22 12:00:00,0.0,772
774,HOTUSDT,328,2023-12-21 07:00:00 to 2023-12-23 07:00:00,0.0275443105302474,773
775,XVSUSDT,81,2023-12-24 02:30:00 to 2023-12-26 02:30:00,1.458565916398711,774
776,ORDIUSDT,12,2023-12-25 12:30:00 to 2023-12-27 12:30:00,10.952445960951229,775
777,QTUMUSDT,465,2023-12-28 08:00:00 to 2023-12-30 08:00:00,-1.3603685787671385,776
778,SFPUSDT,342,2023-12-29 07:00:00 to 2023-12-31 07:00:00,1.8458681008129496,777
779,GMTUSDT,215,2024-01-01 04:00:00 to 2024-01-03 04:00:00,0.0,778
781,JOEUSDT,90,2024-01-05 12:00:00 to 2024-01-07 12:00:00,-8.6827001927307,780
782,ETHWUSDT,9,2024-01-06 12:30:00 to 2024-01-08 12:30:00,5.8944611777983305,781
783,CKBUSDT,101,2024-01-09 12:00:00 to 2024-01-11 12:00:00,2.002702492716089,782
785,1000FLOKIUSDT,80,2024-01-13 16:30:00 to 2024-01-15 16:30:00,3.586438066452702,784
786,DODOXUSDT,49,2024-01-14 12:00:00 to 2024-01-16 12:00:00,2.674289568745735,785
787,IDUSDT,96,2024-01-17 14:30:00 to 2024-01-19 14:30:00,-6.014404144153905,786
788,1000BONKUSDT,15,2024-01-18 14:00:00 to 2024-01-20 14:00:00,-8.828805562693196,787
789,INJUSDT,170,2024-01-21 02:45:00 to 2024-01-23 02:45:00,1.620418715726173,788
790,FLOWUSDT,233,2024-01-22 03:30:00 to 2024-01-24 03:30:00,-0.4550753915260065,789
791,SKLUSDT,377,2024-01-25 07:30:00 to 2024-01-27 07:30:00,2.049649836438639,790
793,CTSIUSDT,271,2024-01-29 03:30:00 to 2024-01-31 03:30:00,0.0,792
794,ORDIUSDT,24,2024-01-30 12:30:00 to 2024-02-01 12:30:00,0.0,793
795,COTIUSDT,349,2024-02-02 07:00:00 to 2024-02-04 07:00:00,0.0,794
796,ADAUSDT,484,2024-02-03 08:00:00 to 2024-02-05 08:00:00,0.0,795
797,CAKEUSDT,28,2024-02-06 12:45:00 to 2024-02-08 12:45:00,0.0,796
799,AIUSDT,7,2024-02-10 12:30:00 to 2024-02-12 12:30:00,2.622219144373994,798
801,ETHWUSDT,22,2024-02-14 12:30:00 to 2024-02-16 12:30:00,0.0,800
802,SKLUSDT,384,2024-02-15 07:30:00 to 2024-02-17 07:30:00,1.1163291247411689,801
803,MKRUSDT,424,2024-02-18 07:00:00 to 2024-02-20 07:00:00,0.0430083208676296,802
804,IMXUSDT,242,2024-02-19 03:30:00 to 2024-02-21 03:30:00,3.727800825763188,803
805,TWTUSDT,33,2024-02-22 14:30:00 to 2024-02-24 14:30:00,0.6786781915976826,804
807,CKBUSDT,117,2024-02-26 12:00:00 to 2024-02-28 12:00:00,4.634869454352647,806
809,SKLUSDT,389,2024-03-01 07:30:00 to 2024-03-03 07:30:00,-0.174349692364467,808
810,ZENUSDT,394,2024-03-02 07:00:00 to 2024-03-04 07:00:00,5.365982636417921,809
811,LRCUSDT,407,2024-03-05 07:00:00 to 2024-03-07 07:00:00,-6.053636137939975,810
813,NMRUSDT,83,2024-03-09 12:00:00 to 2024-03-11 12:00:00,1.6917276812257114,812
815,SKLUSDT,393,2024-03-13 07:30:00 to 2024-03-15 07:30:00,-2.2134277170975656,814
816,DENTUSDT,358,2024-03-14 04:00:00 to 2024-03-16 04:00:00,-1.3869170842889071,815
817,BICOUSDT,53,2024-03-17 12:30:00 to 2024-03-19 12:30:00,-3.5676012698736126,816
819,LTCUSDT,507,2024-03-21 08:00:00 to 2024-03-23 08:00:00,0.762983808603185,818
820,API3USDT,249,2024-03-22 03:30:00 to 2024-03-24 03:30:00,3.1909902172972036,819
821,CFXUSDT,129,2024-03-25 14:30:00 to 2024-03-27 14:30:00,-1.731436770346827,820
822,RSRUSDT,414,2024-03-26 07:00:00 to 2024-03-28 07:00:00,2.5678734690118654,821
823,SXPUSDT,445,2024-03-29 09:00:00 to 2024-03-31 09:00:00,0.0,822
824,HOOKUSDT,140,2024-03-30 03:00:00 to 2024-04-01 03:00:00,-0.1114116210151951,823
825,1000BONKUSDT,40,2024-04-02 14:00:00 to 2024-04-04 14:00:00,-0.0134545059780793,824
826,TONUSDT,7,2024-04-03 12:30:00 to 2024-04-05 12:30:00,1.0070278983632124,825
827,TRUUSDT,128,2024-04-06 12:00:00 to 2024-04-08 12:00:00,0.8544689081979414,826
828,ANKRUSDT,385,2024-04-07 07:00:00 to 2024-04-09 07:00:00,0.0,827
829,AIUSDT,27,2024-04-10 12:30:00 to 2024-04-12 12:30:00,-0.1500315794145717,828
831,RDNTUSDT,121,2024-04-14 12:00:00 to 2024-04-16 12:00:00,0.0,830
833,BTCUSDT,557,2024-04-17 17:45:00 to 2024-04-19 17:45:00,3.11246921580856,832
835,BALUSDT,439,2024-04-22 07:00:00 to 2024-04-24 07:00:00,0.0,834
837,BCHUSDT,526,2024-04-26 08:45:00 to 2024-04-28 08:45:00,0.0,836
839,FLOWUSDT,266,2024-04-30 03:30:00 to 2024-05-02 03:30:00,2.311688283826024,838
841,MEMEUSDT,57,2024-05-04 12:00:00 to 2024-05-06 12:00:00,0.0,840
843,CYBERUSDT,83,2024-05-08 12:00:00 to 2024-05-10 12:00:00,-1.998344608044099,842
845,FLOWUSDT,270,2024-05-12 03:30:00 to 2024-05-14 03:30:00,1.840711623473562,844
847,ONDOUSDT,35,2024-05-16 13:00:00 to 2024-05-18 13:00:00,1.273468062071461,846
849,PORTALUSDT,23,2024-05-20 15:00:00 to 2024-05-22 15:00:00,2.5152567689973875,848
851,WUSDT,13,2024-05-24 15:30:00 to 2024-05-26 15:30:00,1.9707404061023048,850
853,DODOXUSDT,94,2024-05-28 12:00:00 to 2024-05-30 12:00:00,1.4634456036898518,852
855,FETUSDT,163,2024-06-01 02:30:00 to 2024-06-03 02:30:00,0.0,854
857,GMXUSDT,154,2024-06-05 14:30:00 to 2024-06-07 14:30:00,0.0,856
858,OMUSDT,34,2024-06-06 14:00:00 to 2024-06-08 14:00:00,7.379960460381753,857
859,ONDOUSDT,43,2024-06-09 13:00:00 to 2024-06-11 13:00:00,6.194889922808325,858
861,ETHFIUSDT,25,2024-06-13 15:30:00 to 2024-06-15 15:30:00,-0.4162844875546944,860
862,ALPHAUSDT,429,2024-06-14 07:00:00 to 2024-06-16 07:00:00,0.6850896435351205,861
863,AXSUSDT,431,2024-06-17 07:00:00 to 2024-06-19 07:00:00,-1.28065594076259,862
865,HOTUSDT,389,2024-06-21 07:00:00 to 2024-06-23 07:00:00,0.0,864
866,APTUSDT,200,2024-06-22 02:00:00 to 2024-06-24 02:00:00,0.494458575906865,865
867,ARKMUSDT,107,2024-06-25 02:45:00 to 2024-06-27 02:45:00,1.1466743569758364,866
868,KASUSDT,70,2024-06-26 02:00:00 to 2024-06-28 02:00:00,1.1024626458466449,867
869,GMTUSDT,275,2024-06-29 04:00:00 to 2024-07-01 04:00:00,0.0,868
871,BBUSDT,13,2024-07-03 12:30:00 to 2024-07-05 12:30:00,-24.68765209260192,870
872,LEVERUSDT,150,2024-07-04 12:15:00 to 2024-07-06 12:15:00,-13.18782648643286,871
873,1000BONKUSDT,72,2024-07-07 14:00:00 to 2024-07-09 14:00:00,2.11469345208965,872
875,PEOPLEUSDT,306,2024-07-11 04:00:00 to 2024-07-13 04:00:00,0.4064518032786872,874
877,DYMUSDT,49,2024-07-15 07:00:00 to 2024-07-17 07:00:00,-1.5740010584222908,876
879,STRKUSDT,46,2024-07-19 17:00:00 to 2024-07-21 17:00:00,0.0,878
881,LISTAUSDT,7,2024-07-23 12:30:00 to 2024-07-25 12:30:00,-0.2792153609922206,880
882,BICOUSDT,96,2024-07-24 12:30:00 to 2024-07-26 12:30:00,-0.8963029648431802,881
883,1000LUNCUSDT,225,2024-07-27 13:00:00 to 2024-07-29 13:00:00,0.0,882
885,DOGEUSDT,490,2024-07-31 09:00:00 to 2024-08-02 09:00:00,1.3135295094818502,884
887,DYDXUSDT,349,2024-08-04 03:30:00 to 2024-08-06 03:30:00,-5.27948414437742,886
889,LRCUSDT,459,2024-08-08 07:00:00 to 2024-08-10 07:00:00,0.0,888
891,BCHUSDT,562,2024-08-12 08:45:00 to 2024-08-14 08:45:00,0.435112139798639,890
893,MKRUSDT,484,2024-08-16 07:00:00 to 2024-08-18 07:00:00,0.0,892
895,COMPUSDT,500,2024-08-20 09:00:00 to 2024-08-22 09:00:00,0.0,894
897,NKNUSDT,407,2024-08-24 07:00:00 to 2024-08-26 07:00:00,-0.1621649158523905,896
899,RENDERUSDT,7,2024-08-28 10:00:00 to 2024-08-30 10:00:00,4.104311757949454,898
901,MEMEUSDT,97,2024-09-01 12:00:00 to 2024-09-03 12:00:00,0.0,900
902,NKNUSDT,410,2024-09-02 07:00:00 to 2024-09-04 07:00:00,-2.1322440188005567,901
903,1INCHUSDT,446,2024-09-05 10:00:00 to 2024-09-07 10:00:00,2.614024555514079,902
905,ZKUSDT,24,2024-09-09 11:00:00 to 2024-09-11 11:00:00,-0.4647450361848314,904
907,MANAUSDT,422,2024-09-13 07:00:00 to 2024-09-15 07:00:00,0.0,906
908,CYBERUSDT,126,2024-09-14 12:00:00 to 2024-09-16 12:00:00,-2.2419998528706855,907
909,KAVAUSDT,500,2024-09-17 07:00:00 to 2024-09-19 07:00:00,0.0,908
911,BOMEUSDT,59,2024-09-21 12:30:00 to 2024-09-23 12:30:00,-1.717061667174221,910
913,HOTUSDT,421,2024-09-25 07:00:00 to 2024-09-27 07:00:00,0.7832229948407439,912
914,GUSDT,10,2024-09-26 12:30:00 to 2024-09-28 12:30:00,2.0683599853793746,913
915,BNXUSDT,191,2024-09-29 14:45:00 to 2024-10-01 14:45:00,-1.6406037419666244,914
917,MKRUSDT,500,2024-10-03 07:00:00 to 2024-10-05 07:00:00,0.7844134030294482,916
919,CTSIUSDT,355,2024-10-07 03:30:00 to 2024-10-09 03:30:00,-0.4808869073275855,918
921,LEVERUSDT,183,2024-10-11 12:15:00 to 2024-10-13 12:15:00,0.4832262915520187,920
922,API3USDT,317,2024-10-12 03:30:00 to 2024-10-14 03:30:00,1.5049060630890745,921
923,1000FLOKIUSDT,172,2024-10-15 16:30:00 to 2024-10-17 16:30:00,0.3572014790599678,922
925,JOEUSDT,186,2024-10-19 12:00:00 to 2024-10-21 12:00:00,0.0,924
927,COTIUSDT,437,2024-10-23 07:00:00 to 2024-10-25 07:00:00,-4.224725957155861,926
928,MBOXUSDT,15,2024-10-24 09:30:00 to 2024-10-26 09:30:00,-1.0539391844856072,927
929,AXSUSDT,475,2024-10-27 07:00:00 to 2024-10-29 07:00:00,1.0957432835820873,928
931,POLYXUSDT,120,2024-10-31 02:30:00 to 2024-11-02 02:30:00,-1.7800435626204671,930
933,HOOKUSDT,213,2024-11-04 03:00:00 to 2024-11-06 03:00:00,0.4602764425448004,932
935,BOMEUSDT,75,2024-11-08 12:30:00 to 2024-11-10 12:30:00,2.424434868502285,934
937,POLYXUSDT,124,2024-11-12 02:30:00 to 2024-11-14 02:30:00,-4.1309427414810305,936
939,GRTUSDT,472,2024-11-16 07:00:00 to 2024-11-18 07:00:00,2.146002490272385,938
941,SYSUSDT,27,2024-11-20 12:30:00 to 2024-11-22 12:30:00,2.174828537459726,940
942,ONDOUSDT,98,2024-11-21 13:00:00 to 2024-11-23 13:00:00,8.205468896648108,941
943,MEMEUSDT,125,2024-11-24 12:00:00 to 2024-11-26 12:00:00,-1.602762476206335,942
944,BSVUSDT,130,2024-11-25 12:30:00 to 2024-11-27 12:30:00,-0.6373902169751818,943
945,ALGOUSDT,538,2024-11-28 09:00:00 to 2024-11-30 09:00:00,2.63690379178217,944
946,UNIUSDT,507,2024-11-29 07:00:00 to 2024-12-01 07:00:00,3.283336568003506,945
947,WUSDT,77,2024-12-02 15:30:00 to 2024-12-04 15:30:00,6.913223521359706,946
949,IMXUSDT,339,2024-12-06 03:30:00 to 2024-12-08 03:30:00,3.396056233863583,948
950,1000PEPEUSDT,190,2024-12-07 16:30:00 to 2024-12-09 16:30:00,5.7405721433078725,949
951,ALICEUSDT,451,2024-12-10 03:00:00 to 2024-12-12 03:00:00,-5.634652606419695,950
953,ZKUSDT,56,2024-12-14 11:00:00 to 2024-12-16 11:00:00,-0.8841953840102178,952
954,SSVUSDT,216,2024-12-15 12:00:00 to 2024-12-17 12:00:00,0.6145881190912951,953
955,LRCUSDT,503,2024-12-18 07:00:00 to 2024-12-20 07:00:00,2.54924680911683,954
957,FETUSDT,231,2024-12-22 02:30:00 to 2024-12-24 02:30:00,0.0,956
958,AGLDUSDT,167,2024-12-23 02:30:00 to 2024-12-25 02:30:00,13.26183761242617,957
959,BTCUSDT,641,2024-12-25 17:45:00 to 2024-12-27 17:45:00,0.0265975368351791,958
961,SUSHIUSDT,522,2024-12-30 07:00:00 to 2025-01-01 07:00:00,0.0,960
963,STRKUSDT,102,2025-01-03 17:00:00 to 2025-01-05 17:00:00,0.0,962
964,SYSUSDT,42,2025-01-04 12:30:00 to 2025-01-06 12:30:00,0.0,963
965,BOMEUSDT,95,2025-01-07 12:30:00 to 2025-01-09 12:30:00,-14.562569455623851,964
966,MORPHOUSDT,10,2025-01-08 14:30:00 to 2025-01-10 14:30:00,0.369293031842717,965
967,1000XECUSDT,400,2025-01-11 03:30:00 to 2025-01-13 03:30:00,-0.4589803669653157,966
968,ENAUSDT,91,2025-01-12 12:30:00 to 2025-01-14 12:30:00,1.090533203881696,967
969,PHBUSDT,229,2025-01-15 14:30:00 to 2025-01-17 14:30:00,0.0,968
971,GMTUSDT,343,2025-01-19 04:00:00 to 2025-01-21 04:00:00,-12.79672572391926,970
973,ICPUSDT,279,2025-01-23 02:30:00 to 2025-01-25 02:30:00,1.0089467455621342,972
975,ZETAUSDT,116,2025-01-27 08:30:00 to 2025-01-29 08:30:00,4.836225918136897,974
977,TRUUSDT,228,2025-01-31 12:00:00 to 2025-02-02 12:00:00,-1.820656554539528,976
978,ZENUSDT,506,2025-02-01 07:00:00 to 2025-02-03 07:00:00,-25.74766294882285,977
979,BNBUSDT,603,2025-02-04 08:00:00 to 2025-02-06 08:00:00,0.0,978
981,PHBUSDT,237,2025-02-08 14:30:00 to 2025-02-10 14:30:00,2.3895594022415936,980
982,SFPUSDT,478,2025-02-09 07:00:00 to 2025-02-11 07:00:00,0.6718332855725748,981
983,AGLDUSDT,184,2025-02-12 02:30:00 to 2025-02-14 02:30:00,0.0,982
985,MANAUSDT,474,2025-02-16 07:00:00 to 2025-02-18 07:00:00,0.3667424630990353,984
987,PIPPINUSDT,5,2025-02-20 10:15:00 to 2025-02-22 10:15:00,10.099651450790716,986
989,KDAUSDT,49,2025-02-24 13:30:00 to 2025-02-26 13:30:00,-6.773063826053767,988
991,SNXUSDT,549,2025-02-28 07:00:00 to 2025-03-02 07:00:00,3.938667396306428,990
993,PONKEUSDT,36,2025-03-04 12:30:00 to 2025-03-06 12:30:00,0.092660765673354,992
