datetime,equity,volume,symbol,normalized_period
2020-01-17 17:45:00,10000.0,,BTCUSDT,58
2020-01-26 08:00:00,10000.0,,LTCUSDT,62
2020-01-28 21:30:00,10118.582941176472,471097.6099999999,LTCUSDT,62
2020-01-29 08:00:00,10118.582941176473,,LTCUSDT,63
2020-01-30 04:30:00,10213.44962242568,519295.66200000007,LTCUSDT,63
2020-01-31 14:15:00,10324.88201455438,1646219.154,LTCUSDT,63
2020-02-01 17:45:00,10324.88201455438,,BTCUSDT,65
2020-02-10 08:45:00,10324.88201455438,,BCHUSDT,69
2020-02-13 17:45:00,10324.88201455438,,BTCUSDT,71
2020-02-19 08:45:00,10324.88201455438,,BCHUSDT,74
2020-02-20 14:00:00,10285.310327534135,363445.364,BCHUSDT,74
2020-02-22 08:00:00,10285.310327534135,,LTCUSDT,75
2020-02-23 08:00:00,10285.310327534135,,XMRUSDT,76
2020-02-25 17:45:00,10285.310327534135,,BTCUSDT,77
2020-02-27 12:15:00,10121.539148842223,183351.428,BTCUSDT,77
2020-03-01 12:00:00,10121.539148842223,,ATOMUSDT,79
2020-03-03 08:45:00,10126.700882237148,2814131.2600000007,ATOMUSDT,79
2020-03-03 19:15:00,10208.25196265656,3067101.930000001,ATOMUSDT,79
2020-03-05 08:00:00,10208.25196265656,,ONTUSDT,81
2020-03-08 17:45:00,10208.25196265656,,BTCUSDT,83
2020-03-10 10:15:00,10211.191887623176,259979.69700000007,BTCUSDT,83
2020-03-13 08:00:00,10211.191887623178,,BNBUSDT,85
2020-03-17 08:45:00,10211.191887623178,,BCHUSDT,87
2020-03-18 08:00:00,10211.191887623178,,ETCUSDT,88
2020-03-20 21:45:00,10381.964618768623,8238232.639999998,ETCUSDT,88
2020-03-21 08:00:00,10381.964618768621,,XMRUSDT,89
2020-03-22 08:00:00,10381.964618768621,,XLMUSDT,90
2020-03-25 12:00:00,10381.964618768621,,ATOMUSDT,91
2020-03-26 08:45:00,10381.964618768621,,BCHUSDT,92
2020-03-28 15:15:00,10342.216332974993,276617.6429999999,BCHUSDT,92
2020-03-29 08:00:00,10342.216332974995,,ONTUSDT,93
2020-03-30 08:00:00,10342.216332974995,,ADAUSDT,94
2020-04-02 08:00:00,10342.216332974995,,XMRUSDT,95
2020-04-06 12:00:00,10342.216332974995,,ATOMUSDT,97
2020-04-07 21:45:00,10464.986252189048,3292743.059999999,ATOMUSDT,97
2020-04-08 02:45:00,10577.51633890725,3039960.7199999997,ATOMUSDT,97
2020-04-08 17:00:00,10671.248124096333,3372831.48,ATOMUSDT,97
2020-04-10 08:00:00,10671.248124096333,,ONTUSDT,99
2020-04-13 07:00:00,10541.360197799117,4528921.600000001,ONTUSDT,99
2020-04-14 08:00:00,10541.360197799117,,ADAUSDT,101
2020-04-16 07:15:00,10812.534651253442,109529822.0,ADAUSDT,101
2020-04-18 08:00:00,10812.534651253443,,XLMUSDT,103
2020-04-22 08:45:00,10812.534651253443,,BCHUSDT,105
2020-04-23 08:00:00,10812.534651253443,,ETCUSDT,106
2020-04-26 08:00:00,10812.534651253443,,ETCUSDT,107
2020-04-27 12:00:00,10812.534651253443,,ATOMUSDT,108
2020-04-30 08:00:00,10812.534651253443,,XLMUSDT,109
2020-05-01 05:00:00,11008.794741192865,451731816.0,XLMUSDT,109
2020-05-04 08:00:00,11008.794741192864,,LTCUSDT,111
2020-05-06 03:45:00,11102.774149256888,972930.4150000004,LTCUSDT,111
2020-05-08 08:00:00,11102.774149256886,,ETCUSDT,113
2020-05-09 12:00:00,11102.774149256886,,ATOMUSDT,114
2020-05-12 08:00:00,10961.126470142031,,XLMUSDT,115
2020-05-12 11:00:00,10961.126470142031,2489765.53,ATOMUSDT,114
2020-05-13 08:00:00,10961.126470142031,,ONTUSDT,116
2020-05-16 08:45:00,10961.126470142031,,NEOUSDT,117
2020-05-19 06:15:00,11038.485885456017,550947.96,NEOUSDT,117
2020-05-20 08:00:00,11038.485885456017,,ETCUSDT,119
2020-05-21 22:30:00,11063.879762065262,3464884.2099999995,ETCUSDT,119
2020-05-24 08:00:00,11063.879762065262,,BNBUSDT,121
2020-05-25 08:00:00,11063.879762065262,,ONTUSDT,122
2020-05-28 08:00:00,11063.879762065262,,ONTUSDT,123
2020-06-01 08:00:00,11063.879762065262,,XMRUSDT,125
2020-06-02 08:00:00,11063.879762065262,,XLMUSDT,126
2020-06-04 12:45:00,11213.990492335392,403022432.0,XLMUSDT,126
2020-06-05 08:00:00,11213.99049233539,,BNBUSDT,127
2020-06-08 01:45:00,11285.84792124227,721234.7,BNBUSDT,127
2020-06-09 08:45:00,11285.84792124227,,BCHUSDT,129
2020-06-10 08:00:00,11285.84792124227,,ETCUSDT,130
2020-06-13 08:00:00,11285.84792124227,,XMRUSDT,131
2020-06-15 19:00:00,11500.622801578496,53497.772,XMRUSDT,131
2020-06-17 08:00:00,11500.622801578496,,BNBUSDT,133
2020-06-21 08:45:00,11500.622801578496,,BCHUSDT,135
2020-06-25 08:00:00,11500.622801578496,,ETCUSDT,137
2020-06-29 08:00:00,11500.622801578496,,XLMUSDT,139
2020-06-30 08:45:00,11500.622801578496,,NEOUSDT,140
2020-07-03 09:00:00,11500.622801578496,,ALGOUSDT,141
2020-07-04 08:00:00,11500.622801578496,,XMRUSDT,142
2020-07-06 00:00:00,11624.701759698217,153360.20399999994,XMRUSDT,142
2020-07-07 08:00:00,11624.701759698217,,ETCUSDT,143
2020-07-11 08:00:00,11624.701759698217,,BNBUSDT,145
2020-07-13 08:00:00,11725.625814718067,3558005.09,BNBUSDT,145
2020-07-14 01:15:00,11887.859720096962,3494543.959999999,BNBUSDT,145
2020-07-15 09:00:00,11887.859720096963,,ALGOUSDT,147
2020-07-16 15:30:00,12137.368308465591,119437487.90000002,ALGOUSDT,147
2020-07-19 08:00:00,12137.36830846559,,XMRUSDT,149
2020-07-20 08:00:00,12137.36830846559,,XLMUSDT,150
2020-07-22 14:15:00,12216.332365777434,534753355.0,XLMUSDT,150
2020-07-23 08:00:00,12216.332365777434,,XLMUSDT,151
2020-07-24 09:00:00,12207.42282149746,,ALGOUSDT,152
2020-07-24 14:15:00,12207.42282149746,445361813.0,XLMUSDT,151
2020-07-26 02:45:00,12375.480088426672,49426794.99999999,ALGOUSDT,152
2020-07-26 23:30:00,12741.119063126225,51827734.7,ALGOUSDT,152
2020-07-27 08:00:00,12741.119063126225,,QTUMUSDT,153
2020-07-28 16:00:00,12913.967079186728,5780084.100000001,QTUMUSDT,153
2020-07-31 08:00:00,12913.967079186728,,ETCUSDT,155
2020-08-02 21:30:00,13188.13009069378,13336449.15,ETCUSDT,155
2020-08-04 08:00:00,13188.13009069378,,XLMUSDT,157
2020-08-05 08:00:00,13188.13009069378,,ONTUSDT,158
2020-08-08 08:00:00,13188.13009069378,,QTUMUSDT,159
2020-08-09 08:00:00,13188.13009069378,,ADAUSDT,160
2020-08-10 14:00:00,13334.50250894437,481196429.0,ADAUSDT,160
2020-08-12 08:00:00,13334.50250894437,,XMRUSDT,161
2020-08-13 11:30:00,13523.730364206309,143256.15299999996,XMRUSDT,161
2020-08-13 12:00:00,13523.730364206307,,ATOMUSDT,162
2020-08-14 22:15:00,13567.144174115427,15244087.049999991,ATOMUSDT,162
2020-08-15 04:30:00,13665.664788753833,12422792.56,ATOMUSDT,162
2020-08-16 09:00:00,13665.664788753833,,COMPUSDT,163
2020-08-17 07:00:00,14161.61886775849,,KAVAUSDT,164
2020-08-18 07:00:00,14633.221909959395,20092803.6,KAVAUSDT,164
2020-08-18 16:30:00,14641.157961769648,18905513.9,KAVAUSDT,164
2020-08-19 00:30:00,13531.012370400693,208845.12699999992,COMPUSDT,163
2020-08-19 00:30:00,14776.339475906803,18874899.000000007,KAVAUSDT,164
2020-08-19 07:45:00,15210.618222435985,19298608.700000003,KAVAUSDT,164
2020-08-19 08:30:00,14161.61886775849,329008.30899999995,COMPUSDT,163
2020-08-19 22:15:00,15402.714018714323,20160855.9,KAVAUSDT,164
2020-08-20 08:00:00,15402.714018714323,,QTUMUSDT,165
2020-08-22 22:45:00,16200.024924150215,35670238.599999994,QTUMUSDT,165
2020-08-23 17:45:00,16200.024924150215,,BTCUSDT,167
2020-08-25 12:00:00,16269.412853184,,ATOMUSDT,168
2020-08-26 09:45:00,16454.3621015299,17790665.619999997,ATOMUSDT,168
2020-08-26 14:15:00,16269.412853184,170350.339,BTCUSDT,167
2020-08-27 02:30:00,16480.405426729292,10964425.95,ATOMUSDT,168
2020-08-27 10:15:00,16641.604750016133,9348456.749999998,ATOMUSDT,168
2020-08-27 13:30:00,16817.082294086158,9020546.72,ATOMUSDT,168
2020-08-27 21:00:00,17160.84680457826,8916118.190000003,ATOMUSDT,168
2020-08-28 09:00:00,17160.84680457826,,SXPUSDT,169
2020-08-29 09:00:00,17539.278274502718,,ALGOUSDT,170
2020-08-30 01:30:00,17442.06369229915,40880848.000000015,SXPUSDT,169
2020-08-30 12:45:00,17622.68572060255,39115551.3,ALGOUSDT,170
2020-08-31 00:30:00,17794.90555689235,40266954.00000001,ALGOUSDT,170
2020-08-31 03:30:00,17539.278274502718,31206766.700000014,SXPUSDT,169
2020-09-01 01:30:00,17924.282289156392,32626971.89999998,ALGOUSDT,170
2020-09-01 08:45:00,17924.282289156392,,NEOUSDT,171
2020-09-02 09:15:00,18121.43288433108,1807087.3799999997,NEOUSDT,171
2020-09-04 17:45:00,18121.43288433108,,BTCUSDT,173
2020-09-05 13:45:00,18246.697216767614,378481.507,BTCUSDT,173
2020-09-05 23:45:00,18446.948023436555,374336.40499999985,BTCUSDT,173
2020-09-06 12:00:00,18446.948023436555,,ATOMUSDT,174
2020-09-07 07:30:00,18714.27376364277,5042482.77,ATOMUSDT,174
2020-09-07 13:45:00,18923.995735230936,4724134.53,ATOMUSDT,174
2020-09-08 14:15:00,19198.551442230782,4647440.040000001,ATOMUSDT,174
2020-09-09 08:00:00,19198.551442230782,,BNBUSDT,175
2020-09-10 08:00:00,19366.161147051283,,ONTUSDT,176
2020-09-11 00:00:00,19252.306487150276,3202619.4499999993,BNBUSDT,175
2020-09-11 05:15:00,19589.03296573762,24780312.20000001,ONTUSDT,176
2020-09-11 07:00:00,19366.161147051283,3297143.3099999996,BNBUSDT,175
2020-09-12 03:45:00,19729.40980216668,47158558.50000001,ONTUSDT,176
2020-09-12 15:30:00,19844.467907970204,40891284.099999994,ONTUSDT,176
2020-09-13 08:45:00,19844.467907970204,,NEOUSDT,177
2020-09-15 16:45:00,19878.518193734133,1928988.83,NEOUSDT,177
2020-09-16 02:30:00,19912.28360734186,1778726.14,NEOUSDT,177
2020-09-17 08:00:00,19912.28360734186,,ETCUSDT,179
2020-09-21 08:00:00,19912.28360734186,,XLMUSDT,181
2020-09-22 04:15:00,20070.819275693346,164009301.0,XLMUSDT,181
2020-09-24 06:15:00,20314.811851204617,107228354.0,XLMUSDT,181
2020-09-25 08:45:00,20314.811851204617,,NEOUSDT,183
2020-09-26 07:00:00,20637.615608470995,,DEFIUSDT,184
2020-09-27 01:45:00,20637.615608470995,1873053.04,NEOUSDT,183
2020-09-29 08:00:00,20637.615608470995,,XMRUSDT,185
2020-10-03 07:00:00,20637.615608470995,,SNXUSDT,187
2020-10-04 08:45:00,20637.615608470995,,NEOUSDT,188
2020-10-06 15:30:00,20840.84274442047,1004300.6,NEOUSDT,188
2020-10-07 07:00:00,20877.868187965494,1467802.7399999993,NEOUSDT,188
2020-10-07 08:45:00,20877.868187965494,,NEOUSDT,189
2020-10-08 08:00:00,20877.868187965494,,XMRUSDT,190
2020-10-11 07:00:00,20877.868187965494,,UNIUSDT,191
2020-10-15 07:00:00,20877.868187965494,,SNXUSDT,193
2020-10-16 05:30:00,22120.815429789734,1963319.6999999995,SNXUSDT,193
2020-10-17 02:45:00,22115.716093759904,2416256.7000000007,SNXUSDT,193
2020-10-19 08:45:00,22115.716093759904,,BCHUSDT,195
2020-10-21 03:15:00,22752.756893446156,336651.26600000006,BCHUSDT,195
2020-10-23 07:00:00,22752.756893446156,,YFIUSDT,197
2020-10-27 07:00:00,22752.756893446156,,SUSHIUSDT,199
2020-10-28 08:00:00,22352.565903078157,,LTCUSDT,200
2020-10-28 16:15:00,21968.80733746966,53012493.0,SUSHIUSDT,199
2020-10-29 13:30:00,22203.2513647229,43481341.0,SUSHIUSDT,199
2020-10-30 00:45:00,22352.565903078157,43934165.0,SUSHIUSDT,199
2020-10-31 00:45:00,22145.744818252268,2870917.6870000013,LTCUSDT,200
2020-10-31 07:00:00,22145.744818252268,,KAVAUSDT,201
2020-11-01 08:00:00,22210.551597838312,,ADAUSDT,202
2020-11-02 21:00:00,22210.551597838312,14231444.099999996,KAVAUSDT,201
2020-11-03 15:00:00,22781.96216092604,437769836.0,ADAUSDT,202
2020-11-04 07:00:00,22781.962160926043,,MKRUSDT,203
2020-11-08 07:00:00,22781.962160926043,,LRCUSDT,205
2020-11-09 11:45:00,23125.74467031994,28202194.0,LRCUSDT,205
2020-11-09 20:45:00,23335.317563455996,29911421.0,LRCUSDT,205
2020-11-12 07:00:00,23335.317563455996,,AVAXUSDT,207
2020-11-14 13:30:00,23402.253158217845,6157928.0,AVAXUSDT,207
2020-11-16 07:00:00,23402.253158217845,,YFIUSDT,209
2020-11-17 12:00:00,23402.253158217845,,ATOMUSDT,210
2020-11-19 13:15:00,23644.96309003604,4489620.9399999995,ATOMUSDT,210
2020-11-20 07:00:00,23644.96309003604,,SNXUSDT,211
2020-11-21 06:15:00,23859.739238406302,5724734.6,SNXUSDT,211
2020-11-21 12:45:00,24050.273115571505,4534597.1,SNXUSDT,211
2020-11-21 23:45:00,24189.200065859906,3942809.8,SNXUSDT,211
2020-11-22 04:00:00,24595.200109580444,4041304.500000001,SNXUSDT,211
2020-11-22 09:15:00,24766.953965583878,4300253.999999999,SNXUSDT,211
2020-11-22 13:00:00,25037.043759164488,4701192.499999999,SNXUSDT,211
2020-11-23 01:45:00,25074.684712593622,4553527.399999999,SNXUSDT,211
2020-11-24 08:00:00,25074.68471259362,,ONTUSDT,213
2020-11-25 07:00:00,25484.574350101586,,DEFIUSDT,214
2020-11-25 08:45:00,25484.574350101586,50011419.30000003,ONTUSDT,213
2020-11-26 12:30:00,23186.293908726293,35741.67400000001,DEFIUSDT,214
2020-11-26 15:15:00,23974.749349434867,62262.855,DEFIUSDT,214
2020-11-26 20:00:00,24154.200691921393,62877.427,DEFIUSDT,214
2020-11-27 18:15:00,24396.411116222615,48880.72199999998,DEFIUSDT,214
2020-11-28 08:00:00,24396.411116222615,,ETCUSDT,215
2020-11-29 08:00:00,24396.411116222615,,XLMUSDT,216
2020-12-01 14:45:00,26257.423281497893,1271147115.0,XLMUSDT,216
2020-12-02 08:00:00,26257.423281497893,,XLMUSDT,217
2020-12-04 19:00:00,26264.277583804556,514825510.0,XLMUSDT,217
2020-12-06 08:45:00,26264.27758380456,,NEOUSDT,219
2020-12-09 03:45:00,26328.17562636375,637871.3199999998,NEOUSDT,219
2020-12-10 07:00:00,26328.17562636375,,ALPHAUSDT,221
2020-12-11 13:00:00,26246.07875466676,18636830.0,ALPHAUSDT,221
2020-12-12 01:00:00,26403.59628108648,35222436.0,ALPHAUSDT,221
2020-12-14 08:00:00,26403.59628108648,,XLMUSDT,223
2020-12-16 07:15:00,26622.03014617132,420433194.0,XLMUSDT,223
2020-12-18 09:00:00,26622.030146171324,,ALGOUSDT,225
2020-12-19 17:30:00,26978.309412140563,130387235.40000004,ALGOUSDT,225
2020-12-20 08:00:00,26588.062518466824,89426450.30000004,ALGOUSDT,225
2020-12-20 15:15:00,26999.838572960667,61458983.20000002,ALGOUSDT,225
2020-12-21 01:15:00,27434.96740358807,53145105.09999998,ALGOUSDT,225
2020-12-22 08:00:00,27434.96740358807,,ADAUSDT,227
2020-12-24 10:00:00,27236.268115596085,479459790.0,ADAUSDT,227
2020-12-26 08:00:00,27236.26811559609,,XLMUSDT,229
2020-12-30 09:00:00,27236.26811559609,,DOGEUSDT,231
2020-12-31 07:00:00,27236.26811559609,,DEFIUSDT,232
2021-01-02 04:00:00,27502.610366387526,15322.218999999996,DEFIUSDT,232
2021-01-03 08:00:00,27502.610366387526,,ADAUSDT,233
2021-01-04 14:45:00,28160.198709459444,2154608425.0,ADAUSDT,233
2021-01-05 07:00:00,29017.950799508308,1948877026.0,ADAUSDT,233
2021-01-07 07:00:00,29017.950799508308,,RSRUSDT,235
2021-01-08 07:45:00,29446.838820720517,1223193181.0,RSRUSDT,235
2021-01-08 23:00:00,30545.1540383926,1606968544.0,RSRUSDT,235
2021-01-09 03:30:00,31525.51260704378,1828304310.0,RSRUSDT,235
2021-01-09 07:45:00,32321.09043266341,1636936049.0,RSRUSDT,235
2021-01-11 07:00:00,32321.09043266341,,GRTUSDT,237
2021-01-12 08:00:00,33219.61609046928,,XMRUSDT,238
2021-01-12 16:15:00,32653.23885170622,137023222.0,GRTUSDT,237
2021-01-13 03:15:00,33219.61609046928,77346552.0,GRTUSDT,237
2021-01-13 09:15:00,34827.37507221922,375386.9920000002,XMRUSDT,238
2021-01-15 08:00:00,34827.37507221922,,XMRUSDT,239
2021-01-16 07:00:00,35019.24951227776,,SNXUSDT,240
2021-01-17 02:30:00,36963.47058906835,4426293.3,SNXUSDT,240
2021-01-17 11:45:00,36621.03047855068,4224996.200000001,SNXUSDT,240
2021-01-17 15:15:00,37052.016693977646,3319460.2,SNXUSDT,240
2021-01-17 19:30:00,35019.24951227776,199505.0280000001,XMRUSDT,239
2021-01-18 09:15:00,37866.80924174664,2372111.8000000003,SNXUSDT,240
2021-01-18 12:15:00,38271.098483690446,1891935.4000000004,SNXUSDT,240
2021-01-19 07:00:00,38271.098483690446,,SNXUSDT,241
2021-01-20 17:00:00,37200.91601120498,2745051.5,SNXUSDT,241
2021-01-22 02:15:00,33849.52042978266,2228541.699999999,SNXUSDT,241
2021-01-23 07:00:00,33849.52042978266,,GRTUSDT,243
2021-01-24 07:00:00,33849.52042978266,,ALPHAUSDT,244
2021-01-25 12:30:00,34663.46515463268,53889841.0,ALPHAUSDT,244
2021-01-26 00:45:00,34785.092437408035,50409845.0,ALPHAUSDT,244
2021-01-27 05:00:00,35263.55595904737,165126110.0,ALPHAUSDT,244
2021-01-27 07:00:00,35263.55595904737,,ALPHAUSDT,245
2021-01-28 21:30:00,35814.56938499017,80001510.0,ALPHAUSDT,245
2021-01-29 10:15:00,35009.49669626481,74339372.0,ALPHAUSDT,245
2021-01-29 11:15:00,35700.960656818155,74655925.0,ALPHAUSDT,245
2021-01-31 07:00:00,35700.960656818155,,ZENUSDT,247
2021-02-01 07:00:00,35812.12794860527,,GRTUSDT,248
2021-02-01 15:15:00,35820.06944021046,446927.49999999994,ZENUSDT,247
2021-02-02 06:30:00,36659.38209540859,227982110.0,GRTUSDT,248
2021-02-02 08:45:00,37303.34047908682,171824896.0,GRTUSDT,248
2021-02-02 08:45:00,35812.12794860527,335383.60000000003,ZENUSDT,247
2021-02-02 17:45:00,37769.163233471954,154762698.0,GRTUSDT,248
2021-02-03 06:00:00,38396.05459819026,152888170.0,GRTUSDT,248
2021-02-04 03:30:00,39046.68317388351,150117437.0,GRTUSDT,248
2021-02-04 07:00:00,39046.68317388351,,GRTUSDT,249
2021-02-05 20:00:00,39986.85383004416,191180200.0,GRTUSDT,249
2021-02-06 08:30:00,38870.384905664294,183441428.0,GRTUSDT,249
2021-02-06 15:00:00,39650.987241372844,169436173.0,GRTUSDT,249
2021-02-06 17:00:00,40101.54007566344,161154270.0,GRTUSDT,249
2021-02-08 07:00:00,40101.54007566344,,UNIUSDT,251
2021-02-10 16:30:00,41151.385812733,17138203.0,UNIUSDT,251
2021-02-12 07:00:00,41151.385812733,,BALUSDT,253
2021-02-13 15:00:00,39742.706115133944,766130.5000000005,BALUSDT,253
2021-02-13 22:00:00,40263.736840686244,645284.0000000002,BALUSDT,253
2021-02-14 20:45:00,39185.08273482404,684582.2000000003,BALUSDT,253
2021-02-15 06:15:00,38255.91086849347,485108.50000000006,BALUSDT,253
2021-02-16 08:45:00,38255.91086849347,,BCHUSDT,255
2021-02-17 07:45:00,38641.73963253281,1071287.8880000005,BCHUSDT,255
2021-02-18 13:45:00,39091.8391694296,749833.2869999998,BCHUSDT,255
2021-02-19 06:45:00,39524.36140317413,625058.2069999999,BCHUSDT,255
2021-02-20 07:00:00,39524.36140317413,,UNIUSDT,257
2021-02-21 05:00:00,40005.578954513054,47781796.0,UNIUSDT,257
2021-02-21 08:15:00,41113.72497287241,46381661.0,UNIUSDT,257
2021-02-21 15:45:00,41437.72875090726,43950222.0,UNIUSDT,257
2021-02-21 18:30:00,41735.2877616407,37699124.0,UNIUSDT,257
2021-02-21 23:00:00,41648.654260819974,32783282.0,UNIUSDT,257
2021-02-22 01:30:00,42083.40582505264,27569064.0,UNIUSDT,257
2021-02-22 05:15:00,42281.42153695002,25798171.0,UNIUSDT,257
2021-02-22 10:45:00,42416.939692734355,24067070.0,UNIUSDT,257
2021-02-22 14:45:00,42391.40790593935,22961834.0,UNIUSDT,257
2021-02-22 18:45:00,43030.17313542779,26082757.0,UNIUSDT,257
2021-02-23 04:15:00,41979.26344483558,25266392.0,UNIUSDT,257
2021-02-23 06:15:00,43857.495704357985,25985594.0,UNIUSDT,257
2021-02-24 09:00:00,43857.495704357985,,COMPUSDT,259
2021-02-25 07:00:00,43645.816312923074,,GRTUSDT,260
2021-02-26 02:15:00,44426.18965844749,68425352.0,GRTUSDT,260
2021-02-26 03:30:00,42200.05647614771,80362.04599999999,COMPUSDT,259
2021-02-26 08:15:00,44556.75953500502,74748389.0,GRTUSDT,260
2021-02-26 09:15:00,43056.63930478609,96266.959,COMPUSDT,259
2021-02-26 21:30:00,44871.574575016486,82703173.0,GRTUSDT,260
2021-02-27 00:15:00,43645.816312923074,119322.34999999998,COMPUSDT,259
2021-02-28 04:45:00,45324.963226096406,37632038.0,GRTUSDT,260
2021-02-28 08:45:00,45324.963226096406,,NEOUSDT,261
2021-03-01 07:30:00,45209.808610454034,,SKLUSDT,262
2021-03-01 19:00:00,45616.27702318388,1543304.6800000004,NEOUSDT,261
2021-03-02 19:45:00,45209.808610454034,1221611.4100000004,NEOUSDT,261
2021-03-04 08:00:00,45209.808610454034,,ADAUSDT,263
2021-03-05 03:45:00,45194.10402897192,1108560359.0,ADAUSDT,263
2021-03-08 08:00:00,45194.10402897192,,XLMUSDT,265
2021-03-09 07:00:00,45194.10402897192,,EGLDUSDT,266
2021-03-11 16:15:00,46736.6958246727,685692.3000000002,EGLDUSDT,266
2021-03-12 10:00:00,46736.6958246727,,1INCHUSDT,267
2021-03-13 05:00:00,47165.62976192726,27232722.0,1INCHUSDT,267
2021-03-14 21:15:00,47298.86710232444,23767124.0,1INCHUSDT,267
2021-03-15 00:30:00,48000.5155734922,22093535.0,1INCHUSDT,267
2021-03-17 07:00:00,49174.06998212952,,LRCUSDT,270
2021-03-19 07:00:00,48000.5155734922,,DEFIUSDT,269
2021-03-20 02:30:00,50068.207907631906,43338208.0,LRCUSDT,270
2021-03-20 09:00:00,50068.207907631906,,SXPUSDT,271
2021-03-21 07:00:00,50611.7953062997,88131981.19999996,SXPUSDT,271
2021-03-21 07:00:00,47100.729158690454,,AVAXUSDT,272
2021-03-21 15:15:00,48667.08042267283,3862.175000000001,DEFIUSDT,269
2021-03-22 03:15:00,49174.06998212952,4167.953000000001,DEFIUSDT,269
2021-03-22 03:30:00,47166.458824661524,7035953.0,AVAXUSDT,272
2021-03-22 03:30:00,51367.29791736211,79642622.39999999,SXPUSDT,271
2021-03-22 17:45:00,47343.815070829856,6080167.0,AVAXUSDT,272
2021-03-23 01:15:00,46256.741135089964,6013878.0,AVAXUSDT,272
2021-03-23 07:45:00,47715.18910642839,7409047.0,AVAXUSDT,272
2021-03-23 08:15:00,47100.72915869046,67096858.5,SXPUSDT,271
2021-03-24 02:45:00,46547.577713925246,7849516.0,AVAXUSDT,272
2021-03-24 08:00:00,46547.57771392525,,QTUMUSDT,273
2021-03-25 07:00:00,49120.450399476395,25437982.399999995,QTUMUSDT,273
2021-03-25 10:00:00,49860.94576362517,29388595.700000003,QTUMUSDT,273
2021-03-28 07:30:00,49860.94576362516,,SKLUSDT,275
2021-04-01 09:00:00,49860.94576362516,,SXPUSDT,277
2021-04-02 03:00:00,50590.12164713644,,ALICEUSDT,278
2021-04-03 19:00:00,50240.94759344574,44519022.7,SXPUSDT,277
2021-04-03 23:30:00,50356.692531385816,48895927.79999999,SXPUSDT,277
2021-04-04 01:30:00,50590.12164713644,53364320.79999998,SXPUSDT,277
2021-04-04 01:45:00,48934.45779087263,1913881.7999999996,ALICEUSDT,278
2021-04-05 08:45:00,48934.45779087263,,NEOUSDT,279
2021-04-07 13:15:00,51522.95983475473,3301357.55,NEOUSDT,279
2021-04-07 22:15:00,52171.85893775344,3758877.180000001,NEOUSDT,279
2021-04-08 05:00:00,52877.32649179131,3572916.7100000023,NEOUSDT,279
2021-04-09 07:00:00,52877.32649179131,,AXSUSDT,281
2021-04-10 06:45:00,53444.240204878726,12997272.0,AXSUSDT,281
2021-04-10 23:45:00,53437.8547564677,8781058.0,AXSUSDT,281
2021-04-11 11:30:00,53918.6457502787,7280796.0,AXSUSDT,281
2021-04-13 07:00:00,53918.645750278694,,MANAUSDT,283
2021-04-14 22:45:00,56012.24906552314,37706463.0,MANAUSDT,283
2021-04-17 08:00:00,56012.24906552314,,QTUMUSDT,285
2021-04-18 21:00:00,53786.16191020568,6400739.999999999,QTUMUSDT,285
2021-04-21 07:00:00,53786.16191020569,,YFIUSDT,287
2021-04-25 09:00:00,53786.16191020569,,COMPUSDT,289
2021-04-29 08:00:00,53786.16191020569,,LTCUSDT,291
2021-05-03 08:00:00,53786.16191020569,,XMRUSDT,293
2021-05-05 02:30:00,55678.02618025711,254872.593,XMRUSDT,293
2021-05-10 07:00:00,55678.02618025711,,ANKRUSDT,295
2021-05-11 01:45:00,56345.05019688435,344449637.0,ANKRUSDT,295
2021-05-11 04:30:00,56929.889991305616,347500971.0,ANKRUSDT,295
2021-05-11 07:00:00,58582.69432905297,,COTIUSDT,297
2021-05-12 14:00:00,57332.19523759105,199818520.0,ANKRUSDT,295
2021-05-12 21:30:00,57753.189212289035,230561278.0,ANKRUSDT,295
2021-05-12 21:45:00,61770.29669313278,141259839.0,COTIUSDT,297
2021-05-12 23:00:00,58530.29764787847,264171241.0,ANKRUSDT,295
2021-05-13 01:15:00,58582.69432905297,278593065.0,ANKRUSDT,295
2021-05-13 14:15:00,61614.2571082402,161391957.0,COTIUSDT,297
2021-05-13 16:30:00,62453.55498004394,151932630.0,COTIUSDT,297
2021-05-13 21:15:00,65214.25301919683,146723344.0,COTIUSDT,297
2021-05-15 07:30:00,65214.253019196825,,SKLUSDT,299
2021-05-18 04:45:00,66974.07675941284,150818535.0,SKLUSDT,299
2021-05-19 09:00:00,66974.07675941284,,SXPUSDT,301
2021-05-20 02:15:00,69908.5618753687,218386368.1,SXPUSDT,301
2021-05-23 07:00:00,69908.5618753687,,NKNUSDT,303
2021-05-27 08:00:00,69908.5618753687,,ETCUSDT,305
2021-05-28 07:00:00,67509.58577872074,,HOTUSDT,306
2021-05-28 12:15:00,67509.58577872074,14541470.13,ETCUSDT,305
2021-05-29 12:00:00,67983.70251991705,5959395046.0,HOTUSDT,306
2021-05-29 22:00:00,69236.26614289613,5555369375.0,HOTUSDT,306
2021-05-30 01:00:00,69702.55958680286,5695247512.0,HOTUSDT,306
2021-05-30 17:30:00,70600.01562680409,5575632778.0,HOTUSDT,306
2021-05-31 06:45:00,71487.35319266502,4107258878.0,HOTUSDT,306
2021-05-31 07:00:00,71487.35319266502,,SNXUSDT,307
2021-06-01 03:00:00,71487.35319266502,,ALICEUSDT,308
2021-06-02 09:00:00,73866.38340486419,8177668.499999999,ALICEUSDT,308
2021-06-02 13:30:00,75736.36707791015,7148211.600000002,ALICEUSDT,308
2021-06-03 03:15:00,76691.31794294158,6667056.200000003,ALICEUSDT,308
2021-06-04 10:00:00,76691.31794294158,,1INCHUSDT,309
2021-06-08 07:30:00,76691.31794294158,,SKLUSDT,311
2021-06-09 05:00:00,76996.85615362626,111148090.0,SKLUSDT,311
2021-06-10 18:15:00,77067.34645148787,124242754.0,SKLUSDT,311
2021-06-11 03:15:00,77992.8618966624,126463211.0,SKLUSDT,311
2021-06-12 09:00:00,77992.8618966624,,SXPUSDT,313
2021-06-16 09:00:00,77992.8618966624,,ALGOUSDT,315
2021-06-17 07:00:00,77992.8618966624,,BAKEUSDT,316
2021-06-20 07:00:00,77992.8618966624,,MKRUSDT,317
2021-06-21 07:00:00,78897.28970742249,,BALUSDT,318
2021-06-22 10:45:00,79449.52676628351,1269876.4000000006,BALUSDT,318
2021-06-22 14:45:00,78506.82040303943,1340477.4,BALUSDT,318
2021-06-22 16:15:00,78897.28970742249,14191.269000000011,MKRUSDT,317
2021-06-23 16:30:00,78773.22641268403,1549493.5000000005,BALUSDT,318
2021-06-24 09:00:00,78773.22641268403,,SXPUSDT,319
2021-06-27 04:00:00,80781.65863134146,61606849.50000001,SXPUSDT,319
2021-06-28 03:00:00,80781.65863134146,,ALICEUSDT,321
2021-06-29 07:00:00,80781.65863134146,,SFPUSDT,322
2021-06-30 06:15:00,80950.41028887322,20036821.0,SFPUSDT,322
2021-06-30 17:45:00,81497.25557053261,15585265.0,SFPUSDT,322
2021-07-01 11:15:00,82111.47230300673,15378475.0,SFPUSDT,322
2021-07-01 23:00:00,82239.82027458205,16539190.0,SFPUSDT,322
2021-07-02 07:00:00,82239.82027458205,,MKRUSDT,323
2021-07-03 07:00:00,82239.82027458205,,SNXUSDT,324
2021-07-06 07:00:00,82239.82027458205,,LRCUSDT,325
2021-07-07 03:00:00,79884.79531308652,,ALICEUSDT,326
2021-07-08 01:15:00,79932.78248922249,26171048.5,ALICEUSDT,326
2021-07-08 10:45:00,80061.44879529232,36599414.500000015,ALICEUSDT,326
2021-07-08 12:30:00,81495.2927698764,40783259.7,ALICEUSDT,326
2021-07-08 12:45:00,78847.73757601944,49840589.0,LRCUSDT,325
2021-07-08 20:15:00,78741.91035198879,47678826.3,ALICEUSDT,326
2021-07-08 23:45:00,79616.68269490852,48296241.0,LRCUSDT,325
2021-07-09 02:45:00,79884.79531308652,47242402.0,LRCUSDT,325
2021-07-09 03:00:00,76297.79994632385,52354931.00000002,ALICEUSDT,326
2021-07-09 09:45:00,77915.35281480607,45541270.9,ALICEUSDT,326
2021-07-10 08:45:00,77915.35281480607,,BCHUSDT,327
2021-07-11 07:00:00,77915.35281480607,,UNIUSDT,328
2021-07-14 07:00:00,77915.35281480607,,BAKEUSDT,329
2021-07-15 14:15:00,79219.87957585065,74376128.0,BAKEUSDT,329
2021-07-18 09:00:00,79219.87957585065,,SXPUSDT,331
2021-07-20 14:15:00,71253.32232983834,23433640.4,SXPUSDT,331
2021-07-21 04:30:00,72877.89578945348,53058040.7,SXPUSDT,331
2021-07-22 08:00:00,72877.89578945348,,ONTUSDT,333
2021-07-23 07:00:00,72877.89578945348,,SFPUSDT,334
2021-07-26 07:00:00,72877.89578945348,,AXSUSDT,335
2021-07-28 00:45:00,76136.42278143941,123463633.0,AXSUSDT,335
2021-07-29 07:00:00,77819.73885373281,48785832.0,AXSUSDT,335
2021-07-30 07:00:00,77819.73885373281,,HOTUSDT,337
2021-07-31 09:00:00,78959.81282021344,,ALGOUSDT,338
2021-08-01 19:45:00,78319.6753523302,4815414097.0,HOTUSDT,337
2021-08-02 03:00:00,78959.81282021344,5763702886.0,HOTUSDT,337
2021-08-03 08:00:00,78959.81282021344,,QTUMUSDT,339
2021-08-04 07:30:00,81310.37514592291,,SKLUSDT,340
2021-08-04 13:45:00,79980.8195035617,8121677.0,QTUMUSDT,339
2021-08-05 05:30:00,83918.76432770031,154608506.0,SKLUSDT,340
2021-08-05 14:00:00,84744.71359368658,159920453.0,SKLUSDT,340
2021-08-05 14:15:00,81310.37514592291,6184631.099999997,QTUMUSDT,339
2021-08-07 07:00:00,84744.71359368658,,ALPHAUSDT,341
2021-08-09 08:45:00,84590.31564214983,265736975.0,ALPHAUSDT,341
2021-08-11 07:00:00,84590.31564214984,,ANKRUSDT,343
2021-08-13 07:45:00,87584.03097254752,804309477.0,ANKRUSDT,343
2021-08-15 08:00:00,87584.03097254752,,QTUMUSDT,345
2021-08-16 16:15:00,88509.97637814561,12703889.399999993,QTUMUSDT,345
2021-08-17 09:00:00,92540.5740420926,12125748.799999995,QTUMUSDT,345
2021-08-18 05:30:00,92017.38852586705,12594440.300000004,QTUMUSDT,345
2021-08-19 07:00:00,92017.38852586703,,SFPUSDT,347
2021-08-20 07:00:00,92017.38852586703,,HOTUSDT,348
2021-08-22 05:00:00,92138.96069170191,6143559809.0,HOTUSDT,348
2021-08-22 23:30:00,93246.79389069724,6903905893.0,HOTUSDT,348
2021-08-23 07:00:00,93246.79389069724,,SUSHIUSDT,349
2021-08-27 07:00:00,93246.79389069724,,CHZUSDT,351
2021-08-28 07:00:00,93246.79389069724,,ALPHAUSDT,352
2021-08-29 05:45:00,94156.46128640177,76546188.0,ALPHAUSDT,352
2021-08-30 07:30:00,94061.07901467805,61022852.0,ALPHAUSDT,352
2021-08-30 14:15:00,98279.82209797244,102135081.0,ALPHAUSDT,352
2021-08-31 02:30:00,101706.12650712774,144730342.0,ALPHAUSDT,352
2021-08-31 07:30:00,101706.12650712774,,SKLUSDT,353
2021-09-01 05:45:00,102282.31989643806,218105949.0,SKLUSDT,353
2021-09-03 07:15:00,102206.44155125742,109820660.0,SKLUSDT,353
2021-09-04 07:00:00,102206.44155125742,,SUSHIUSDT,355
2021-09-05 07:00:00,103146.7582690151,,EGLDUSDT,356
2021-09-07 00:15:00,103958.70940747925,423075.2000000001,EGLDUSDT,356
2021-09-07 05:45:00,103146.7582690151,13904703.0,SUSHIUSDT,355
2021-09-07 16:45:00,96936.76865769469,406136.4999999997,EGLDUSDT,356
2021-09-07 23:15:00,98851.23977061521,607161.6000000002,EGLDUSDT,356
2021-09-08 07:00:00,98851.23977061521,,EGLDUSDT,357
2021-09-12 07:00:00,98851.23977061521,,ALPHAUSDT,359
2021-09-16 07:00:00,98851.23977061521,,LRCUSDT,361
2021-09-17 10:00:00,99532.32682331663,,1INCHUSDT,362
2021-09-17 12:45:00,99532.32682331663,84546584.0,LRCUSDT,361
2021-09-18 23:45:00,99877.36680490918,25492464.0,1INCHUSDT,362
2021-09-19 14:45:00,100765.7692738851,18725150.0,1INCHUSDT,362
2021-09-20 07:00:00,100541.0844737806,19946241.0,1INCHUSDT,362
2021-09-20 09:00:00,100541.0844737806,,ALGOUSDT,363
2021-09-21 07:15:00,108797.36508869329,351252678.09999996,ALGOUSDT,363
2021-09-22 07:45:00,114906.59318001418,266503315.10000008,ALGOUSDT,363
2021-09-23 17:45:00,114906.59318001418,,BTCUSDT,365
2021-09-24 14:15:00,114058.77054638202,392490.8179999999,BTCUSDT,365
2021-09-28 07:00:00,114058.77054638202,,RSRUSDT,367
2021-10-02 07:00:00,114058.77054638202,,EGLDUSDT,369
2021-10-04 14:30:00,116248.7006710018,444707.6999999999,EGLDUSDT,369
2021-10-05 07:00:00,118215.06640537753,498243.70000000007,EGLDUSDT,369
2021-10-06 07:00:00,111895.17913623476,,ALPHAUSDT,371
2021-10-06 11:30:00,111891.45654536628,373976.4,EGLDUSDT,369
2021-10-07 03:45:00,111895.17913623476,534730.7999999998,EGLDUSDT,369
2021-10-10 07:00:00,111895.17913623476,,HOTUSDT,373
2021-10-11 04:00:00,113358.20165115719,5386631841.0,HOTUSDT,373
2021-10-12 14:15:00,112605.24805667893,5348279446.0,HOTUSDT,373
2021-10-14 07:00:00,112605.24805667893,,COTIUSDT,375
2021-10-15 03:30:00,115039.06980826482,,DYDXUSDT,376
2021-10-15 19:45:00,113863.42958289108,242694257.0,COTIUSDT,375
2021-10-16 08:15:00,115039.06980826482,219692358.0,COTIUSDT,375
2021-10-18 07:00:00,115039.06980826482,,UNIUSDT,377
2021-10-19 07:00:00,115039.06980826482,,HOTUSDT,378
2021-10-22 03:15:00,117282.48588723842,10090047756.0,HOTUSDT,378
2021-10-22 07:00:00,117282.48588723842,,SUSHIUSDT,379
2021-10-23 07:00:00,118716.8859032421,,COTIUSDT,380
2021-10-23 08:30:00,117843.63821782987,8689014.0,SUSHIUSDT,379
2021-10-24 23:15:00,119272.34814454423,114081843.0,COTIUSDT,380
2021-10-25 01:30:00,118716.8859032421,8958786.0,SUSHIUSDT,379
2021-10-26 07:00:00,119272.34814454423,,GRTUSDT,381
2021-10-28 03:15:00,109012.28062022281,310818994.0,GRTUSDT,381
2021-10-28 08:30:00,113147.6388490454,284012029.0,GRTUSDT,381
2021-10-28 20:15:00,115422.29332591893,168088311.0,GRTUSDT,381
2021-10-29 01:00:00,116998.45761995554,160881113.0,GRTUSDT,381
2021-10-30 07:00:00,116998.45761995554,,AXSUSDT,383
2021-10-31 05:00:00,119122.25134643595,11875282.0,AXSUSDT,383
2021-10-31 07:00:00,119122.25134643595,,HOTUSDT,384
2021-11-01 14:00:00,120968.37346657112,64326103561.0,HOTUSDT,384
2021-11-03 04:00:00,120968.37346657112,,DENTUSDT,385
2021-11-04 03:45:00,122384.17604278194,19888338866.0,DENTUSDT,385
2021-11-04 08:15:00,124205.52811525177,18321310129.0,DENTUSDT,385
2021-11-04 22:00:00,119950.74972534567,18738448721.0,DENTUSDT,385
2021-11-05 13:45:00,121180.08873743263,12489894901.0,DENTUSDT,385
2021-11-05 17:45:00,121175.98770436259,12648016267.0,DENTUSDT,385
2021-11-05 22:15:00,122116.84338175174,12378232982.0,DENTUSDT,385
2021-11-07 03:00:00,122116.84338175174,,ALICEUSDT,387
2021-11-08 07:00:00,122116.84338175174,,YFIUSDT,388
2021-11-10 11:00:00,123331.90752642088,1029.758,YFIUSDT,388
2021-11-11 07:00:00,123331.90752642088,,SFPUSDT,389
2021-11-12 18:00:00,124321.15901706956,24572976.0,SFPUSDT,389
2021-11-15 12:00:00,124321.15901706956,,ATOMUSDT,391
2021-11-17 12:00:00,118380.45292137521,8005407.480000005,ATOMUSDT,391
2021-11-17 16:45:00,119707.63833609194,9527334.54,ATOMUSDT,391
2021-11-19 07:00:00,119707.63833609194,,EGLDUSDT,393
2021-11-20 09:00:00,121962.53210875909,1087352.3999999994,EGLDUSDT,393
2021-11-23 07:00:00,121962.53210875909,,MKRUSDT,395
2021-11-24 07:00:00,121962.53210875909,,MANAUSDT,396
2021-11-25 04:30:00,122365.49308716392,1058507159.0,MANAUSDT,396
2021-11-25 19:15:00,117439.5812430609,1150944688.0,MANAUSDT,396
2021-11-26 09:30:00,112710.77175476204,797952117.0,MANAUSDT,396
2021-11-26 13:00:00,115162.96747482111,677451314.0,MANAUSDT,396
2021-11-27 00:45:00,116716.46129328122,547004673.0,MANAUSDT,396
2021-11-27 12:00:00,116716.46129328123,,ATOMUSDT,397
2021-11-28 09:00:00,116716.46129328123,,ALGOUSDT,398
2021-12-01 08:00:00,116716.46129328123,,ONTUSDT,399
2021-12-02 07:00:00,117568.36252974748,,UNIUSDT,400
2021-12-02 15:00:00,117568.36252974748,37404859.7,ONTUSDT,399
2021-12-05 07:00:00,117568.36252974748,,ALPHAUSDT,401
2021-12-06 16:00:00,119662.6063249744,62041549.0,ALPHAUSDT,401
2021-12-09 07:00:00,119662.60632497442,,MANAUSDT,403
2021-12-10 19:45:00,119477.39762423388,213589942.0,MANAUSDT,403
2021-12-11 01:45:00,120974.35041825775,201968972.0,MANAUSDT,403
2021-12-13 07:00:00,120974.35041825775,,COTIUSDT,405
2021-12-17 08:00:00,120974.35041825775,,ETCUSDT,407
2021-12-18 07:00:00,120974.35041825775,,SUSHIUSDT,408
2021-12-20 19:15:00,123412.52181069856,17871783.0,SUSHIUSDT,408
2021-12-21 07:00:00,123412.52181069856,,ANKRUSDT,409
2021-12-22 07:00:00,123412.52181069856,,AVAXUSDT,410
2021-12-23 11:15:00,124121.80124131353,7951895.0,AVAXUSDT,410
2021-12-25 05:15:00,123076.75431533242,5911187.0,AVAXUSDT,410
2021-12-25 07:00:00,123076.75431533242,,GRTUSDT,411
2021-12-26 08:30:00,125488.0636181069,62572274.0,GRTUSDT,411
2021-12-29 03:30:00,125488.06361810691,,DYDXUSDT,413
2021-12-30 07:15:00,125806.76891940551,39858538.59999999,DYDXUSDT,413
2021-12-31 04:30:00,126252.66842628425,28350429.100000013,DYDXUSDT,413
2022-01-01 00:45:00,127512.5780325116,24458855.5,DYDXUSDT,413
2022-01-02 03:30:00,127512.5780325116,,1000XECUSDT,415
2022-01-04 14:00:00,129587.07406019699,267000773.0,1000XECUSDT,415
2022-01-06 07:00:00,129587.07406019699,,GRTUSDT,417
2022-01-07 14:45:00,131628.81930822434,113516674.0,GRTUSDT,417
2022-01-09 02:30:00,135828.14020115096,82966955.0,GRTUSDT,417
2022-01-10 04:00:00,135828.14020115096,,PEOPLEUSDT,419
2022-01-11 16:45:00,140693.9219707394,2936472860.0,PEOPLEUSDT,419
2022-01-14 12:00:00,140693.9219707394,,ATOMUSDT,421
2022-01-15 09:00:00,140693.9219707394,,ALGOUSDT,422
2022-01-18 08:45:00,140693.9219707394,,BCHUSDT,423
2022-01-20 06:15:00,141211.73279748452,302805.71400000004,BCHUSDT,423
2022-01-22 03:30:00,141211.73279748452,,DYDXUSDT,425
2022-01-23 07:15:00,140938.15100301412,161046073.2,DYDXUSDT,425
2022-01-24 18:15:00,134868.16167406322,70879707.4,DYDXUSDT,425
2022-01-26 07:00:00,134868.16167406322,,RSRUSDT,427
2022-01-27 05:00:00,134940.9990534961,1469688914.0,RSRUSDT,427
2022-01-27 23:15:00,138147.06961182575,1437032321.0,RSRUSDT,427
2022-01-28 14:30:00,139435.93260108575,1664547694.0,RSRUSDT,427
2022-01-30 08:45:00,139435.93260108575,,BCHUSDT,429
2022-02-03 08:00:00,139435.93260108575,,ETCUSDT,431
2022-02-07 04:00:00,139435.93260108575,,DENTUSDT,433
2022-02-08 21:00:00,142017.80072332016,29972973258.0,DENTUSDT,433
2022-02-11 07:00:00,142017.80072332016,,GRTUSDT,435
2022-02-15 08:00:00,142017.80072332016,,ETCUSDT,437
2022-02-16 07:00:00,142017.80072332016,,RSRUSDT,438
2022-02-17 07:00:00,143846.89588985167,1127951005.0,RSRUSDT,438
2022-02-19 07:00:00,143846.89588985167,,HOTUSDT,439
2022-02-20 07:00:00,142787.65243794574,,AVAXUSDT,440
2022-02-20 20:45:00,141255.3016887887,7700182004.0,HOTUSDT,439
2022-02-21 01:15:00,145057.18163462725,8808515.0,AVAXUSDT,440
2022-02-21 14:45:00,142787.65243794574,10300331955.0,HOTUSDT,439
2022-02-21 15:15:00,149828.04573559688,8753233.0,AVAXUSDT,440
2022-02-22 12:30:00,144184.87154792855,11182867.0,AVAXUSDT,440
2022-02-23 03:00:00,144184.87154792855,,ALICEUSDT,441
2022-02-24 19:45:00,148152.53746421437,69393719.2,ALICEUSDT,441
2022-02-27 03:30:00,148152.53746421437,,DYDXUSDT,443
2022-02-28 14:45:00,150926.24508068507,17534603.4,DYDXUSDT,443
2022-03-03 03:30:00,150926.24508068507,,CTSIUSDT,445
2022-03-07 09:00:00,150926.24508068507,,ALGOUSDT,447
2022-03-08 07:00:00,150926.24508068507,,SFPUSDT,448
2022-03-10 15:30:00,157530.89230541352,54545026.0,SFPUSDT,448
2022-03-10 20:00:00,159433.31660350368,97632724.0,SFPUSDT,448
2022-03-11 02:15:00,161250.78843797333,109602481.0,SFPUSDT,448
2022-03-11 03:30:00,161250.78843797333,,FLOWUSDT,449
2022-03-12 03:30:00,161250.78843797333,,1000XECUSDT,450
2022-03-14 07:15:00,163334.06950778095,269486635.0,1000XECUSDT,450
2022-03-15 07:00:00,163334.06950778095,,ZENUSDT,451
2022-03-16 07:00:00,166426.34350247268,,AVAXUSDT,452
2022-03-16 12:45:00,166426.34350247268,653065.1999999998,ZENUSDT,451
2022-03-19 07:00:00,166426.34350247268,,EGLDUSDT,453
2022-03-23 07:00:00,166426.34350247268,,ALPHAUSDT,455
2022-03-27 09:00:00,166426.34350247268,,SXPUSDT,457
2022-03-31 07:00:00,166426.34350247268,,KAVAUSDT,459
2022-04-01 13:45:00,170391.2164341217,12195106.0,KAVAUSDT,459
2022-04-02 02:30:00,172235.545728353,24165548.29999998,KAVAUSDT,459
2022-04-02 21:45:00,174951.27893457955,27094934.4,KAVAUSDT,459
2022-04-04 04:00:00,174951.27893457955,,GMTUSDT,461
2022-04-05 07:00:00,178233.13062836078,,LRCUSDT,462
2022-04-06 00:30:00,180551.66636648873,1290817082.0,GMTUSDT,461
2022-04-07 00:00:00,178233.13062836078,2196665144.0,GMTUSDT,461
2022-04-07 11:45:00,173257.49456421568,146354278.0,LRCUSDT,462
2022-04-07 17:15:00,176121.7082069009,171127297.0,LRCUSDT,462
2022-04-08 07:00:00,176121.7082069009,,SNXUSDT,463
2022-04-09 07:00:00,176121.7082069009,,GRTUSDT,464
2022-04-11 04:45:00,171288.28037865652,95337104.0,GRTUSDT,464
2022-04-11 14:00:00,170856.7770575584,128620033.0,GRTUSDT,464
2022-04-12 00:45:00,172314.07015387245,163316587.0,GRTUSDT,464
2022-04-12 08:45:00,172314.07015387245,,BCHUSDT,465
2022-04-16 07:00:00,172314.07015387245,,ALPHAUSDT,467
2022-04-18 18:30:00,176381.98382240935,84323146.0,ALPHAUSDT,467
2022-04-20 09:00:00,176381.98382240935,,COMPUSDT,469
2022-04-24 07:00:00,176381.98382240935,,GRTUSDT,471
2022-04-25 16:45:00,179169.1501208145,130076407.0,GRTUSDT,471
2022-04-27 17:45:00,179169.1501208145,,BTCUSDT,473
2022-05-02 03:30:00,179169.1501208145,,CTSIUSDT,475
2022-05-03 10:00:00,179169.1501208145,,1INCHUSDT,476
2022-05-06 07:00:00,179169.1501208145,,COTIUSDT,477
2022-05-07 07:00:00,178660.23256382716,,UNIUSDT,478
2022-05-08 11:15:00,179919.87474741918,14129227.0,UNIUSDT,478
2022-05-08 19:45:00,178660.23256382713,177089913.0,COTIUSDT,477
2022-05-10 05:45:00,175244.35922930832,12887202.0,UNIUSDT,478
2022-05-10 07:00:00,175244.35922930832,,AXSUSDT,479
2022-05-11 13:45:00,179946.47092802494,16018447.0,AXSUSDT,479
2022-05-12 07:30:00,204558.3577351358,30741987.0,AXSUSDT,479
2022-05-13 03:15:00,214764.55039669768,41289352.0,AXSUSDT,479
2022-05-14 03:30:00,214764.55039669768,,CTSIUSDT,481
2022-05-15 07:00:00,214764.55039669768,,KAVAUSDT,482
2022-05-16 11:00:00,215907.08246193442,58115283.2,KAVAUSDT,482
2022-05-18 10:00:00,215907.08246193445,,1INCHUSDT,483
2022-05-22 03:30:00,215907.08246193445,,FLOWUSDT,485
2022-05-26 07:00:00,215907.08246193445,,LRCUSDT,487
2022-05-28 18:45:00,209394.02975523146,557707458.0,LRCUSDT,487
2022-05-30 07:00:00,209394.02975523143,,COTIUSDT,489
2022-06-03 07:00:00,209394.02975523143,,DEFIUSDT,491
2022-06-04 09:00:00,209394.02975523143,,SXPUSDT,492
2022-06-07 03:30:00,209394.02975523143,,CTSIUSDT,493
2022-06-08 05:45:00,213884.3587861691,474016775.0,CTSIUSDT,493
2022-06-08 07:00:00,225614.028294016,,COTIUSDT,494
2022-06-08 13:30:00,225614.028294016,454958848.0,CTSIUSDT,493
2022-06-11 07:00:00,225614.028294016,,CHZUSDT,495
2022-06-12 15:45:00,226857.80053223623,322626695.0,CHZUSDT,495
2022-06-13 16:15:00,221922.21861907712,397510444.0,CHZUSDT,495
2022-06-14 00:00:00,225998.3150449438,715776722.0,CHZUSDT,495
2022-06-14 05:15:00,236304.51982703814,739981195.0,CHZUSDT,495
2022-06-15 04:00:00,236304.51982703814,,PEOPLEUSDT,497
2022-06-16 07:00:00,232360.7137529542,,RSRUSDT,498
2022-06-17 01:45:00,236303.50888083596,12907901659.0,RSRUSDT,498
2022-06-17 22:15:00,232360.7137529542,29564611233.0,PEOPLEUSDT,497
2022-06-19 07:00:00,236303.50888083593,,ANKRUSDT,499
2022-06-23 07:00:00,236303.50888083593,,CHZUSDT,501
2022-06-27 03:30:00,236303.50888083593,,API3USDT,503
2022-06-28 07:00:00,241207.3312117415,,MANAUSDT,504
2022-06-28 08:45:00,236866.14200214736,8338060.100000001,API3USDT,503
2022-06-29 00:30:00,241207.3312117415,14177016.200000005,API3USDT,503
2022-06-30 22:45:00,233384.7918249957,176288262.0,MANAUSDT,504
2022-07-01 09:00:00,233384.7918249957,,COMPUSDT,505
2022-07-02 08:45:00,233384.7918249957,,BCHUSDT,506
2022-07-03 19:45:00,235406.34973547887,887262.7460000002,BCHUSDT,506
2022-07-05 10:00:00,235406.34973547887,,1INCHUSDT,507
2022-07-09 07:30:00,235406.34973547887,,SKLUSDT,509
2022-07-10 07:00:00,241754.6524628238,,BALUSDT,510
2022-07-10 09:45:00,236216.27660821873,416997680.0,SKLUSDT,509
2022-07-10 20:00:00,239466.05403446776,263302646.0,SKLUSDT,509
2022-07-11 09:15:00,241371.91035226808,261421579.0,SKLUSDT,509
2022-07-12 05:00:00,241754.6524628238,455958564.0,SKLUSDT,509
2022-07-12 15:15:00,242441.7230709614,2396505.5000000005,BALUSDT,510
2022-07-13 03:30:00,242441.7230709614,,IMXUSDT,511
2022-07-17 07:00:00,242441.7230709614,,AVAXUSDT,513
2022-07-18 01:30:00,244550.18504136283,21607511.0,AVAXUSDT,513
2022-07-18 23:15:00,248642.55219764097,31504014.0,AVAXUSDT,513
2022-07-21 07:00:00,248642.55219764097,,SFPUSDT,515
2022-07-22 12:00:00,254456.70074231812,,ATOMUSDT,516
2022-07-23 01:00:00,253186.35234650932,49688527.0,SFPUSDT,515
2022-07-23 22:15:00,254456.70074231812,31564393.0,SFPUSDT,515
2022-07-24 00:15:00,252053.2716822272,20690794.889999986,ATOMUSDT,516
2022-07-25 07:00:00,252053.2716822272,,LRCUSDT,517
2022-07-27 07:15:00,258845.92068436067,61757308.0,LRCUSDT,517
2022-07-29 08:00:00,258845.92068436067,,QTUMUSDT,519
2022-08-02 04:00:00,258845.92068436067,,PEOPLEUSDT,521
2022-08-03 07:00:00,261802.30315110378,,SNXUSDT,522
2022-08-03 09:15:00,261802.30315110378,8416410708.0,PEOPLEUSDT,521
2022-08-04 23:45:00,263318.6376588817,33345337.399999995,SNXUSDT,522
2022-08-05 21:30:00,267650.9101893123,25049301.399999987,SNXUSDT,522
2022-08-06 03:30:00,267650.9101893123,,IMXUSDT,523
2022-08-07 03:30:00,272971.8744810789,,DUSKUSDT,524
2022-08-07 04:15:00,270373.1442181908,19738421.0,IMXUSDT,523
2022-08-08 19:30:00,272971.8744810789,30611947.0,IMXUSDT,523
2022-08-09 18:15:00,284114.1516002968,142710722.0,DUSKUSDT,524
2022-08-10 07:00:00,284114.1516002968,,GRTUSDT,525
2022-08-12 01:15:00,285798.0815629432,381971360.0,GRTUSDT,525
2022-08-12 14:45:00,288309.7709640439,276962005.0,GRTUSDT,525
2022-08-14 07:00:00,288309.7709640439,,BAKEUSDT,527
2022-08-15 02:45:00,292609.3047004474,52773065.0,BAKEUSDT,527
2022-08-17 03:15:00,290836.56836740987,55678979.0,BAKEUSDT,527
2022-08-18 07:00:00,290836.56836740987,,SUSHIUSDT,529
2022-08-22 07:00:00,290836.56836740987,,KAVAUSDT,531
2022-08-23 11:30:00,295043.8503657671,16958383.7,KAVAUSDT,531
2022-08-26 03:30:00,295043.8503657671,,API3USDT,533
2022-08-27 06:30:00,297350.5997477322,13394837.900000002,API3USDT,533
2022-08-29 03:00:00,293579.97837378044,4034571.3,API3USDT,533
2022-08-30 03:30:00,293579.97837378044,,CTSIUSDT,535
2022-09-03 08:00:00,293579.97837378044,,LTCUSDT,537
2022-09-04 21:00:00,294627.05499794136,6536524.391999998,LTCUSDT,537
2022-09-07 03:30:00,294627.05499794136,,API3USDT,539
2022-09-08 07:00:00,294627.05499794136,,SNXUSDT,540
2022-09-11 07:00:00,294627.05499794136,,MANAUSDT,541
2022-09-12 02:00:00,298512.1237345743,58656613.0,MANAUSDT,541
2022-09-15 03:30:00,298512.1237345743,,DUSKUSDT,543
2022-09-16 04:15:00,301046.58846347267,55684770.0,DUSKUSDT,543
2022-09-19 03:30:00,301046.58846347267,,DYDXUSDT,545
2022-09-23 03:30:00,301046.58846347267,,C98USDT,547
2022-09-27 07:00:00,301046.58846347267,,CHZUSDT,549
2022-09-28 03:30:00,296930.3969025354,,API3USDT,550
2022-09-29 11:15:00,299622.07943418244,11181904.499999998,API3USDT,550
2022-09-29 20:45:00,296930.3969025354,1960847090.0,CHZUSDT,549
2022-09-30 15:00:00,302234.27926455165,11478808.4,API3USDT,550
2022-10-01 03:30:00,302234.27926455165,,FLOWUSDT,551
2022-10-03 14:30:00,303947.05307341577,7439082.600000003,FLOWUSDT,551
2022-10-05 12:00:00,303947.05307341577,,ATOMUSDT,553
2022-10-07 23:45:00,305995.7735431961,22992566.659999993,ATOMUSDT,553
2022-10-09 08:00:00,305995.7735431961,,QTUMUSDT,555
2022-10-13 08:00:00,305995.7735431961,,XMRUSDT,557
2022-10-17 07:00:00,305995.7735431961,,MANAUSDT,559
2022-10-21 07:00:00,305995.7735431961,,KAVAUSDT,561
2022-10-22 07:00:00,305995.7735431961,,YFIUSDT,562
2022-10-25 04:00:00,305995.7735431961,,GMTUSDT,563
2022-10-29 07:00:00,305995.7735431961,,BALUSDT,565
2022-10-30 09:00:00,310919.36042714654,,DOGEUSDT,566
2022-10-31 09:30:00,316615.5465780989,58980705556.0,DOGEUSDT,566
2022-10-31 10:30:00,308262.62365602073,3153612.4999999995,BALUSDT,565
2022-10-31 14:45:00,324226.499472583,52064319886.0,DOGEUSDT,566
2022-10-31 18:45:00,310919.36042714654,3136956.6999999983,BALUSDT,565
2022-11-01 23:45:00,338467.25738678256,76127535819.0,DOGEUSDT,566
2022-11-02 02:45:00,344748.5375054518,74373972056.0,DOGEUSDT,566
2022-11-02 02:45:00,344748.53750545176,,INJUSDT,567
2022-11-04 17:45:00,350206.0155874681,40539802.3,INJUSDT,567
2022-11-05 01:00:00,353036.79395981313,33160470.9,INJUSDT,567
2022-11-06 07:00:00,353036.79395981313,,SFPUSDT,569
2022-11-10 08:00:00,353036.79395981313,,BNBUSDT,571
2022-11-11 07:00:00,353036.79395981313,,NKNUSDT,572
2022-11-12 08:45:00,353291.6481777209,182288894.0,NKNUSDT,572
2022-11-13 13:15:00,354544.74611779285,129027509.0,NKNUSDT,572
2022-11-14 06:45:00,357334.4601552614,151688849.0,NKNUSDT,572
2022-11-17 07:00:00,357334.4601552614,,CHZUSDT,573
2022-11-18 08:00:00,360115.4366470431,,ETCUSDT,575
2022-11-19 22:30:00,360115.4366470431,6366723372.0,CHZUSDT,573
2022-11-21 05:30:00,359147.10611196427,8667310.66,ETCUSDT,575
2022-11-22 09:00:00,359147.10611196427,,SXPUSDT,577
2022-11-23 07:00:00,359147.10611196427,,KAVAUSDT,578
2022-11-24 10:15:00,359988.8487468906,40843012.700000025,KAVAUSDT,578
2022-11-25 11:30:00,364600.0100938588,41731077.50000001,KAVAUSDT,578
2022-11-26 01:30:00,367370.792408322,35050984.800000004,KAVAUSDT,578
2022-11-26 08:00:00,367370.79240832204,,LTCUSDT,579
2022-11-29 00:30:00,370035.8883317631,7097869.896999999,LTCUSDT,579
2022-11-30 07:00:00,370035.8883317631,,DEFIUSDT,581
2022-12-01 04:00:00,370035.8883317631,,DENTUSDT,582
2022-12-04 07:00:00,370035.8883317631,,SUSHIUSDT,583
2022-12-07 01:00:00,351382.87429325184,59477351.0,SUSHIUSDT,583
2022-12-08 08:45:00,351382.87429325184,,NEOUSDT,585
2022-12-09 07:00:00,351382.87429325184,,UNIUSDT,586
2022-12-12 04:00:00,351382.87429325184,,GMTUSDT,587
2022-12-13 03:30:00,356032.43746269186,,C98USDT,588
2022-12-13 13:45:00,356032.43746269186,148647199.0,GMTUSDT,587
2022-12-16 01:30:00,353301.04307410686,45709844.0,C98USDT,588
2022-12-16 07:00:00,353301.04307410686,,SUSHIUSDT,589
2022-12-20 08:45:00,353301.04307410686,,NEOUSDT,591
2022-12-21 07:00:00,353301.04307410686,,BAKEUSDT,592
2022-12-24 08:00:00,353301.04307410686,,XMRUSDT,593
2022-12-25 02:30:00,353301.04307410686,,ICPUSDT,594
2022-12-28 12:00:00,353301.04307410686,,ATOMUSDT,595
2023-01-01 08:00:00,353301.04307410686,,QTUMUSDT,597
2023-01-05 07:00:00,353301.04307410686,,AXSUSDT,599
2023-01-06 18:15:00,354672.8702278488,16833931.0,AXSUSDT,599
2023-01-09 07:00:00,354672.8702278488,,MANAUSDT,601
2023-01-10 19:15:00,357706.7830499274,578351220.0,MANAUSDT,601
2023-01-11 19:30:00,363199.59622582287,203600796.0,MANAUSDT,601
2023-01-13 07:00:00,363199.59622582287,,AVAXUSDT,603
2023-01-15 14:15:00,364539.73687065777,47037503.0,AVAXUSDT,603
2023-01-17 08:00:00,364539.73687065777,,ETCUSDT,605
2023-01-18 14:15:00,368299.5142626939,16286172.019999996,ETCUSDT,605
2023-01-21 02:30:00,368299.5142626939,,ICPUSDT,607
2023-01-28 07:00:00,368299.5142626939,,GRTUSDT,609
2023-01-29 07:00:00,368299.5142626939,,BAKEUSDT,611
2023-01-31 15:15:00,360893.7709622219,89088986.0,BAKEUSDT,611
2023-02-02 03:30:00,360893.77096222184,,C98USDT,613
2023-02-03 16:45:00,364234.626599024,201803549.0,C98USDT,613
2023-02-06 08:45:00,364234.626599024,,NEOUSDT,615
2023-02-08 22:15:00,368537.7646513085,2306847.99,NEOUSDT,615
2023-02-09 04:45:00,373880.3862996659,3443758.4499999993,NEOUSDT,615
2023-02-10 04:00:00,373880.3862996659,,PEOPLEUSDT,617
2023-02-11 03:30:00,373880.3862996659,,IMXUSDT,618
2023-02-14 13:00:00,373880.3862996659,,1000LUNCUSDT,619
2023-02-15 02:30:00,372248.8095691098,,FETUSDT,620
2023-02-17 00:45:00,369021.6629139381,370041965.0,FETUSDT,620
2023-02-17 12:30:00,372248.8095691098,452519229.0,1000LUNCUSDT,619
2023-02-18 03:30:00,369021.6629139381,,DUSKUSDT,621
2023-02-20 23:45:00,363822.3119477905,336706140.0,DUSKUSDT,621
2023-02-22 03:30:00,363822.3119477905,,DYDXUSDT,623
2023-02-23 07:00:00,381891.5054020271,,ANKRUSDT,624
2023-02-23 13:15:00,372588.32919082255,97602385.3,DYDXUSDT,623
2023-02-24 12:15:00,379748.1826154977,9002082517.0,ANKRUSDT,624
2023-02-24 18:45:00,381891.5054020271,146506929.79999998,DYDXUSDT,623
2023-02-25 16:45:00,338417.90560798737,5692063597.0,ANKRUSDT,624
2023-02-26 07:00:00,338417.90560798737,,SNXUSDT,625
2023-02-27 07:00:00,338417.90560798737,,GRTUSDT,626
2023-03-01 05:00:00,343025.96958800365,859144291.0,GRTUSDT,626
2023-03-02 08:45:00,343025.96958800365,,NEOUSDT,627
2023-03-04 00:15:00,352330.2493128399,7691877.079999997,NEOUSDT,627
2023-03-06 07:30:00,352330.2493128399,,SKLUSDT,629
2023-03-08 11:15:00,351381.0575175339,391569078.0,SKLUSDT,629
2023-03-10 13:00:00,351381.0575175339,,1000LUNCUSDT,631
2023-03-11 13:00:00,357198.6304230425,,TUSDT,632
2023-03-12 05:30:00,357198.6304230426,567680915.0,1000LUNCUSDT,631
2023-03-14 02:30:00,357198.6304230425,,HIGHUSDT,633
2023-03-16 16:00:00,360651.6056225616,30089527.9,HIGHUSDT,633
2023-03-18 14:30:00,360651.6056225616,,CFXUSDT,635
2023-03-21 12:30:00,374331.050879411,5866992337.0,CFXUSDT,635
2023-03-22 07:00:00,374331.050879411,,LRCUSDT,637
2023-03-23 03:00:00,381561.3991006279,,HOOKUSDT,638
2023-03-23 10:00:00,381561.3991006279,110942163.0,LRCUSDT,637
2023-03-24 14:15:00,382127.3881877074,28904050.700000007,HOOKUSDT,638
2023-03-25 00:15:00,384668.8458610259,26259108.000000007,HOOKUSDT,638
2023-03-25 13:30:00,386228.0302009421,20971477.7,HOOKUSDT,638
2023-03-26 01:00:00,389508.234197746,17105909.89999999,HOOKUSDT,638
2023-03-26 08:45:00,389508.23419774603,,BCHUSDT,639
2023-03-28 20:00:00,394940.45025214006,633757.6899999997,BCHUSDT,639
2023-03-30 14:30:00,394940.45025214006,,CFXUSDT,641
2023-04-03 09:00:00,394940.45025214006,,COMPUSDT,643
2023-04-04 03:00:00,394940.45025214006,,FXSUSDT,644
2023-04-06 16:45:00,400546.2332199921,3472976.4000000004,FXSUSDT,644
2023-04-07 02:45:00,400546.2332199921,,INJUSDT,645
2023-04-08 07:00:00,407011.7144087682,,SFPUSDT,646
2023-04-09 08:45:00,407011.71440876817,36955680.4,INJUSDT,645
2023-04-11 07:00:00,407011.7144087682,,DEFIUSDT,647
2023-04-12 14:30:00,412706.2263391951,5386.730999999999,DEFIUSDT,647
2023-04-15 07:00:00,412706.2263391951,,LRCUSDT,649
2023-04-16 16:00:00,415423.30876099947,75419292.0,LRCUSDT,649
2023-04-19 14:30:00,415423.30876099947,,ACHUSDT,651
2023-04-23 04:00:00,415423.30876099947,,PEOPLEUSDT,653
2023-04-27 07:00:00,415423.30876099947,,LRCUSDT,655
2023-04-28 14:30:00,417351.2132253136,,PHBUSDT,656
2023-04-28 20:45:00,417351.2132253136,39326900.0,LRCUSDT,655
2023-05-01 08:30:00,421695.7098808753,18635570.0,PHBUSDT,656
2023-05-01 14:30:00,421695.7098808753,,PHBUSDT,657
2023-05-02 12:00:00,424238.32909205504,,TRUUSDT,658
2023-05-03 21:30:00,424238.32909205504,8168407.0,PHBUSDT,657
2023-05-03 22:00:00,433975.23777743324,206490129.0,TRUUSDT,658
2023-05-05 14:30:00,433975.23777743324,,CFXUSDT,659
2023-05-07 14:45:00,411985.5315573774,762264164.0,CFXUSDT,659
2023-05-07 21:00:00,415926.00850127626,640255313.0,CFXUSDT,659
2023-05-09 02:30:00,415926.00850127626,,ICPUSDT,661
2023-05-13 14:30:00,415926.00850127626,,ACHUSDT,663
2023-05-14 14:30:00,421034.3719595305,,CFXUSDT,664
2023-05-16 02:15:00,421034.37195953046,2184156080.0,ACHUSDT,663
2023-05-17 04:00:00,421034.3719595305,,GMTUSDT,665
2023-05-18 14:30:00,421034.3719595305,,IDUSDT,666
2023-05-21 12:00:00,421034.3719595305,,ATOMUSDT,667
2023-05-25 07:00:00,421034.3719595305,,NKNUSDT,669
2023-05-26 16:30:00,418730.48597282125,1947057680.0,NKNUSDT,669
2023-05-29 16:30:00,418730.4859728212,,1000FLOKIUSDT,671
2023-05-30 12:00:00,418730.4859728212,,JOEUSDT,672
2023-05-31 18:00:00,411711.10108155856,315080786.0,JOEUSDT,672
2023-06-01 08:15:00,417567.70234999346,159327029.0,JOEUSDT,672
2023-06-02 01:00:00,422065.4585741717,203311278.0,JOEUSDT,672
2023-06-02 14:30:00,422065.4585741717,,IDUSDT,673
2023-06-06 07:00:00,422065.4585741717,,KAVAUSDT,675
2023-06-07 03:30:00,422065.4585741717,,DYDXUSDT,676
2023-06-08 10:45:00,428135.03216876416,77063015.30000003,DYDXUSDT,676
2023-06-09 13:00:00,433854.9241800255,58032456.50000001,DYDXUSDT,676
2023-06-10 07:00:00,433854.92418002547,,SFPUSDT,677
2023-06-14 07:00:00,433854.92418002547,,BALUSDT,679
2023-06-15 08:45:00,435802.1114335049,,NEOUSDT,680
2023-06-16 06:45:00,435802.1114335049,1917823.0999999992,BALUSDT,679
2023-06-18 16:30:00,435802.1114335049,,1000PEPEUSDT,681
2023-06-22 08:00:00,435802.1114335049,,ETCUSDT,683
2023-06-26 03:30:00,435802.1114335049,,C98USDT,685
2023-06-30 08:00:00,435802.1114335049,,ONTUSDT,687
2023-07-01 07:30:00,450754.10624583584,,SKLUSDT,688
2023-07-02 14:45:00,455804.1281370347,228363125.0,SKLUSDT,688
2023-07-02 19:45:00,450754.10624583584,340361786.8,ONTUSDT,687
2023-07-04 14:30:00,455804.12813703466,,CFXUSDT,689
2023-07-05 23:30:00,456496.9218347417,759689571.0,CFXUSDT,689
2023-07-07 03:45:00,457428.7501565612,881658875.0,CFXUSDT,689
2023-07-08 03:30:00,457428.7501565612,,CTSIUSDT,691
2023-07-09 02:30:00,466693.4845289012,,FETUSDT,692
2023-07-10 15:15:00,466693.4845289012,73707657.0,CTSIUSDT,691
2023-07-12 07:00:00,466693.4845289012,,KAVAUSDT,693
2023-07-14 08:45:00,474352.84779706254,120662925.6,KAVAUSDT,693
2023-07-16 07:30:00,474352.8477970625,,SKLUSDT,695
2023-07-19 03:00:00,480618.4582631436,335333174.0,SKLUSDT,695
2023-07-20 07:00:00,480618.4582631436,,LRCUSDT,697
2023-07-21 12:00:00,480618.4582631436,,RDNTUSDT,698
2023-07-23 05:00:00,484430.53782823216,138096138.0,RDNTUSDT,698
2023-07-24 14:30:00,484430.53782823216,,ACHUSDT,699
2023-07-25 12:00:00,484430.53782823216,,TRUUSDT,700
2023-07-28 03:30:00,484430.53782823216,,DYDXUSDT,701
2023-07-31 01:00:00,492241.673833806,25109334.299999993,DYDXUSDT,701
2023-08-01 07:00:00,492241.673833806,,BALUSDT,703
2023-08-02 13:00:00,492241.673833806,,TUSDT,704
2023-08-05 03:00:00,494535.24961784476,320027412.0,TUSDT,704
2023-08-05 14:30:00,494535.24961784476,,PHBUSDT,705
2023-08-06 07:00:00,514774.22913830547,,YFIUSDT,706
2023-08-08 05:00:00,514774.22913830547,16055464.0,PHBUSDT,705
2023-08-09 07:00:00,514774.22913830547,,AXSUSDT,707
2023-08-10 07:00:00,514774.22913830547,,RSRUSDT,708
2023-08-13 03:00:00,516173.3770387822,11004060292.0,RSRUSDT,708
2023-08-13 07:00:00,516173.37703878223,,RSRUSDT,709
2023-08-14 02:30:00,502808.1446341803,,HIGHUSDT,710
2023-08-14 02:45:00,518644.21985595685,7572036655.0,RSRUSDT,709
2023-08-14 07:30:00,519198.8510890689,7565768018.0,RSRUSDT,709
2023-08-15 13:30:00,506405.55962511065,5972024514.0,RSRUSDT,709
2023-08-15 22:00:00,502808.14463418035,6210029185.0,RSRUSDT,709
2023-08-17 07:00:00,502808.1446341803,,EGLDUSDT,711
2023-08-18 06:00:00,507007.39601131354,921668.4000000004,EGLDUSDT,711
2023-08-21 04:00:00,507007.39601131354,,GMTUSDT,713
2023-08-25 07:00:00,507007.39601131354,,MANAUSDT,715
2023-08-26 02:30:00,507007.39601131354,,HIGHUSDT,716
2023-08-28 09:00:00,511558.2370008474,7596814.899999998,HIGHUSDT,716
2023-08-29 02:30:00,511558.2370008474,,HIGHUSDT,717
2023-09-01 02:30:00,511777.06925123243,11488780.399999997,HIGHUSDT,717
2023-09-02 07:00:00,525679.7621291657,,SFPUSDT,719
2023-09-04 02:00:00,525679.7621291657,16826441.299999997,HIGHUSDT,717
2023-09-06 03:30:00,525679.7621291657,,CTSIUSDT,721
2023-09-10 02:30:00,525679.7621291657,,HIGHUSDT,723
2023-09-12 03:45:00,532328.1037492154,43980305.49999999,HIGHUSDT,723
2023-09-12 10:00:00,539373.4315293108,47132560.39999998,HIGHUSDT,723
2023-09-14 07:00:00,539373.4315293108,,MKRUSDT,725
2023-09-18 12:00:00,539373.4315293108,,SSVUSDT,727
2023-09-19 08:45:00,541840.6656252856,,BCHUSDT,728
2023-09-20 17:30:00,541840.6656252856,676597.3300000002,SSVUSDT,727
2023-09-20 18:00:00,547458.0154993306,1482526.769,BCHUSDT,728
2023-09-22 12:15:00,547458.0154993306,,LEVERUSDT,729
2023-09-23 03:00:00,551829.0569287809,135967935089.0,LEVERUSDT,729
2023-09-23 08:45:00,542558.8048787328,131975222974.0,LEVERUSDT,729
2023-09-23 16:45:00,546808.6979729134,108426018980.0,LEVERUSDT,729
2023-09-24 01:30:00,548124.082774576,93195902252.0,LEVERUSDT,729
2023-09-24 03:00:00,549161.8252793432,90032487750.0,LEVERUSDT,729
2023-09-24 13:15:00,548224.0566692732,69626988561.0,LEVERUSDT,729
2023-09-26 07:00:00,548224.0566692732,,ALPHAUSDT,731
2023-09-28 10:45:00,551292.6519005038,77406472.0,ALPHAUSDT,731
2023-09-30 03:30:00,551292.6519005038,,IMXUSDT,733
2023-10-01 12:15:00,551292.6519005038,,LEVERUSDT,734
2023-10-02 05:00:00,554017.6968312036,207878283033.0,LEVERUSDT,734
2023-10-02 15:15:00,554333.0072928412,206956971469.0,LEVERUSDT,734
2023-10-03 01:45:00,572520.293440624,115608753925.0,LEVERUSDT,734
2023-10-04 10:00:00,572520.293440624,,1INCHUSDT,735
2023-10-05 07:00:00,572520.293440624,,SFPUSDT,736
2023-10-08 07:00:00,572520.293440624,,ALPHAUSDT,737
2023-10-09 21:45:00,577186.9312138231,123156506.0,ALPHAUSDT,737
2023-10-12 07:00:00,577186.9312138231,,HOTUSDT,739
2023-10-13 13:00:00,580317.7359201288,,TUSDT,740
2023-10-14 09:00:00,580053.2793625543,211219228199.0,HOTUSDT,739
2023-10-14 13:00:00,580317.7359201288,234206211163.0,HOTUSDT,739
2023-10-16 12:00:00,580317.7359201288,,CKBUSDT,741
2023-10-18 04:15:00,577444.1191994647,2177772688.0,CKBUSDT,741
2023-10-19 03:15:00,580172.8534306182,1791708557.0,CKBUSDT,741
2023-10-19 10:45:00,580486.3504570052,1709497567.0,CKBUSDT,741
2023-10-20 03:30:00,580486.3504570052,,FLOWUSDT,743
2023-10-24 03:30:00,580486.3504570052,,1000XECUSDT,745
2023-10-26 07:30:00,596776.6602844985,914839890.0,1000XECUSDT,745
2023-10-28 07:00:00,596776.6602844985,,AVAXUSDT,747
2023-10-29 03:30:00,596776.6602844985,,FLOWUSDT,748
2023-10-30 09:30:00,601060.4498420379,59438288.70000002,FLOWUSDT,748
2023-10-30 21:30:00,606427.5816065678,54984613.70000002,FLOWUSDT,748
2023-10-31 12:15:00,608773.8022131558,47996343.8,FLOWUSDT,748
2023-10-31 19:30:00,613660.2240731481,51678528.59999999,FLOWUSDT,748
2023-11-01 16:00:00,613660.2240731481,,SUIUSDT,749
2023-11-03 14:45:00,605475.062016771,452473162.6999999,SUIUSDT,749
2023-11-05 02:30:00,605475.062016771,,ICPUSDT,751
2023-11-10 03:30:00,619946.1542244412,,API3USDT,754
2023-11-12 06:30:00,628392.9170750899,17035497.099999994,API3USDT,754
2023-11-12 12:15:00,605475.062016771,,LEVERUSDT,753
2023-11-13 00:45:00,610009.5907275362,15285846305.0,LEVERUSDT,753
2023-11-13 03:30:00,611066.1528053419,14273408344.0,LEVERUSDT,753
2023-11-13 07:00:00,628392.9170750899,,YFIUSDT,755
2023-11-13 12:45:00,612853.6173167392,14436062213.0,LEVERUSDT,753
2023-11-13 14:30:00,613362.8954062859,14564197359.0,LEVERUSDT,753
2023-11-13 15:00:00,616627.2534926618,14921334451.0,LEVERUSDT,753
2023-11-13 17:30:00,617684.5223009543,17629518830.0,LEVERUSDT,753
2023-11-13 18:45:00,620389.3511775983,17895783039.0,LEVERUSDT,753
2023-11-13 19:15:00,620716.453122043,18061935356.0,LEVERUSDT,753
2023-11-14 03:00:00,637189.1229383356,29719.86700000001,YFIUSDT,755
2023-11-14 13:45:00,606180.9500081046,19084625255.0,LEVERUSDT,753
2023-11-14 14:00:00,632022.9938897201,30481.073,YFIUSDT,755
2023-11-14 16:30:00,606742.8065946444,20436669429.0,LEVERUSDT,753
2023-11-14 20:30:00,638270.2275007189,28360.976,YFIUSDT,755
2023-11-15 11:30:00,619946.1542244412,20081335858.0,LEVERUSDT,753
2023-11-17 03:30:00,638270.2275007189,,IMXUSDT,757
2023-11-18 16:15:00,642607.3214275732,53749610.0,IMXUSDT,757
2023-11-21 02:45:00,642607.3214275732,,ARKMUSDT,759
2023-11-25 14:30:00,642607.3214275732,,CFXUSDT,761
2023-11-26 20:30:00,648732.8572565416,333504004.0,CFXUSDT,761
2023-11-27 23:15:00,651313.2132000965,473266916.0,CFXUSDT,761
2023-11-29 03:30:00,651313.2132000965,,IMXUSDT,763
2023-11-30 02:30:00,657154.6844971433,,FETUSDT,764
2023-11-30 12:00:00,657154.6844971433,30034400.0,IMXUSDT,763
2023-12-03 03:00:00,657154.6844971433,,HOOKUSDT,765
2023-12-04 18:30:00,672705.65966421,45682689.49999999,HOOKUSDT,765
2023-12-07 03:30:00,672705.65966421,,DYDXUSDT,767
2023-12-08 02:30:00,672705.65966421,,XVSUSDT,768
2023-12-09 18:00:00,681043.7562744623,3204995.2,XVSUSDT,768
2023-12-10 17:30:00,660115.8578811008,4344652.199999999,XVSUSDT,768
2023-12-12 02:30:00,668314.7901498065,,FETUSDT,770
2023-12-14 03:30:00,660115.8578811008,,IMXUSDT,769
2023-12-15 03:00:00,668314.7901498065,,ALICEUSDT,771
2023-12-15 09:30:00,668314.7901498066,87138157.0,IMXUSDT,769
2023-12-16 05:30:00,673088.7315860731,8970678.8,ALICEUSDT,771
2023-12-17 12:30:00,681942.5659259777,6882931.700000004,ALICEUSDT,771
2023-12-19 03:30:00,681942.5659259777,,FLOWUSDT,773
2023-12-23 07:00:00,681942.5659259777,,SUSHIUSDT,775
2023-12-24 14:00:00,690080.1873606395,,1000BONKUSDT,776
2023-12-25 06:00:00,690080.1873606395,58755800.0,SUSHIUSDT,775
2023-12-27 02:45:00,690080.1873606395,,ARKMUSDT,777
2023-12-28 16:00:00,701407.7174364328,,SUIUSDT,778
2023-12-29 03:45:00,706581.724251696,338770186.8000001,SUIUSDT,778
2023-12-29 06:15:00,684771.6976338902,45842683.0,ARKMUSDT,777
2023-12-29 19:45:00,690669.0653040241,38888988.0,ARKMUSDT,777
2023-12-30 01:30:00,701407.7174364328,38077741.0,ARKMUSDT,777
2023-12-30 01:30:00,710762.3887918498,289453417.7,SUIUSDT,778
2023-12-30 15:00:00,712743.7771049924,248585409.2,SUIUSDT,778
2023-12-31 14:30:00,712743.7771049924,,CFXUSDT,779
2024-01-04 12:00:00,712743.7771049924,,SSVUSDT,781
2024-01-05 02:45:00,757642.8002023388,,ARKMUSDT,782
2024-01-05 23:30:00,748760.5846199708,5727047.720000001,SSVUSDT,781
2024-01-07 01:45:00,749572.0321576713,3511170.18,SSVUSDT,781
2024-01-07 05:30:00,757642.8002023388,2694432.9,SSVUSDT,781
2024-01-08 12:30:00,757642.8002023388,,ETHWUSDT,783
2024-01-09 13:30:00,757642.8002023388,,BEAMXUSDT,784
2024-01-12 04:00:00,757642.8002023388,,PEOPLEUSDT,785
2024-01-13 10:15:00,786006.3337065398,22310932966.0,PEOPLEUSDT,785
2024-01-14 17:00:00,777101.2750461784,13253905851.0,PEOPLEUSDT,785
2024-01-16 09:00:00,777101.2750461785,,COMPUSDT,787
2024-01-17 03:00:00,777507.5333330948,,ALICEUSDT,788
2024-01-17 10:45:00,777507.5333330948,842316.4369999997,COMPUSDT,787
2024-01-20 01:15:00,749592.1224179675,7691176.599999998,ALICEUSDT,788
2024-01-20 14:30:00,749592.1224179675,,PHBUSDT,789
2024-01-22 04:15:00,757548.11068236,11154693.0,PHBUSDT,789
2024-01-22 16:00:00,775948.2159252035,22817611.0,PHBUSDT,789
2024-01-23 01:45:00,799668.1059868595,47863974.0,PHBUSDT,789
2024-01-24 02:00:00,799668.1059868595,,KASUSDT,791
2024-01-28 12:30:00,799668.1059868595,,AIUSDT,793
2024-01-30 08:15:00,803768.9797617991,102773077.0,AIUSDT,793
2024-01-31 03:00:00,811393.0604490774,126801195.0,AIUSDT,793
2024-01-31 12:30:00,820816.8815218098,199218719.0,AIUSDT,793
2024-02-01 12:00:00,820816.8815218098,,CKBUSDT,795
2024-02-03 14:30:00,830526.8612311466,25492568524.0,CKBUSDT,795
2024-02-05 16:00:00,830526.8612311467,,SUIUSDT,797
2024-02-06 03:30:00,837285.0648803966,,IMXUSDT,798
2024-02-07 10:30:00,837285.0648803966,337215010.2,SUIUSDT,797
2024-02-07 15:45:00,847937.8433397718,23815742.0,IMXUSDT,798
2024-02-09 13:00:00,847937.8433397718,,1000LUNCUSDT,799
2024-02-10 12:00:00,847937.8433397718,,NMRUSDT,800
2024-02-13 12:00:00,847937.8433397718,,RDNTUSDT,801
2024-02-14 13:30:00,847937.8433397718,,BEAMXUSDT,802
2024-02-16 13:00:00,820915.7123148246,2294003295.0,BEAMXUSDT,802
2024-02-16 16:30:00,831388.2973689843,2457319059.0,BEAMXUSDT,802
2024-02-17 12:30:00,831388.2973689843,,RIFUSDT,803
2024-02-21 02:30:00,831388.2973689843,,POLYXUSDT,805
2024-02-23 17:45:00,841167.4535688784,128479673.0,POLYXUSDT,805
2024-02-25 07:00:00,841167.4535688784,,GRTUSDT,807
2024-02-26 10:15:00,852619.9629840004,667062743.0,GRTUSDT,807
2024-02-26 17:00:00,860217.1074723626,627726351.0,GRTUSDT,807
2024-02-26 22:15:00,868361.8719664105,627602058.0,GRTUSDT,807
2024-02-27 15:45:00,872476.5951719692,485116079.0,GRTUSDT,807
2024-02-28 03:30:00,877176.9086970078,366349601.0,GRTUSDT,807
2024-02-29 16:30:00,877176.9086970077,,1000FLOKIUSDT,809
2024-03-01 02:30:00,884964.3213796209,2931349891.0,1000FLOKIUSDT,809
2024-03-01 13:15:00,895280.5562669167,1873929660.0,1000FLOKIUSDT,809
2024-03-02 17:15:00,940706.985073489,15575863504.0,1000FLOKIUSDT,809
2024-03-03 09:15:00,964796.7054219998,15480777401.0,1000FLOKIUSDT,809
2024-03-03 10:15:00,982931.156433484,13285981444.0,1000FLOKIUSDT,809
2024-03-04 07:00:00,982931.156433484,,ANKRUSDT,811
2024-03-05 06:30:00,989413.4133749706,1007571553.0,ANKRUSDT,811
2024-03-05 18:45:00,1031428.7004175092,1147496111.0,ANKRUSDT,811
2024-03-06 00:45:00,1038768.0402542109,1154898949.0,ANKRUSDT,811
2024-03-06 05:15:00,1070288.6209930105,1655712546.0,ANKRUSDT,811
2024-03-08 08:30:00,1070288.6209930105,,ZETAUSDT,813
2024-03-12 04:00:00,1070288.6209930105,,PEOPLEUSDT,815
2024-03-13 14:30:00,1093510.045884142,,IDUSDT,816
2024-03-14 20:15:00,1093510.045884142,4038448365.0,PEOPLEUSDT,815
2024-03-14 20:15:00,1116169.3278321736,271716767.0,IDUSDT,816
2024-03-15 04:00:00,1137545.2720803206,413364419.0,IDUSDT,816
2024-03-15 10:30:00,1165018.7660167676,441232920.0,IDUSDT,816
2024-03-15 12:00:00,1202979.2123146197,470055190.0,IDUSDT,816
2024-03-15 18:30:00,1221388.7858508474,375160133.0,IDUSDT,816
2024-03-15 22:45:00,1233642.2756747294,363217969.0,IDUSDT,816
2024-03-16 03:30:00,1242294.6120218805,333017896.0,IDUSDT,816
2024-03-16 07:00:00,1058597.8863651713,,SUSHIUSDT,817
2024-03-16 14:30:00,1269308.9564950014,163086233.0,IDUSDT,816
2024-03-17 12:00:00,1075888.022200762,,CKBUSDT,818
2024-03-17 20:00:00,1075888.022200762,61364164.0,SUSHIUSDT,817
2024-03-17 20:45:00,1098054.2907715093,233515484.0,IDUSDT,816
2024-03-18 02:15:00,1083122.2034550263,2993264177.0,CKBUSDT,818
2024-03-18 07:30:00,1106161.9438250805,186928399.0,IDUSDT,816
2024-03-18 11:30:00,1088977.4755361439,3029452719.0,CKBUSDT,818
2024-03-18 15:30:00,1111484.038364777,159811704.0,IDUSDT,816
2024-03-18 16:00:00,1095406.0002177565,3172159825.0,CKBUSDT,818
2024-03-19 04:30:00,1094938.8627252171,3313410548.0,CKBUSDT,818
2024-03-19 07:45:00,1114173.9915614605,3559745635.0,CKBUSDT,818
2024-03-19 08:15:00,1058597.8863651713,106053926.0,IDUSDT,816
2024-03-20 00:30:00,1100906.7485321725,5171015347.0,CKBUSDT,818
2024-03-20 02:30:00,1123256.0382203362,5528236541.0,CKBUSDT,818
2024-03-20 06:15:00,1133248.059599253,5607644035.0,CKBUSDT,818
2024-03-20 16:30:00,1133248.059599253,,1000PEPEUSDT,819
2024-03-21 20:15:00,1139880.3675900095,203827616128.0,1000PEPEUSDT,819
2024-03-22 15:15:00,1115285.7182515569,145547541435.0,1000PEPEUSDT,819
2024-03-24 12:30:00,1115285.7182515569,,TONUSDT,821
2024-03-25 15:00:00,1110832.7929827974,,TOKENUSDT,822
2024-03-26 04:30:00,1112518.2805352004,2955254973.0,TOKENUSDT,822
2024-03-26 04:45:00,1118240.3538522162,30777455.2,TONUSDT,821
2024-03-26 14:15:00,1131487.8221249634,3054091402.0,TOKENUSDT,822
2024-03-26 15:30:00,1140233.482366769,3028380619.0,TOKENUSDT,822
2024-03-26 18:00:00,1151173.7621657616,2926518978.0,TOKENUSDT,822
2024-03-26 18:45:00,1168273.6214072756,2880096733.0,TOKENUSDT,822
2024-03-26 23:30:00,1181377.8488652664,2794336428.0,TOKENUSDT,822
2024-03-27 00:45:00,1106971.1415818923,22240123.2,TONUSDT,821
2024-03-27 09:00:00,1189964.6454595302,2827646587.0,TOKENUSDT,822
2024-03-27 10:45:00,1110832.7929827974,19391817.0,TONUSDT,821
2024-03-27 13:30:00,1211937.8962682597,2465420773.0,TOKENUSDT,822
2024-03-27 16:30:00,1209502.9518995155,2040360315.0,TOKENUSDT,822
2024-03-28 04:45:00,1155272.5518459873,1645009877.0,TOKENUSDT,822
2024-03-28 13:00:00,1115943.2627290857,1307521871.0,TOKENUSDT,822
2024-03-28 13:00:00,1115943.2627290857,,ONDOUSDT,823
2024-03-29 10:15:00,1123262.4341479528,403286505.3999999,ONDOUSDT,823
2024-04-01 14:45:00,1123262.4341479528,,BNXUSDT,825
2024-04-05 07:00:00,1123262.4341479528,,BAKEUSDT,827
2024-04-09 07:00:00,1123262.4341479528,,RSRUSDT,829
2024-04-10 12:15:00,1109313.4141988894,,LEVERUSDT,830
2024-04-10 22:30:00,1102248.5865280118,4552994342.0,RSRUSDT,829
2024-04-12 03:15:00,1150494.3818752728,21718892972.0,LEVERUSDT,830
2024-04-12 03:15:00,1109313.4141988894,3063078922.0,RSRUSDT,829
2024-04-13 17:00:00,1150494.3818752728,,USDCUSDT,831
2024-04-14 12:30:00,1150494.3818752728,,RIFUSDT,832
2024-04-17 07:00:00,1150494.3818752728,,SFPUSDT,833
2024-04-18 02:15:00,1178655.140283858,80530133.0,SFPUSDT,833
2024-04-18 02:30:00,1178655.140283858,,ICPUSDT,834
2024-04-19 03:15:00,1223825.7264896235,6178974.0,ICPUSDT,834
2024-04-21 15:00:00,1223825.7264896235,,TOKENUSDT,835
2024-04-22 14:45:00,1223825.7264896235,,BNXUSDT,836
2024-04-25 11:15:00,1253547.0054561922,199043868.6,BNXUSDT,836
2024-04-25 14:45:00,1253547.0054561922,,BNXUSDT,837
2024-04-26 14:15:00,1395986.8340231893,248473252.70000005,BNXUSDT,837
2024-04-28 13:30:00,1429984.5064513967,150809683.3,BNXUSDT,837
2024-04-29 02:30:00,1429984.5064513967,,AGLDUSDT,839
2024-04-30 22:30:00,1435069.8512736163,3712438.0,AGLDUSDT,839
2024-05-01 18:00:00,1434567.553610593,5071632.0,AGLDUSDT,839
2024-05-03 02:30:00,1434567.5536105933,,ICPUSDT,841
2024-05-04 08:00:00,1442937.420622439,,ONTUSDT,842
2024-05-05 16:15:00,1442937.420622439,3823130.0,ICPUSDT,841
2024-05-06 16:30:00,1444601.3738235862,183247546.8,ONTUSDT,842
2024-05-07 02:30:00,1444601.3738235862,,HIGHUSDT,843
2024-05-11 03:30:00,1444601.3738235862,,API3USDT,845
2024-05-13 16:45:00,1468696.2457835807,9132637.400000004,API3USDT,845
2024-05-15 08:30:00,1468696.2457835807,,MYROUSDT,847
2024-05-19 14:45:00,1468696.2457835807,,BNXUSDT,849
2024-05-20 08:30:00,1490199.821211275,141499418.50000003,BNXUSDT,849
2024-05-21 03:00:00,1505668.6435320762,127372290.3,BNXUSDT,849
2024-05-23 08:00:00,1505668.6435320762,,ETCUSDT,851
2024-05-26 03:45:00,1514377.1530498937,29759118.090000004,ETCUSDT,851
2024-05-27 08:30:00,1514377.1530498934,,MYROUSDT,853
2024-05-28 09:00:00,1542681.748588473,289294173.0,MYROUSDT,853
2024-05-31 15:30:00,1542681.748588473,,ETHFIUSDT,855
2024-06-01 16:30:00,1542681.748588473,,1000FLOKIUSDT,856
2024-06-03 01:30:00,1542804.2396219932,693860542.0,1000FLOKIUSDT,856
2024-06-04 13:45:00,1591498.7524967252,1783477875.0,1000FLOKIUSDT,856
2024-06-04 15:30:00,1591498.752496725,,AXLUSDT,857
2024-06-06 03:00:00,1601908.26468602,21540129.79999999,AXLUSDT,857
2024-06-07 15:00:00,1620623.907968664,17917401.3,AXLUSDT,857
2024-06-08 02:30:00,1620623.9079686638,,POLYXUSDT,859
2024-06-09 04:15:00,1650167.0889330856,158739208.0,POLYXUSDT,859
2024-06-09 12:30:00,1650167.0889330856,,ORDIUSDT,860
2024-06-12 02:45:00,1650167.0889330856,,INJUSDT,861
2024-06-16 15:30:00,1650167.0889330856,,AXLUSDT,863
2024-06-19 04:15:00,1575949.9316381875,13815133.299999995,AXLUSDT,863
2024-06-20 13:00:00,1575949.9316381875,,ONDOUSDT,865
2024-06-21 15:15:00,1599851.7790795863,159322206.99999997,ONDOUSDT,865
2024-06-24 16:30:00,1599851.7790795863,,1000PEPEUSDT,867
2024-06-25 16:00:00,1599851.7790795863,,SUIUSDT,868
2024-06-28 15:30:00,1599851.7790795863,,AXLUSDT,869
2024-06-29 12:00:00,1620359.7894233617,,MEMEUSDT,870
2024-06-30 07:15:00,1620359.7894233617,26876108.999999993,AXLUSDT,869
2024-07-01 01:30:00,1678238.5768963303,758497315.0,MEMEUSDT,870
2024-07-01 19:15:00,1704690.049045477,1226733774.0,MEMEUSDT,870
2024-07-02 12:00:00,1704690.049045477,,MEMEUSDT,871
2024-07-03 12:00:00,1704690.049045477,,NMRUSDT,872
2024-07-06 00:45:00,1500872.5828032857,546467.2999999999,NMRUSDT,872
2024-07-06 07:00:00,1523375.4478139568,,EGLDUSDT,873
2024-07-06 07:45:00,1523375.4478139568,760378.9999999998,NMRUSDT,872
2024-07-07 14:30:00,1523375.4478139568,,ZROUSDT,874
2024-07-10 11:00:00,1523375.4478139568,,ZKUSDT,875
2024-07-13 01:15:00,1581038.8337577025,870364554.0,ZKUSDT,875
2024-07-14 07:00:00,1581038.8337577023,,MANAUSDT,877
2024-07-18 03:00:00,1581038.8337577023,,ALICEUSDT,879
2024-07-19 14:30:00,1580988.7134453245,227138857.69999993,ALICEUSDT,879
2024-07-19 16:30:00,1580988.7134453245,,1000FLOKIUSDT,880
2024-07-22 03:30:00,1580988.7134453245,,API3USDT,881
2024-07-23 12:00:00,1545857.672702014,,MEMEUSDT,882
2024-07-24 17:45:00,1545857.6727020137,3758870.600000001,API3USDT,881
2024-07-26 12:30:00,1545857.672702014,,BBUSDT,883
2024-07-27 14:30:00,1557398.4334516425,,PYTHUSDT,884
2024-07-27 21:00:00,1548720.675611023,77786811.0,BBUSDT,883
2024-07-28 08:00:00,1557398.4334516425,117942718.0,BBUSDT,883
2024-07-29 01:00:00,1573108.2024460274,178190686.0,PYTHUSDT,884
2024-07-30 04:15:00,1587691.8825521022,121773352.0,PYTHUSDT,884
2024-07-30 15:30:00,1587691.8825521022,,ETHFIUSDT,885
2024-07-31 02:30:00,1601709.224982421,37339760.50000001,ETHFIUSDT,885
2024-08-01 12:15:00,1577079.412123394,35450773.19999999,ETHFIUSDT,885
2024-08-01 21:15:00,1574410.182984903,50616990.000000015,ETHFIUSDT,885
2024-08-03 07:00:00,1574410.182984903,,BAKEUSDT,887
2024-08-05 07:30:00,1602231.6021131857,475037610.0,BAKEUSDT,887
2024-08-07 07:00:00,1602231.6021131857,,DYMUSDT,889
2024-08-08 14:00:00,1602231.6021131857,,1000BONKUSDT,890
2024-08-11 12:00:00,1602231.6021131857,,NMRUSDT,891
2024-08-15 04:00:00,1602231.6021131857,,GMTUSDT,893
2024-08-19 15:00:00,1602231.6021131857,,TOKENUSDT,895
2024-08-20 03:00:00,1602856.6609931292,,ALICEUSDT,896
2024-08-20 19:15:00,1622087.2013731697,2493931473.0,TOKENUSDT,895
2024-08-22 04:45:00,1602856.6609931292,3586126981.0,TOKENUSDT,895
2024-08-22 18:15:00,1617232.6809402592,17626105.900000006,ALICEUSDT,896
2024-08-23 14:30:00,1617232.680940259,,TAOUSDT,897
2024-08-25 14:30:00,1683194.1139609609,126325.963,TAOUSDT,897
2024-08-27 04:00:00,1683194.1139609609,,PEOPLEUSDT,899
2024-08-28 12:30:00,1688482.4316517902,,UMAUSDT,900
2024-08-29 00:15:00,1688482.4316517902,2867620158.0,PEOPLEUSDT,899
2024-08-29 13:00:00,1750529.9111137749,31675545.0,UMAUSDT,900
2024-08-30 18:45:00,1782960.9387197827,14303750.0,UMAUSDT,900
2024-08-31 03:30:00,1782960.9387197827,,IMXUSDT,901
2024-09-01 03:00:00,1782960.9387197827,,HOOKUSDT,902
2024-09-02 08:30:00,1787539.643683741,30485928.599999987,HOOKUSDT,902
2024-09-04 02:00:00,1781638.4755704545,32638866.90000001,HOOKUSDT,902
2024-09-04 02:30:00,1781638.4755704545,,FETUSDT,903
2024-09-06 00:15:00,1777676.9691229684,126551239.0,FETUSDT,903
2024-09-06 22:00:00,1816632.2811851916,142679688.0,FETUSDT,903
2024-09-08 16:00:00,1816632.2811851916,,SUIUSDT,905
2024-09-09 10:15:00,1823327.9609636862,663208537.5000004,SUIUSDT,905
2024-09-09 12:30:00,1836350.982812804,,BBUSDT,906
2024-09-10 18:30:00,1822408.9779259458,505213140.69999987,SUIUSDT,905
2024-09-11 13:15:00,1836350.982812804,310863812.4,SUIUSDT,905
2024-09-12 00:45:00,1790991.4005142767,79420262.0,BBUSDT,906
2024-09-12 03:30:00,1790991.4005142767,,1000XECUSDT,907
2024-09-14 23:30:00,1796447.9279403859,91678858.0,1000XECUSDT,907
2024-09-16 09:00:00,1796447.9279403859,,DOGEUSDT,909
2024-09-20 03:30:00,1796447.9279403859,,API3USDT,911
2024-09-21 13:00:00,1810249.829282588,8999452.0,API3USDT,911
2024-09-22 23:00:00,1842843.226007233,7114707.3,API3USDT,911
2024-09-24 12:30:00,1842843.226007233,,AIUSDT,913
2024-09-26 08:00:00,1865337.1662916723,55980213.0,AIUSDT,913
2024-09-26 22:45:00,1888590.2961037252,56379421.0,AIUSDT,913
2024-09-28 16:30:00,1888590.2961037252,,1000PEPEUSDT,915
2024-09-29 11:45:00,1903930.165329819,166354517989.0,1000PEPEUSDT,915
2024-09-29 17:15:00,1906530.9044383417,150178611810.0,1000PEPEUSDT,915
2024-09-30 04:00:00,1943410.6034036095,165863999467.0,1000PEPEUSDT,915
2024-09-30 13:15:00,1971630.0363696082,157345103015.0,1000PEPEUSDT,915
2024-09-30 21:00:00,1989749.9833733162,164656068459.0,1000PEPEUSDT,915
2024-10-01 03:15:00,2031780.5912004474,158227337146.0,1000PEPEUSDT,915
2024-10-02 14:30:00,2031780.5912004474,,CFXUSDT,917
2024-10-03 12:30:00,2078487.9696733216,,UMAUSDT,918
2024-10-04 16:45:00,2078487.9696733216,1301070485.0,CFXUSDT,917
2024-10-06 12:30:00,2078487.9696733216,,BBUSDT,919
2024-10-07 02:00:00,2085848.5878562336,,APTUSDT,920
2024-10-09 01:15:00,2085848.5878562338,92453883.0,BBUSDT,919
2024-10-10 02:00:00,2085848.5878562336,,BANANAUSDT,921
2024-10-14 10:30:00,2085848.5878562336,,SAGAUSDT,923
2024-10-15 08:30:00,2085848.5878562336,,MYROUSDT,924
2024-10-16 10:30:00,2046836.4508730352,524749304.0,MYROUSDT,924
2024-10-16 20:30:00,2066720.708417564,392892588.0,MYROUSDT,924
2024-10-17 12:45:00,2065222.5944839332,311130498.0,MYROUSDT,924
2024-10-18 12:30:00,2065222.5944839332,,AIUSDT,925
2024-10-19 12:30:00,2078833.0733585325,,ENAUSDT,926
2024-10-19 22:45:00,2078833.0733585327,24410478.0,AIUSDT,925
2024-10-21 05:30:00,2123113.618232571,615056290.0,ENAUSDT,926
2024-10-21 17:15:00,2122399.78095301,653798426.0,ENAUSDT,926
2024-10-22 09:00:00,2142791.95299271,,DOGEUSDT,927
2024-10-22 12:15:00,2142791.95299271,468483162.0,ENAUSDT,926
2024-10-23 06:30:00,2159235.0234500077,8025178096.0,DOGEUSDT,927
2024-10-23 19:45:00,2187411.903396953,6971676961.0,DOGEUSDT,927
2024-10-26 08:00:00,2187411.903396953,,ADAUSDT,929
2024-10-30 09:00:00,2187411.903396953,,SXPUSDT,931
2024-11-02 01:00:00,2251853.938247154,107405265.0,SXPUSDT,931
2024-11-03 12:30:00,2251853.938247154,,ORDIUSDT,933
2024-11-05 04:15:00,2293951.3834589254,5522179.799999998,ORDIUSDT,933
2024-11-07 12:30:00,2293951.3834589254,,1000CATUSDT,935
2024-11-08 05:30:00,2372738.423530078,4177793582.0,1000CATUSDT,935
2024-11-08 11:30:00,2398830.1507108444,4462803205.0,1000CATUSDT,935
2024-11-08 22:15:00,2315475.215651526,4226049197.0,1000CATUSDT,935
2024-11-09 05:45:00,2338366.7413847274,3190199156.0,1000CATUSDT,935
2024-11-09 19:00:00,2344991.068633175,2750002112.0,1000CATUSDT,935
2024-11-11 15:00:00,2344991.068633175,,TOKENUSDT,937
2024-11-12 17:45:00,2302267.1149888593,685583250.0,TOKENUSDT,937
2024-11-13 11:00:00,2113007.729902057,591117760.0,TOKENUSDT,937
2024-11-13 23:45:00,2157704.354181789,641464188.0,TOKENUSDT,937
2024-11-14 08:15:00,2192978.3167124046,585547675.0,TOKENUSDT,937
2024-11-15 09:00:00,2192978.3167124046,,ALGOUSDT,939
2024-11-16 12:30:00,2192978.3167124046,,1000CATUSDT,940
2024-11-17 08:15:00,2209636.070182914,2932412790.0,1000CATUSDT,940
2024-11-19 12:15:00,1977403.6373935433,2395183096.0,1000CATUSDT,940
2024-11-19 16:00:00,1977403.6373935433,,SUIUSDT,941
2024-11-20 15:00:00,2090759.87592455,,TOKENUSDT,942
2024-11-21 01:30:00,1982630.955564441,296433111.7,SUIUSDT,941
2024-11-21 04:45:00,2011641.3131968707,344465472.90000004,SUIUSDT,941
2024-11-21 12:15:00,2063789.2216763056,373990769.4,SUIUSDT,941
2024-11-21 12:15:00,2119411.7912523285,280200420.0,TOKENUSDT,942
2024-11-22 04:00:00,2090759.87592455,386699360.3999999,SUIUSDT,941
2024-11-22 22:00:00,2106300.327197461,215611522.0,TOKENUSDT,942
2024-11-23 13:00:00,2106300.327197461,,ONDOUSDT,943
2024-11-24 22:15:00,2178707.513373855,156952590.20000002,ONDOUSDT,943
2024-11-25 16:00:00,2213601.73901307,141741652.20000002,ONDOUSDT,943
2024-11-25 20:15:00,2234075.723493329,158706013.50000006,ONDOUSDT,943
2024-11-26 02:45:00,2254210.36214383,158304359.80000007,ONDOUSDT,943
2024-11-27 11:30:00,2254210.36214383,,CATIUSDT,945
2024-11-28 13:30:00,2305767.171076427,,KDAUSDT,946
2024-11-28 18:15:00,2280784.229479538,64949447.0,CATIUSDT,945
2024-11-29 20:30:00,2305767.171076427,87057928.0,CATIUSDT,945
2024-12-01 07:00:00,2305767.171076427,,UNIUSDT,947
2024-12-02 08:00:00,2324938.995014522,19782504.0,UNIUSDT,947
2024-12-02 10:00:00,2368493.4989812616,23400731.0,UNIUSDT,947
2024-12-02 11:30:00,2397812.9942212556,26003072.0,UNIUSDT,947
2024-12-03 15:15:00,2507593.331339679,34974795.0,UNIUSDT,947
2024-12-05 07:00:00,2507593.331339679,,ZENUSDT,949
2024-12-06 00:45:00,2546859.5730761783,2653242.0,ZENUSDT,949
2024-12-08 00:45:00,2575080.5950921737,2822130.2000000007,ZENUSDT,949
2024-12-09 12:30:00,2575080.5950921737,,PONKEUSDT,951
2024-12-10 23:30:00,2481152.1259333044,131480014.0,PONKEUSDT,951
2024-12-11 02:45:00,2524998.665840733,64550278.0,PONKEUSDT,951
2024-12-13 13:00:00,2524998.665840733,,POPCATUSDT,953
2024-12-14 10:00:00,2673418.479073355,,SCRUSDT,954
2024-12-14 17:15:00,2558711.7914047795,113375083.0,POPCATUSDT,953
2024-12-14 23:30:00,2580007.25068914,129038479.0,POPCATUSDT,953
2024-12-15 13:30:00,2693944.7497863625,69796609.0,SCRUSDT,954
2024-12-15 23:30:00,2673418.479073355,94933862.0,POPCATUSDT,953
2024-12-17 07:00:00,2693944.7497863625,,SNXUSDT,955
2024-12-21 15:00:00,2693944.7497863625,,PORTALUSDT,957
2024-12-25 12:30:00,2693944.7497863625,,1000CATUSDT,959
2024-12-26 07:00:00,2723931.982315092,,RSRUSDT,960
2024-12-26 12:30:00,2713386.011505327,1285974628.0,1000CATUSDT,959
2024-12-27 06:00:00,2759401.2442910373,11097795653.0,RSRUSDT,960
2024-12-27 17:45:00,2723931.982315092,1086426871.0,1000CATUSDT,959
2024-12-28 00:15:00,2807062.793083755,10927997365.0,RSRUSDT,960
2024-12-28 15:15:00,2859924.2535895156,9523886236.0,RSRUSDT,960
2024-12-29 07:00:00,2859924.2535895156,,RSRUSDT,961
2024-12-30 01:30:00,2892147.784385771,6560532053.0,RSRUSDT,961
2024-12-31 08:30:00,2857464.036999418,5753354806.0,RSRUSDT,961
2025-01-01 01:00:00,2913310.368035367,4699926444.0,RSRUSDT,961
2025-01-02 02:30:00,2913310.368035367,,FETUSDT,963
2025-01-03 12:30:00,2913310.368035367,,1000CATUSDT,964
2025-01-06 02:45:00,2922148.028126003,1019698241.0,1000CATUSDT,964
2025-01-06 13:30:00,2922148.028126003,,BEAMXUSDT,965
2025-01-07 08:30:00,2922148.028126003,,MYROUSDT,966
2025-01-10 04:15:00,2681035.8287869357,290805615.0,MYROUSDT,966
2025-01-10 14:30:00,2681035.8287869357,,TWTUSDT,967
2025-01-11 12:30:00,2681035.8287869357,,GUSDT,968
2025-01-13 22:15:00,2573133.4860959994,296647987.0,GUSDT,968
2025-01-14 08:00:00,2573133.4860959994,,ONTUSDT,969
2025-01-15 15:45:00,2661894.8481719205,326800531.5,ONTUSDT,969
2025-01-18 14:30:00,2661894.8481719205,,CFXUSDT,971
2025-01-19 13:00:00,2653506.6734986277,230545643.0,CFXUSDT,971
2025-01-20 05:15:00,2661716.1082969075,304614580.0,CFXUSDT,971
2025-01-21 10:15:00,2653288.9826612533,381018668.0,CFXUSDT,971
2025-01-22 07:00:00,2653288.9826612533,,RSRUSDT,973
2025-01-23 11:30:00,2692848.8950664876,,CATIUSDT,974
2025-01-23 23:30:00,2692848.8950664876,2318058481.0,RSRUSDT,973
2025-01-24 08:30:00,2766584.640962515,53689090.0,CATIUSDT,974
2025-01-26 01:15:00,2816476.07227697,36838129.0,CATIUSDT,974
2025-01-26 08:00:00,2816476.07227697,,ONTUSDT,975
2025-01-27 21:15:00,2831037.4683290636,95668482.49999996,ONTUSDT,975
2025-01-29 08:00:00,2894067.095591564,32214348.10000001,ONTUSDT,975
2025-01-30 07:30:00,2894067.095591564,,SKLUSDT,977
2025-02-03 11:30:00,2894067.095591564,,DEXEUSDT,979
2025-02-04 11:00:00,2795001.4604035243,5977312.670000002,DEXEUSDT,979
2025-02-05 03:45:00,2828744.769265636,2902232.93,DEXEUSDT,979
2025-02-05 12:45:00,2861773.84061466,2309143.050000001,DEXEUSDT,979
2025-02-06 02:15:00,2861361.767536374,2280482.05,DEXEUSDT,979
2025-02-07 15:00:00,2861361.767536374,,PORTALUSDT,981
2025-02-08 15:00:00,2906914.286672656,58208326.2,PORTALUSDT,981
2025-02-10 00:15:00,2985042.764144839,40478060.60000002,PORTALUSDT,981
2025-02-10 03:45:00,3056090.147923826,54371448.79999998,PORTALUSDT,981
2025-02-11 13:00:00,3056090.147923826,,POPCATUSDT,983
2025-02-12 13:00:00,3263790.195978009,,ARCUSDT,984
2025-02-12 17:00:00,3148705.5685645514,550023689.0,POPCATUSDT,983
2025-02-13 19:00:00,2962838.6167265424,1480428714.0,ARCUSDT,984
2025-02-13 19:15:00,3263790.1959780087,984669050.0,POPCATUSDT,983
2025-02-14 14:45:00,3012078.7063837545,1688521713.0,ARCUSDT,984
2025-02-14 23:15:00,3090539.8619083916,1093187024.0,ARCUSDT,984
2025-02-15 03:15:00,3131770.8831211356,1146231464.0,ARCUSDT,984
2025-02-15 14:00:00,3131770.883121135,,OMUSDT,985
2025-02-17 09:30:00,3174428.678341346,44042950.7,OMUSDT,985
2025-02-18 10:30:00,3202056.497770197,23545991.699999984,OMUSDT,985
2025-02-19 13:00:00,3202056.497770197,,AVAUSDT,987
2025-02-23 12:15:00,3202056.497770197,,ACTUSDT,989
2025-02-24 16:45:00,3197960.464597966,511636234.0,ACTUSDT,989
2025-02-27 14:00:00,3197960.464597966,,ZEREBROUSDT,991
2025-03-02 05:00:00,3572817.268788622,1829633231.0,ZEREBROUSDT,991
2025-03-03 13:00:00,3572817.268788622,,AVAUSDT,993
2025-03-04 03:00:00,3592511.0746812583,20551671.700000003,AVAUSDT,993
2025-03-04 14:45:00,3668138.8324537156,19342065.200000003,AVAUSDT,993
2025-03-04 17:15:00,3719341.953934614,19081480.5,AVAUSDT,993
2025-03-05 16:00:00,3754762.500174315,24854202.50000001,AVAUSDT,993
